ISO-10303-21;
HEADER;
FILE_DESCRIPTION(('KiCad electronic assembly'),'2;1');
FILE_NAME('first_proj.step','2024-10-31T15:08:10',('Pcbnew'),('Kicad'),
  'Open CASCADE STEP processor 7.6','KiCad to STEP converter','Unknown'
  );
FILE_SCHEMA(('AUTOMOTIVE_DESIGN { 1 0 10303 214 1 1 1 1 }'));
ENDSEC;
DATA;
#1 = APPLICATION_PROTOCOL_DEFINITION('international standard',
  'automotive_design',2000,#2);
#2 = APPLICATION_CONTEXT(
  'core data for automotive mechanical design processes');
#3 = SHAPE_DEFINITION_REPRESENTATION(#4,#10);
#4 = PRODUCT_DEFINITION_SHAPE('','',#5);
#5 = PRODUCT_DEFINITION('design','',#6,#9);
#6 = PRODUCT_DEFINITION_FORMATION('','',#7);
#7 = PRODUCT('first_proj 1','first_proj 1','',(#8));
#8 = PRODUCT_CONTEXT('',#2,'mechanical');
#9 = PRODUCT_DEFINITION_CONTEXT('part definition',#2,'design');
#10 = SHAPE_REPRESENTATION('',(#11,#15,#19,#23,#27,#31,#35,#39,#43,#47,
    #51,#55,#59,#63,#67,#71,#75,#79,#83,#87,#91,#95),#99);
#11 = AXIS2_PLACEMENT_3D('',#12,#13,#14);
#12 = CARTESIAN_POINT('',(0.,0.,0.));
#13 = DIRECTION('',(0.,0.,1.));
#14 = DIRECTION('',(1.,0.,-0.));
#15 = AXIS2_PLACEMENT_3D('',#16,#17,#18);
#16 = CARTESIAN_POINT('',(150.,-96.,1.65));
#17 = DIRECTION('',(0.,0.,1.));
#18 = DIRECTION('',(1.,0.,0.));
#19 = AXIS2_PLACEMENT_3D('',#20,#21,#22);
#20 = CARTESIAN_POINT('',(130.5,-103.5,1.65));
#21 = DIRECTION('',(-0.,0.,1.));
#22 = DIRECTION('',(1.110223024625E-16,-1.,0.));
#23 = AXIS2_PLACEMENT_3D('',#24,#25,#26);
#24 = CARTESIAN_POINT('',(148.5,-88.5,1.65));
#25 = DIRECTION('',(0.,-0.,1.));
#26 = DIRECTION('',(1.110223024625E-16,1.,0.));
#27 = AXIS2_PLACEMENT_3D('',#28,#29,#30);
#28 = CARTESIAN_POINT('',(129.5,-98.5,1.65));
#29 = DIRECTION('',(-0.,0.,1.));
#30 = DIRECTION('',(1.110223024625E-16,-1.,0.));
#31 = AXIS2_PLACEMENT_3D('',#32,#33,#34);
#32 = CARTESIAN_POINT('',(111.5,-96.5,1.65));
#33 = DIRECTION('',(-0.,0.,1.));
#34 = DIRECTION('',(1.110223024625E-16,-1.,0.));
#35 = AXIS2_PLACEMENT_3D('',#36,#37,#38);
#36 = CARTESIAN_POINT('',(136.3625,-92.5,1.65));
#37 = DIRECTION('',(0.,0.,1.));
#38 = DIRECTION('',(1.,0.,0.));
#39 = AXIS2_PLACEMENT_3D('',#40,#41,#42);
#40 = CARTESIAN_POINT('',(136.,-100.5,1.65));
#41 = DIRECTION('',(0.,0.,1.));
#42 = DIRECTION('',(1.,0.,0.));
#43 = AXIS2_PLACEMENT_3D('',#44,#45,#46);
#44 = CARTESIAN_POINT('',(117.5,-85.05,9.65));
#45 = DIRECTION('',(-1.359631073447E-32,1.,-1.110223024625E-16));
#46 = DIRECTION('',(-1.,0.,1.224646799147E-16));
#47 = AXIS2_PLACEMENT_3D('',#48,#49,#50);
#48 = CARTESIAN_POINT('',(122.3625,-92.99,1.65));
#49 = DIRECTION('',(0.,0.,1.));
#50 = DIRECTION('',(1.,0.,0.));
#51 = AXIS2_PLACEMENT_3D('',#52,#53,#54);
#52 = CARTESIAN_POINT('',(142.,-100.,1.65));
#53 = DIRECTION('',(0.,0.,1.));
#54 = DIRECTION('',(1.,0.,0.));
#55 = AXIS2_PLACEMENT_3D('',#56,#57,#58);
#56 = CARTESIAN_POINT('',(136.4125,-90.,1.65));
#57 = DIRECTION('',(0.,0.,1.));
#58 = DIRECTION('',(1.,0.,0.));
#59 = AXIS2_PLACEMENT_3D('',#60,#61,#62);
#60 = CARTESIAN_POINT('',(140.9125,-90.,1.65));
#61 = DIRECTION('',(0.,0.,1.));
#62 = DIRECTION('',(1.,0.,0.));
#63 = AXIS2_PLACEMENT_3D('',#64,#65,#66);
#64 = CARTESIAN_POINT('',(116.525,-93.595,1.65));
#65 = DIRECTION('',(0.,0.,1.));
#66 = DIRECTION('',(1.,0.,0.));
#67 = AXIS2_PLACEMENT_3D('',#68,#69,#70);
#68 = CARTESIAN_POINT('',(150.,-99.5,1.65));
#69 = DIRECTION('',(0.,0.,1.));
#70 = DIRECTION('',(1.,0.,0.));
#71 = AXIS2_PLACEMENT_3D('',#72,#73,#74);
#72 = CARTESIAN_POINT('',(153.5,-97.,1.65));
#73 = DIRECTION('',(0.,-0.,1.));
#74 = DIRECTION('',(1.110223024625E-16,1.,0.));
#75 = AXIS2_PLACEMENT_3D('',#76,#77,#78);
#76 = CARTESIAN_POINT('',(135.,-85.05,9.65));
#77 = DIRECTION('',(-1.359631073447E-32,1.,-1.110223024625E-16));
#78 = DIRECTION('',(-1.,0.,1.224646799147E-16));
#79 = AXIS2_PLACEMENT_3D('',#80,#81,#82);
#80 = CARTESIAN_POINT('',(114.,-103.,1.65));
#81 = DIRECTION('',(0.,0.,1.));
#82 = DIRECTION('',(1.,0.,0.));
#83 = AXIS2_PLACEMENT_3D('',#84,#85,#86);
#84 = CARTESIAN_POINT('',(129.5,-93.,1.65));
#85 = DIRECTION('',(-0.,0.,1.));
#86 = DIRECTION('',(1.110223024625E-16,-1.,0.));
#87 = AXIS2_PLACEMENT_3D('',#88,#89,#90);
#88 = CARTESIAN_POINT('',(119.5,-103.,1.65));
#89 = DIRECTION('',(0.,0.,1.));
#90 = DIRECTION('',(1.,0.,0.));
#91 = AXIS2_PLACEMENT_3D('',#92,#93,#94);
#92 = CARTESIAN_POINT('',(154.4125,-91.5,1.65));
#93 = DIRECTION('',(0.,0.,1.));
#94 = DIRECTION('',(1.,0.,0.));
#95 = AXIS2_PLACEMENT_3D('',#96,#97,#98);
#96 = CARTESIAN_POINT('',(0.,0.,0.));
#97 = DIRECTION('',(0.,0.,1.));
#98 = DIRECTION('',(1.,0.,-0.));
#99 = ( GEOMETRIC_REPRESENTATION_CONTEXT(3) 
GLOBAL_UNCERTAINTY_ASSIGNED_CONTEXT((#103)) GLOBAL_UNIT_ASSIGNED_CONTEXT
((#100,#101,#102)) REPRESENTATION_CONTEXT('Context #1',
  '3D Context with UNIT and UNCERTAINTY') );
#100 = ( LENGTH_UNIT() NAMED_UNIT(*) SI_UNIT(.MILLI.,.METRE.) );
#101 = ( NAMED_UNIT(*) PLANE_ANGLE_UNIT() SI_UNIT($,.RADIAN.) );
#102 = ( NAMED_UNIT(*) SI_UNIT($,.STERADIAN.) SOLID_ANGLE_UNIT() );
#103 = UNCERTAINTY_MEASURE_WITH_UNIT(LENGTH_MEASURE(5.E-06),#100,
  'distance_accuracy_value','confusion accuracy');
#104 = PRODUCT_RELATED_PRODUCT_CATEGORY('part',$,(#7));
#105 = SHAPE_DEFINITION_REPRESENTATION(#106,#112);
#106 = PRODUCT_DEFINITION_SHAPE('','',#107);
#107 = PRODUCT_DEFINITION('design','',#108,#111);
#108 = PRODUCT_DEFINITION_FORMATION('','',#109);
#109 = PRODUCT('C_0603_1608Metric','C_0603_1608Metric','',(#110));
#110 = PRODUCT_CONTEXT('',#2,'mechanical');
#111 = PRODUCT_DEFINITION_CONTEXT('part definition',#2,'design');
#112 = SHAPE_REPRESENTATION('',(#11,#113),#117);
#113 = AXIS2_PLACEMENT_3D('',#114,#115,#116);
#114 = CARTESIAN_POINT('',(0.,0.,0.));
#115 = DIRECTION('',(0.,0.,1.));
#116 = DIRECTION('',(1.,0.,-0.));
#117 = ( GEOMETRIC_REPRESENTATION_CONTEXT(3) 
GLOBAL_UNCERTAINTY_ASSIGNED_CONTEXT((#121)) GLOBAL_UNIT_ASSIGNED_CONTEXT
((#118,#119,#120)) REPRESENTATION_CONTEXT('Context #1',
  '3D Context with UNIT and UNCERTAINTY') );
#118 = ( LENGTH_UNIT() NAMED_UNIT(*) SI_UNIT(.MILLI.,.METRE.) );
#119 = ( NAMED_UNIT(*) PLANE_ANGLE_UNIT() SI_UNIT($,.RADIAN.) );
#120 = ( NAMED_UNIT(*) SI_UNIT($,.STERADIAN.) SOLID_ANGLE_UNIT() );
#121 = UNCERTAINTY_MEASURE_WITH_UNIT(LENGTH_MEASURE(1.E-07),#118,
  'distance_accuracy_value','confusion accuracy');
#122 = CONTEXT_DEPENDENT_SHAPE_REPRESENTATION(#123,#125);
#123 = ( REPRESENTATION_RELATIONSHIP('','',#112,#10) 
REPRESENTATION_RELATIONSHIP_WITH_TRANSFORMATION(#124) 
SHAPE_REPRESENTATION_RELATIONSHIP() );
#124 = ITEM_DEFINED_TRANSFORMATION('','',#11,#15);
#125 = PRODUCT_DEFINITION_SHAPE('Placement','Placement of an item',#126
  );
#126 = NEXT_ASSEMBLY_USAGE_OCCURRENCE('2','C4','',#5,#107,$);
#127 = PRODUCT_RELATED_PRODUCT_CATEGORY('part',$,(#109));
#128 = SHAPE_DEFINITION_REPRESENTATION(#129,#135);
#129 = PRODUCT_DEFINITION_SHAPE('','',#130);
#130 = PRODUCT_DEFINITION('design','',#131,#134);
#131 = PRODUCT_DEFINITION_FORMATION('','',#132);
#132 = PRODUCT('C_0603_1608Metric','C_0603_1608Metric','',(#133));
#133 = PRODUCT_CONTEXT('',#2,'mechanical');
#134 = PRODUCT_DEFINITION_CONTEXT('part definition',#2,'design');
#135 = ADVANCED_BREP_SHAPE_REPRESENTATION('',(#11,#136),#990);
#136 = MANIFOLD_SOLID_BREP('',#137);
#137 = CLOSED_SHELL('',(#138,#214,#245,#270,#295,#319,#343,#368,#393,
    #410,#496,#528,#552,#577,#601,#626,#650,#675,#692,#778,#809,#834,
    #859,#883,#907,#932,#957,#974));
#138 = ADVANCED_FACE('',(#139),#209,.F.);
#139 = FACE_BOUND('',#140,.F.);
#140 = EDGE_LOOP('',(#141,#151,#160,#168,#177,#185,#194,#202));
#141 = ORIENTED_EDGE('',*,*,#142,.F.);
#142 = EDGE_CURVE('',#143,#145,#147,.T.);
#143 = VERTEX_POINT('',#144);
#144 = CARTESIAN_POINT('',(-0.8,-0.4,3.E-02));
#145 = VERTEX_POINT('',#146);
#146 = CARTESIAN_POINT('',(-0.8,-0.4,0.77));
#147 = LINE('',#148,#149);
#148 = CARTESIAN_POINT('',(-0.8,-0.4,0.));
#149 = VECTOR('',#150,1.);
#150 = DIRECTION('',(0.,0.,1.));
#151 = ORIENTED_EDGE('',*,*,#152,.T.);
#152 = EDGE_CURVE('',#143,#153,#155,.T.);
#153 = VERTEX_POINT('',#154);
#154 = CARTESIAN_POINT('',(-0.8,-0.37,0.));
#155 = CIRCLE('',#156,3.E-02);
#156 = AXIS2_PLACEMENT_3D('',#157,#158,#159);
#157 = CARTESIAN_POINT('',(-0.8,-0.37,3.E-02));
#158 = DIRECTION('',(1.,0.,-0.));
#159 = DIRECTION('',(0.,0.,1.));
#160 = ORIENTED_EDGE('',*,*,#161,.T.);
#161 = EDGE_CURVE('',#153,#162,#164,.T.);
#162 = VERTEX_POINT('',#163);
#163 = CARTESIAN_POINT('',(-0.8,0.37,0.));
#164 = LINE('',#165,#166);
#165 = CARTESIAN_POINT('',(-0.8,-0.4,0.));
#166 = VECTOR('',#167,1.);
#167 = DIRECTION('',(0.,1.,0.));
#168 = ORIENTED_EDGE('',*,*,#169,.F.);
#169 = EDGE_CURVE('',#170,#162,#172,.T.);
#170 = VERTEX_POINT('',#171);
#171 = CARTESIAN_POINT('',(-0.8,0.4,3.E-02));
#172 = CIRCLE('',#173,3.E-02);
#173 = AXIS2_PLACEMENT_3D('',#174,#175,#176);
#174 = CARTESIAN_POINT('',(-0.8,0.37,3.E-02));
#175 = DIRECTION('',(-1.,0.,0.));
#176 = DIRECTION('',(0.,0.,1.));
#177 = ORIENTED_EDGE('',*,*,#178,.T.);
#178 = EDGE_CURVE('',#170,#179,#181,.T.);
#179 = VERTEX_POINT('',#180);
#180 = CARTESIAN_POINT('',(-0.8,0.4,0.77));
#181 = LINE('',#182,#183);
#182 = CARTESIAN_POINT('',(-0.8,0.4,0.));
#183 = VECTOR('',#184,1.);
#184 = DIRECTION('',(0.,0.,1.));
#185 = ORIENTED_EDGE('',*,*,#186,.T.);
#186 = EDGE_CURVE('',#179,#187,#189,.T.);
#187 = VERTEX_POINT('',#188);
#188 = CARTESIAN_POINT('',(-0.8,0.37,0.8));
#189 = CIRCLE('',#190,3.E-02);
#190 = AXIS2_PLACEMENT_3D('',#191,#192,#193);
#191 = CARTESIAN_POINT('',(-0.8,0.37,0.77));
#192 = DIRECTION('',(1.,0.,-0.));
#193 = DIRECTION('',(0.,0.,1.));
#194 = ORIENTED_EDGE('',*,*,#195,.F.);
#195 = EDGE_CURVE('',#196,#187,#198,.T.);
#196 = VERTEX_POINT('',#197);
#197 = CARTESIAN_POINT('',(-0.8,-0.37,0.8));
#198 = LINE('',#199,#200);
#199 = CARTESIAN_POINT('',(-0.8,-0.4,0.8));
#200 = VECTOR('',#201,1.);
#201 = DIRECTION('',(0.,1.,0.));
#202 = ORIENTED_EDGE('',*,*,#203,.F.);
#203 = EDGE_CURVE('',#145,#196,#204,.T.);
#204 = CIRCLE('',#205,3.E-02);
#205 = AXIS2_PLACEMENT_3D('',#206,#207,#208);
#206 = CARTESIAN_POINT('',(-0.8,-0.37,0.77));
#207 = DIRECTION('',(-1.,0.,0.));
#208 = DIRECTION('',(0.,0.,1.));
#209 = PLANE('',#210);
#210 = AXIS2_PLACEMENT_3D('',#211,#212,#213);
#211 = CARTESIAN_POINT('',(-0.8,-0.4,0.));
#212 = DIRECTION('',(1.,0.,0.));
#213 = DIRECTION('',(0.,0.,1.));
#214 = ADVANCED_FACE('',(#215),#240,.F.);
#215 = FACE_BOUND('',#216,.F.);
#216 = EDGE_LOOP('',(#217,#227,#233,#234));
#217 = ORIENTED_EDGE('',*,*,#218,.F.);
#218 = EDGE_CURVE('',#219,#221,#223,.T.);
#219 = VERTEX_POINT('',#220);
#220 = CARTESIAN_POINT('',(-0.5,-0.4,3.E-02));
#221 = VERTEX_POINT('',#222);
#222 = CARTESIAN_POINT('',(-0.5,-0.4,0.77));
#223 = LINE('',#224,#225);
#224 = CARTESIAN_POINT('',(-0.5,-0.4,0.));
#225 = VECTOR('',#226,1.);
#226 = DIRECTION('',(0.,0.,1.));
#227 = ORIENTED_EDGE('',*,*,#228,.F.);
#228 = EDGE_CURVE('',#143,#219,#229,.T.);
#229 = LINE('',#230,#231);
#230 = CARTESIAN_POINT('',(-0.8,-0.4,3.E-02));
#231 = VECTOR('',#232,1.);
#232 = DIRECTION('',(1.,0.,0.));
#233 = ORIENTED_EDGE('',*,*,#142,.T.);
#234 = ORIENTED_EDGE('',*,*,#235,.T.);
#235 = EDGE_CURVE('',#145,#221,#236,.T.);
#236 = LINE('',#237,#238);
#237 = CARTESIAN_POINT('',(-0.8,-0.4,0.77));
#238 = VECTOR('',#239,1.);
#239 = DIRECTION('',(1.,0.,0.));
#240 = PLANE('',#241);
#241 = AXIS2_PLACEMENT_3D('',#242,#243,#244);
#242 = CARTESIAN_POINT('',(-0.8,-0.4,0.));
#243 = DIRECTION('',(0.,1.,0.));
#244 = DIRECTION('',(0.,-0.,1.));
#245 = ADVANCED_FACE('',(#246),#265,.T.);
#246 = FACE_BOUND('',#247,.T.);
#247 = EDGE_LOOP('',(#248,#249,#257,#264));
#248 = ORIENTED_EDGE('',*,*,#152,.T.);
#249 = ORIENTED_EDGE('',*,*,#250,.T.);
#250 = EDGE_CURVE('',#153,#251,#253,.T.);
#251 = VERTEX_POINT('',#252);
#252 = CARTESIAN_POINT('',(-0.5,-0.37,0.));
#253 = LINE('',#254,#255);
#254 = CARTESIAN_POINT('',(-0.8,-0.37,0.));
#255 = VECTOR('',#256,1.);
#256 = DIRECTION('',(1.,0.,0.));
#257 = ORIENTED_EDGE('',*,*,#258,.F.);
#258 = EDGE_CURVE('',#219,#251,#259,.T.);
#259 = CIRCLE('',#260,3.E-02);
#260 = AXIS2_PLACEMENT_3D('',#261,#262,#263);
#261 = CARTESIAN_POINT('',(-0.5,-0.37,3.E-02));
#262 = DIRECTION('',(1.,0.,-0.));
#263 = DIRECTION('',(0.,0.,1.));
#264 = ORIENTED_EDGE('',*,*,#228,.F.);
#265 = CYLINDRICAL_SURFACE('',#266,3.E-02);
#266 = AXIS2_PLACEMENT_3D('',#267,#268,#269);
#267 = CARTESIAN_POINT('',(-0.8,-0.37,3.E-02));
#268 = DIRECTION('',(1.,0.,0.));
#269 = DIRECTION('',(0.,-1.,0.));
#270 = ADVANCED_FACE('',(#271),#290,.T.);
#271 = FACE_BOUND('',#272,.T.);
#272 = EDGE_LOOP('',(#273,#274,#283,#289));
#273 = ORIENTED_EDGE('',*,*,#235,.T.);
#274 = ORIENTED_EDGE('',*,*,#275,.T.);
#275 = EDGE_CURVE('',#221,#276,#278,.T.);
#276 = VERTEX_POINT('',#277);
#277 = CARTESIAN_POINT('',(-0.5,-0.37,0.8));
#278 = CIRCLE('',#279,3.E-02);
#279 = AXIS2_PLACEMENT_3D('',#280,#281,#282);
#280 = CARTESIAN_POINT('',(-0.5,-0.37,0.77));
#281 = DIRECTION('',(-1.,0.,0.));
#282 = DIRECTION('',(0.,0.,1.));
#283 = ORIENTED_EDGE('',*,*,#284,.F.);
#284 = EDGE_CURVE('',#196,#276,#285,.T.);
#285 = LINE('',#286,#287);
#286 = CARTESIAN_POINT('',(-0.8,-0.37,0.8));
#287 = VECTOR('',#288,1.);
#288 = DIRECTION('',(1.,0.,0.));
#289 = ORIENTED_EDGE('',*,*,#203,.F.);
#290 = CYLINDRICAL_SURFACE('',#291,3.E-02);
#291 = AXIS2_PLACEMENT_3D('',#292,#293,#294);
#292 = CARTESIAN_POINT('',(-0.8,-0.37,0.77));
#293 = DIRECTION('',(1.,0.,0.));
#294 = DIRECTION('',(0.,-1.,0.));
#295 = ADVANCED_FACE('',(#296),#314,.F.);
#296 = FACE_BOUND('',#297,.F.);
#297 = EDGE_LOOP('',(#298,#299,#300,#308));
#298 = ORIENTED_EDGE('',*,*,#161,.F.);
#299 = ORIENTED_EDGE('',*,*,#250,.T.);
#300 = ORIENTED_EDGE('',*,*,#301,.T.);
#301 = EDGE_CURVE('',#251,#302,#304,.T.);
#302 = VERTEX_POINT('',#303);
#303 = CARTESIAN_POINT('',(-0.5,0.37,0.));
#304 = LINE('',#305,#306);
#305 = CARTESIAN_POINT('',(-0.5,-0.4,0.));
#306 = VECTOR('',#307,1.);
#307 = DIRECTION('',(0.,1.,0.));
#308 = ORIENTED_EDGE('',*,*,#309,.F.);
#309 = EDGE_CURVE('',#162,#302,#310,.T.);
#310 = LINE('',#311,#312);
#311 = CARTESIAN_POINT('',(-0.8,0.37,0.));
#312 = VECTOR('',#313,1.);
#313 = DIRECTION('',(1.,0.,0.));
#314 = PLANE('',#315);
#315 = AXIS2_PLACEMENT_3D('',#316,#317,#318);
#316 = CARTESIAN_POINT('',(-0.8,-0.4,0.));
#317 = DIRECTION('',(0.,0.,1.));
#318 = DIRECTION('',(1.,0.,-0.));
#319 = ADVANCED_FACE('',(#320),#338,.T.);
#320 = FACE_BOUND('',#321,.T.);
#321 = EDGE_LOOP('',(#322,#323,#324,#332));
#322 = ORIENTED_EDGE('',*,*,#195,.F.);
#323 = ORIENTED_EDGE('',*,*,#284,.T.);
#324 = ORIENTED_EDGE('',*,*,#325,.T.);
#325 = EDGE_CURVE('',#276,#326,#328,.T.);
#326 = VERTEX_POINT('',#327);
#327 = CARTESIAN_POINT('',(-0.5,0.37,0.8));
#328 = LINE('',#329,#330);
#329 = CARTESIAN_POINT('',(-0.5,-0.4,0.8));
#330 = VECTOR('',#331,1.);
#331 = DIRECTION('',(0.,1.,0.));
#332 = ORIENTED_EDGE('',*,*,#333,.F.);
#333 = EDGE_CURVE('',#187,#326,#334,.T.);
#334 = LINE('',#335,#336);
#335 = CARTESIAN_POINT('',(-0.8,0.37,0.8));
#336 = VECTOR('',#337,1.);
#337 = DIRECTION('',(1.,0.,0.));
#338 = PLANE('',#339);
#339 = AXIS2_PLACEMENT_3D('',#340,#341,#342);
#340 = CARTESIAN_POINT('',(-0.8,-0.4,0.8));
#341 = DIRECTION('',(0.,0.,1.));
#342 = DIRECTION('',(1.,0.,-0.));
#343 = ADVANCED_FACE('',(#344),#363,.T.);
#344 = FACE_BOUND('',#345,.T.);
#345 = EDGE_LOOP('',(#346,#354,#361,#362));
#346 = ORIENTED_EDGE('',*,*,#347,.T.);
#347 = EDGE_CURVE('',#170,#348,#350,.T.);
#348 = VERTEX_POINT('',#349);
#349 = CARTESIAN_POINT('',(-0.5,0.4,3.E-02));
#350 = LINE('',#351,#352);
#351 = CARTESIAN_POINT('',(-0.8,0.4,3.E-02));
#352 = VECTOR('',#353,1.);
#353 = DIRECTION('',(1.,0.,0.));
#354 = ORIENTED_EDGE('',*,*,#355,.T.);
#355 = EDGE_CURVE('',#348,#302,#356,.T.);
#356 = CIRCLE('',#357,3.E-02);
#357 = AXIS2_PLACEMENT_3D('',#358,#359,#360);
#358 = CARTESIAN_POINT('',(-0.5,0.37,3.E-02));
#359 = DIRECTION('',(-1.,0.,0.));
#360 = DIRECTION('',(0.,0.,1.));
#361 = ORIENTED_EDGE('',*,*,#309,.F.);
#362 = ORIENTED_EDGE('',*,*,#169,.F.);
#363 = CYLINDRICAL_SURFACE('',#364,3.E-02);
#364 = AXIS2_PLACEMENT_3D('',#365,#366,#367);
#365 = CARTESIAN_POINT('',(-0.8,0.37,3.E-02));
#366 = DIRECTION('',(1.,0.,0.));
#367 = DIRECTION('',(-0.,1.,0.));
#368 = ADVANCED_FACE('',(#369),#388,.T.);
#369 = FACE_BOUND('',#370,.T.);
#370 = EDGE_LOOP('',(#371,#372,#373,#382));
#371 = ORIENTED_EDGE('',*,*,#186,.T.);
#372 = ORIENTED_EDGE('',*,*,#333,.T.);
#373 = ORIENTED_EDGE('',*,*,#374,.F.);
#374 = EDGE_CURVE('',#375,#326,#377,.T.);
#375 = VERTEX_POINT('',#376);
#376 = CARTESIAN_POINT('',(-0.5,0.4,0.77));
#377 = CIRCLE('',#378,3.E-02);
#378 = AXIS2_PLACEMENT_3D('',#379,#380,#381);
#379 = CARTESIAN_POINT('',(-0.5,0.37,0.77));
#380 = DIRECTION('',(1.,0.,-0.));
#381 = DIRECTION('',(0.,0.,1.));
#382 = ORIENTED_EDGE('',*,*,#383,.F.);
#383 = EDGE_CURVE('',#179,#375,#384,.T.);
#384 = LINE('',#385,#386);
#385 = CARTESIAN_POINT('',(-0.8,0.4,0.77));
#386 = VECTOR('',#387,1.);
#387 = DIRECTION('',(1.,0.,0.));
#388 = CYLINDRICAL_SURFACE('',#389,3.E-02);
#389 = AXIS2_PLACEMENT_3D('',#390,#391,#392);
#390 = CARTESIAN_POINT('',(-0.8,0.37,0.77));
#391 = DIRECTION('',(1.,0.,0.));
#392 = DIRECTION('',(-0.,1.,0.));
#393 = ADVANCED_FACE('',(#394),#405,.T.);
#394 = FACE_BOUND('',#395,.T.);
#395 = EDGE_LOOP('',(#396,#402,#403,#404));
#396 = ORIENTED_EDGE('',*,*,#397,.F.);
#397 = EDGE_CURVE('',#348,#375,#398,.T.);
#398 = LINE('',#399,#400);
#399 = CARTESIAN_POINT('',(-0.5,0.4,0.));
#400 = VECTOR('',#401,1.);
#401 = DIRECTION('',(0.,0.,1.));
#402 = ORIENTED_EDGE('',*,*,#347,.F.);
#403 = ORIENTED_EDGE('',*,*,#178,.T.);
#404 = ORIENTED_EDGE('',*,*,#383,.T.);
#405 = PLANE('',#406);
#406 = AXIS2_PLACEMENT_3D('',#407,#408,#409);
#407 = CARTESIAN_POINT('',(-0.8,0.4,0.));
#408 = DIRECTION('',(0.,1.,0.));
#409 = DIRECTION('',(0.,-0.,1.));
#410 = ADVANCED_FACE('',(#411,#421),#491,.T.);
#411 = FACE_BOUND('',#412,.T.);
#412 = EDGE_LOOP('',(#413,#414,#415,#416,#417,#418,#419,#420));
#413 = ORIENTED_EDGE('',*,*,#218,.F.);
#414 = ORIENTED_EDGE('',*,*,#258,.T.);
#415 = ORIENTED_EDGE('',*,*,#301,.T.);
#416 = ORIENTED_EDGE('',*,*,#355,.F.);
#417 = ORIENTED_EDGE('',*,*,#397,.T.);
#418 = ORIENTED_EDGE('',*,*,#374,.T.);
#419 = ORIENTED_EDGE('',*,*,#325,.F.);
#420 = ORIENTED_EDGE('',*,*,#275,.F.);
#421 = FACE_BOUND('',#422,.T.);
#422 = EDGE_LOOP('',(#423,#434,#442,#451,#459,#468,#476,#485));
#423 = ORIENTED_EDGE('',*,*,#424,.F.);
#424 = EDGE_CURVE('',#425,#427,#429,.T.);
#425 = VERTEX_POINT('',#426);
#426 = CARTESIAN_POINT('',(-0.5,-0.37,6.E-02));
#427 = VERTEX_POINT('',#428);
#428 = CARTESIAN_POINT('',(-0.5,-0.34,3.E-02));
#429 = CIRCLE('',#430,3.E-02);
#430 = AXIS2_PLACEMENT_3D('',#431,#432,#433);
#431 = CARTESIAN_POINT('',(-0.5,-0.34,6.E-02));
#432 = DIRECTION('',(1.,0.,-0.));
#433 = DIRECTION('',(0.,0.,1.));
#434 = ORIENTED_EDGE('',*,*,#435,.T.);
#435 = EDGE_CURVE('',#425,#436,#438,.T.);
#436 = VERTEX_POINT('',#437);
#437 = CARTESIAN_POINT('',(-0.5,-0.37,0.74));
#438 = LINE('',#439,#440);
#439 = CARTESIAN_POINT('',(-0.5,-0.37,3.E-02));
#440 = VECTOR('',#441,1.);
#441 = DIRECTION('',(0.,0.,1.));
#442 = ORIENTED_EDGE('',*,*,#443,.T.);
#443 = EDGE_CURVE('',#436,#444,#446,.T.);
#444 = VERTEX_POINT('',#445);
#445 = CARTESIAN_POINT('',(-0.5,-0.34,0.77));
#446 = CIRCLE('',#447,3.E-02);
#447 = AXIS2_PLACEMENT_3D('',#448,#449,#450);
#448 = CARTESIAN_POINT('',(-0.5,-0.34,0.74));
#449 = DIRECTION('',(-1.,0.,0.));
#450 = DIRECTION('',(0.,0.,1.));
#451 = ORIENTED_EDGE('',*,*,#452,.T.);
#452 = EDGE_CURVE('',#444,#453,#455,.T.);
#453 = VERTEX_POINT('',#454);
#454 = CARTESIAN_POINT('',(-0.5,0.34,0.77));
#455 = LINE('',#456,#457);
#456 = CARTESIAN_POINT('',(-0.5,-0.37,0.77));
#457 = VECTOR('',#458,1.);
#458 = DIRECTION('',(0.,1.,0.));
#459 = ORIENTED_EDGE('',*,*,#460,.F.);
#460 = EDGE_CURVE('',#461,#453,#463,.T.);
#461 = VERTEX_POINT('',#462);
#462 = CARTESIAN_POINT('',(-0.5,0.37,0.74));
#463 = CIRCLE('',#464,3.E-02);
#464 = AXIS2_PLACEMENT_3D('',#465,#466,#467);
#465 = CARTESIAN_POINT('',(-0.5,0.34,0.74));
#466 = DIRECTION('',(1.,0.,-0.));
#467 = DIRECTION('',(0.,0.,1.));
#468 = ORIENTED_EDGE('',*,*,#469,.F.);
#469 = EDGE_CURVE('',#470,#461,#472,.T.);
#470 = VERTEX_POINT('',#471);
#471 = CARTESIAN_POINT('',(-0.5,0.37,6.E-02));
#472 = LINE('',#473,#474);
#473 = CARTESIAN_POINT('',(-0.5,0.37,3.E-02));
#474 = VECTOR('',#475,1.);
#475 = DIRECTION('',(0.,0.,1.));
#476 = ORIENTED_EDGE('',*,*,#477,.T.);
#477 = EDGE_CURVE('',#470,#478,#480,.T.);
#478 = VERTEX_POINT('',#479);
#479 = CARTESIAN_POINT('',(-0.5,0.34,3.E-02));
#480 = CIRCLE('',#481,3.E-02);
#481 = AXIS2_PLACEMENT_3D('',#482,#483,#484);
#482 = CARTESIAN_POINT('',(-0.5,0.34,6.E-02));
#483 = DIRECTION('',(-1.,0.,0.));
#484 = DIRECTION('',(0.,0.,1.));
#485 = ORIENTED_EDGE('',*,*,#486,.F.);
#486 = EDGE_CURVE('',#427,#478,#487,.T.);
#487 = LINE('',#488,#489);
#488 = CARTESIAN_POINT('',(-0.5,-0.37,3.E-02));
#489 = VECTOR('',#490,1.);
#490 = DIRECTION('',(0.,1.,0.));
#491 = PLANE('',#492);
#492 = AXIS2_PLACEMENT_3D('',#493,#494,#495);
#493 = CARTESIAN_POINT('',(-0.5,-0.4,0.));
#494 = DIRECTION('',(1.,0.,0.));
#495 = DIRECTION('',(0.,0.,1.));
#496 = ADVANCED_FACE('',(#497),#523,.T.);
#497 = FACE_BOUND('',#498,.T.);
#498 = EDGE_LOOP('',(#499,#500,#508,#517));
#499 = ORIENTED_EDGE('',*,*,#424,.T.);
#500 = ORIENTED_EDGE('',*,*,#501,.T.);
#501 = EDGE_CURVE('',#427,#502,#504,.T.);
#502 = VERTEX_POINT('',#503);
#503 = CARTESIAN_POINT('',(0.5,-0.34,3.E-02));
#504 = LINE('',#505,#506);
#505 = CARTESIAN_POINT('',(-0.5,-0.34,3.E-02));
#506 = VECTOR('',#507,1.);
#507 = DIRECTION('',(1.,0.,0.));
#508 = ORIENTED_EDGE('',*,*,#509,.F.);
#509 = EDGE_CURVE('',#510,#502,#512,.T.);
#510 = VERTEX_POINT('',#511);
#511 = CARTESIAN_POINT('',(0.5,-0.37,6.E-02));
#512 = CIRCLE('',#513,3.E-02);
#513 = AXIS2_PLACEMENT_3D('',#514,#515,#516);
#514 = CARTESIAN_POINT('',(0.5,-0.34,6.E-02));
#515 = DIRECTION('',(1.,0.,-0.));
#516 = DIRECTION('',(0.,0.,1.));
#517 = ORIENTED_EDGE('',*,*,#518,.F.);
#518 = EDGE_CURVE('',#425,#510,#519,.T.);
#519 = LINE('',#520,#521);
#520 = CARTESIAN_POINT('',(-0.5,-0.37,6.E-02));
#521 = VECTOR('',#522,1.);
#522 = DIRECTION('',(1.,0.,0.));
#523 = CYLINDRICAL_SURFACE('',#524,3.E-02);
#524 = AXIS2_PLACEMENT_3D('',#525,#526,#527);
#525 = CARTESIAN_POINT('',(-0.5,-0.34,6.E-02));
#526 = DIRECTION('',(1.,0.,0.));
#527 = DIRECTION('',(0.,-1.,0.));
#528 = ADVANCED_FACE('',(#529),#547,.F.);
#529 = FACE_BOUND('',#530,.F.);
#530 = EDGE_LOOP('',(#531,#532,#533,#541));
#531 = ORIENTED_EDGE('',*,*,#486,.F.);
#532 = ORIENTED_EDGE('',*,*,#501,.T.);
#533 = ORIENTED_EDGE('',*,*,#534,.T.);
#534 = EDGE_CURVE('',#502,#535,#537,.T.);
#535 = VERTEX_POINT('',#536);
#536 = CARTESIAN_POINT('',(0.5,0.34,3.E-02));
#537 = LINE('',#538,#539);
#538 = CARTESIAN_POINT('',(0.5,-0.37,3.E-02));
#539 = VECTOR('',#540,1.);
#540 = DIRECTION('',(0.,1.,0.));
#541 = ORIENTED_EDGE('',*,*,#542,.F.);
#542 = EDGE_CURVE('',#478,#535,#543,.T.);
#543 = LINE('',#544,#545);
#544 = CARTESIAN_POINT('',(-0.5,0.34,3.E-02));
#545 = VECTOR('',#546,1.);
#546 = DIRECTION('',(1.,0.,0.));
#547 = PLANE('',#548);
#548 = AXIS2_PLACEMENT_3D('',#549,#550,#551);
#549 = CARTESIAN_POINT('',(-0.5,-0.37,3.E-02));
#550 = DIRECTION('',(0.,0.,1.));
#551 = DIRECTION('',(1.,0.,-0.));
#552 = ADVANCED_FACE('',(#553),#572,.T.);
#553 = FACE_BOUND('',#554,.T.);
#554 = EDGE_LOOP('',(#555,#563,#570,#571));
#555 = ORIENTED_EDGE('',*,*,#556,.T.);
#556 = EDGE_CURVE('',#470,#557,#559,.T.);
#557 = VERTEX_POINT('',#558);
#558 = CARTESIAN_POINT('',(0.5,0.37,6.E-02));
#559 = LINE('',#560,#561);
#560 = CARTESIAN_POINT('',(-0.5,0.37,6.E-02));
#561 = VECTOR('',#562,1.);
#562 = DIRECTION('',(1.,0.,0.));
#563 = ORIENTED_EDGE('',*,*,#564,.T.);
#564 = EDGE_CURVE('',#557,#535,#565,.T.);
#565 = CIRCLE('',#566,3.E-02);
#566 = AXIS2_PLACEMENT_3D('',#567,#568,#569);
#567 = CARTESIAN_POINT('',(0.5,0.34,6.E-02));
#568 = DIRECTION('',(-1.,0.,0.));
#569 = DIRECTION('',(0.,0.,1.));
#570 = ORIENTED_EDGE('',*,*,#542,.F.);
#571 = ORIENTED_EDGE('',*,*,#477,.F.);
#572 = CYLINDRICAL_SURFACE('',#573,3.E-02);
#573 = AXIS2_PLACEMENT_3D('',#574,#575,#576);
#574 = CARTESIAN_POINT('',(-0.5,0.34,6.E-02));
#575 = DIRECTION('',(1.,0.,0.));
#576 = DIRECTION('',(-0.,1.,0.));
#577 = ADVANCED_FACE('',(#578),#596,.T.);
#578 = FACE_BOUND('',#579,.T.);
#579 = EDGE_LOOP('',(#580,#588,#589,#590));
#580 = ORIENTED_EDGE('',*,*,#581,.F.);
#581 = EDGE_CURVE('',#557,#582,#584,.T.);
#582 = VERTEX_POINT('',#583);
#583 = CARTESIAN_POINT('',(0.5,0.37,0.74));
#584 = LINE('',#585,#586);
#585 = CARTESIAN_POINT('',(0.5,0.37,3.E-02));
#586 = VECTOR('',#587,1.);
#587 = DIRECTION('',(0.,0.,1.));
#588 = ORIENTED_EDGE('',*,*,#556,.F.);
#589 = ORIENTED_EDGE('',*,*,#469,.T.);
#590 = ORIENTED_EDGE('',*,*,#591,.T.);
#591 = EDGE_CURVE('',#461,#582,#592,.T.);
#592 = LINE('',#593,#594);
#593 = CARTESIAN_POINT('',(-0.5,0.37,0.74));
#594 = VECTOR('',#595,1.);
#595 = DIRECTION('',(1.,0.,0.));
#596 = PLANE('',#597);
#597 = AXIS2_PLACEMENT_3D('',#598,#599,#600);
#598 = CARTESIAN_POINT('',(-0.5,0.37,3.E-02));
#599 = DIRECTION('',(0.,1.,0.));
#600 = DIRECTION('',(0.,-0.,1.));
#601 = ADVANCED_FACE('',(#602),#621,.T.);
#602 = FACE_BOUND('',#603,.T.);
#603 = EDGE_LOOP('',(#604,#605,#613,#620));
#604 = ORIENTED_EDGE('',*,*,#460,.T.);
#605 = ORIENTED_EDGE('',*,*,#606,.T.);
#606 = EDGE_CURVE('',#453,#607,#609,.T.);
#607 = VERTEX_POINT('',#608);
#608 = CARTESIAN_POINT('',(0.5,0.34,0.77));
#609 = LINE('',#610,#611);
#610 = CARTESIAN_POINT('',(-0.5,0.34,0.77));
#611 = VECTOR('',#612,1.);
#612 = DIRECTION('',(1.,0.,0.));
#613 = ORIENTED_EDGE('',*,*,#614,.F.);
#614 = EDGE_CURVE('',#582,#607,#615,.T.);
#615 = CIRCLE('',#616,3.E-02);
#616 = AXIS2_PLACEMENT_3D('',#617,#618,#619);
#617 = CARTESIAN_POINT('',(0.5,0.34,0.74));
#618 = DIRECTION('',(1.,0.,-0.));
#619 = DIRECTION('',(0.,0.,1.));
#620 = ORIENTED_EDGE('',*,*,#591,.F.);
#621 = CYLINDRICAL_SURFACE('',#622,3.E-02);
#622 = AXIS2_PLACEMENT_3D('',#623,#624,#625);
#623 = CARTESIAN_POINT('',(-0.5,0.34,0.74));
#624 = DIRECTION('',(1.,0.,0.));
#625 = DIRECTION('',(-0.,1.,0.));
#626 = ADVANCED_FACE('',(#627),#645,.T.);
#627 = FACE_BOUND('',#628,.T.);
#628 = EDGE_LOOP('',(#629,#630,#638,#644));
#629 = ORIENTED_EDGE('',*,*,#452,.F.);
#630 = ORIENTED_EDGE('',*,*,#631,.T.);
#631 = EDGE_CURVE('',#444,#632,#634,.T.);
#632 = VERTEX_POINT('',#633);
#633 = CARTESIAN_POINT('',(0.5,-0.34,0.77));
#634 = LINE('',#635,#636);
#635 = CARTESIAN_POINT('',(-0.5,-0.34,0.77));
#636 = VECTOR('',#637,1.);
#637 = DIRECTION('',(1.,0.,0.));
#638 = ORIENTED_EDGE('',*,*,#639,.T.);
#639 = EDGE_CURVE('',#632,#607,#640,.T.);
#640 = LINE('',#641,#642);
#641 = CARTESIAN_POINT('',(0.5,-0.37,0.77));
#642 = VECTOR('',#643,1.);
#643 = DIRECTION('',(0.,1.,0.));
#644 = ORIENTED_EDGE('',*,*,#606,.F.);
#645 = PLANE('',#646);
#646 = AXIS2_PLACEMENT_3D('',#647,#648,#649);
#647 = CARTESIAN_POINT('',(-0.5,-0.37,0.77));
#648 = DIRECTION('',(0.,0.,1.));
#649 = DIRECTION('',(1.,0.,-0.));
#650 = ADVANCED_FACE('',(#651),#670,.T.);
#651 = FACE_BOUND('',#652,.T.);
#652 = EDGE_LOOP('',(#653,#661,#668,#669));
#653 = ORIENTED_EDGE('',*,*,#654,.T.);
#654 = EDGE_CURVE('',#436,#655,#657,.T.);
#655 = VERTEX_POINT('',#656);
#656 = CARTESIAN_POINT('',(0.5,-0.37,0.74));
#657 = LINE('',#658,#659);
#658 = CARTESIAN_POINT('',(-0.5,-0.37,0.74));
#659 = VECTOR('',#660,1.);
#660 = DIRECTION('',(1.,0.,0.));
#661 = ORIENTED_EDGE('',*,*,#662,.T.);
#662 = EDGE_CURVE('',#655,#632,#663,.T.);
#663 = CIRCLE('',#664,3.E-02);
#664 = AXIS2_PLACEMENT_3D('',#665,#666,#667);
#665 = CARTESIAN_POINT('',(0.5,-0.34,0.74));
#666 = DIRECTION('',(-1.,0.,0.));
#667 = DIRECTION('',(0.,0.,1.));
#668 = ORIENTED_EDGE('',*,*,#631,.F.);
#669 = ORIENTED_EDGE('',*,*,#443,.F.);
#670 = CYLINDRICAL_SURFACE('',#671,3.E-02);
#671 = AXIS2_PLACEMENT_3D('',#672,#673,#674);
#672 = CARTESIAN_POINT('',(-0.5,-0.34,0.74));
#673 = DIRECTION('',(1.,0.,0.));
#674 = DIRECTION('',(0.,-1.,0.));
#675 = ADVANCED_FACE('',(#676),#687,.F.);
#676 = FACE_BOUND('',#677,.F.);
#677 = EDGE_LOOP('',(#678,#684,#685,#686));
#678 = ORIENTED_EDGE('',*,*,#679,.F.);
#679 = EDGE_CURVE('',#510,#655,#680,.T.);
#680 = LINE('',#681,#682);
#681 = CARTESIAN_POINT('',(0.5,-0.37,3.E-02));
#682 = VECTOR('',#683,1.);
#683 = DIRECTION('',(0.,0.,1.));
#684 = ORIENTED_EDGE('',*,*,#518,.F.);
#685 = ORIENTED_EDGE('',*,*,#435,.T.);
#686 = ORIENTED_EDGE('',*,*,#654,.T.);
#687 = PLANE('',#688);
#688 = AXIS2_PLACEMENT_3D('',#689,#690,#691);
#689 = CARTESIAN_POINT('',(-0.5,-0.37,3.E-02));
#690 = DIRECTION('',(0.,1.,0.));
#691 = DIRECTION('',(0.,-0.,1.));
#692 = ADVANCED_FACE('',(#693,#763),#773,.F.);
#693 = FACE_BOUND('',#694,.F.);
#694 = EDGE_LOOP('',(#695,#705,#714,#722,#731,#739,#748,#756));
#695 = ORIENTED_EDGE('',*,*,#696,.F.);
#696 = EDGE_CURVE('',#697,#699,#701,.T.);
#697 = VERTEX_POINT('',#698);
#698 = CARTESIAN_POINT('',(0.5,-0.4,3.E-02));
#699 = VERTEX_POINT('',#700);
#700 = CARTESIAN_POINT('',(0.5,-0.4,0.77));
#701 = LINE('',#702,#703);
#702 = CARTESIAN_POINT('',(0.5,-0.4,0.));
#703 = VECTOR('',#704,1.);
#704 = DIRECTION('',(0.,0.,1.));
#705 = ORIENTED_EDGE('',*,*,#706,.T.);
#706 = EDGE_CURVE('',#697,#707,#709,.T.);
#707 = VERTEX_POINT('',#708);
#708 = CARTESIAN_POINT('',(0.5,-0.37,0.));
#709 = CIRCLE('',#710,3.E-02);
#710 = AXIS2_PLACEMENT_3D('',#711,#712,#713);
#711 = CARTESIAN_POINT('',(0.5,-0.37,3.E-02));
#712 = DIRECTION('',(1.,0.,-0.));
#713 = DIRECTION('',(0.,0.,1.));
#714 = ORIENTED_EDGE('',*,*,#715,.T.);
#715 = EDGE_CURVE('',#707,#716,#718,.T.);
#716 = VERTEX_POINT('',#717);
#717 = CARTESIAN_POINT('',(0.5,0.37,0.));
#718 = LINE('',#719,#720);
#719 = CARTESIAN_POINT('',(0.5,-0.4,0.));
#720 = VECTOR('',#721,1.);
#721 = DIRECTION('',(0.,1.,0.));
#722 = ORIENTED_EDGE('',*,*,#723,.F.);
#723 = EDGE_CURVE('',#724,#716,#726,.T.);
#724 = VERTEX_POINT('',#725);
#725 = CARTESIAN_POINT('',(0.5,0.4,3.E-02));
#726 = CIRCLE('',#727,3.E-02);
#727 = AXIS2_PLACEMENT_3D('',#728,#729,#730);
#728 = CARTESIAN_POINT('',(0.5,0.37,3.E-02));
#729 = DIRECTION('',(-1.,0.,0.));
#730 = DIRECTION('',(0.,0.,1.));
#731 = ORIENTED_EDGE('',*,*,#732,.T.);
#732 = EDGE_CURVE('',#724,#733,#735,.T.);
#733 = VERTEX_POINT('',#734);
#734 = CARTESIAN_POINT('',(0.5,0.4,0.77));
#735 = LINE('',#736,#737);
#736 = CARTESIAN_POINT('',(0.5,0.4,0.));
#737 = VECTOR('',#738,1.);
#738 = DIRECTION('',(0.,0.,1.));
#739 = ORIENTED_EDGE('',*,*,#740,.T.);
#740 = EDGE_CURVE('',#733,#741,#743,.T.);
#741 = VERTEX_POINT('',#742);
#742 = CARTESIAN_POINT('',(0.5,0.37,0.8));
#743 = CIRCLE('',#744,3.E-02);
#744 = AXIS2_PLACEMENT_3D('',#745,#746,#747);
#745 = CARTESIAN_POINT('',(0.5,0.37,0.77));
#746 = DIRECTION('',(1.,0.,-0.));
#747 = DIRECTION('',(0.,0.,1.));
#748 = ORIENTED_EDGE('',*,*,#749,.F.);
#749 = EDGE_CURVE('',#750,#741,#752,.T.);
#750 = VERTEX_POINT('',#751);
#751 = CARTESIAN_POINT('',(0.5,-0.37,0.8));
#752 = LINE('',#753,#754);
#753 = CARTESIAN_POINT('',(0.5,-0.4,0.8));
#754 = VECTOR('',#755,1.);
#755 = DIRECTION('',(0.,1.,0.));
#756 = ORIENTED_EDGE('',*,*,#757,.F.);
#757 = EDGE_CURVE('',#699,#750,#758,.T.);
#758 = CIRCLE('',#759,3.E-02);
#759 = AXIS2_PLACEMENT_3D('',#760,#761,#762);
#760 = CARTESIAN_POINT('',(0.5,-0.37,0.77));
#761 = DIRECTION('',(-1.,0.,0.));
#762 = DIRECTION('',(0.,0.,1.));
#763 = FACE_BOUND('',#764,.F.);
#764 = EDGE_LOOP('',(#765,#766,#767,#768,#769,#770,#771,#772));
#765 = ORIENTED_EDGE('',*,*,#509,.F.);
#766 = ORIENTED_EDGE('',*,*,#679,.T.);
#767 = ORIENTED_EDGE('',*,*,#662,.T.);
#768 = ORIENTED_EDGE('',*,*,#639,.T.);
#769 = ORIENTED_EDGE('',*,*,#614,.F.);
#770 = ORIENTED_EDGE('',*,*,#581,.F.);
#771 = ORIENTED_EDGE('',*,*,#564,.T.);
#772 = ORIENTED_EDGE('',*,*,#534,.F.);
#773 = PLANE('',#774);
#774 = AXIS2_PLACEMENT_3D('',#775,#776,#777);
#775 = CARTESIAN_POINT('',(0.5,-0.4,0.));
#776 = DIRECTION('',(1.,0.,0.));
#777 = DIRECTION('',(0.,0.,1.));
#778 = ADVANCED_FACE('',(#779),#804,.F.);
#779 = FACE_BOUND('',#780,.F.);
#780 = EDGE_LOOP('',(#781,#791,#797,#798));
#781 = ORIENTED_EDGE('',*,*,#782,.F.);
#782 = EDGE_CURVE('',#783,#785,#787,.T.);
#783 = VERTEX_POINT('',#784);
#784 = CARTESIAN_POINT('',(0.8,-0.4,3.E-02));
#785 = VERTEX_POINT('',#786);
#786 = CARTESIAN_POINT('',(0.8,-0.4,0.77));
#787 = LINE('',#788,#789);
#788 = CARTESIAN_POINT('',(0.8,-0.4,0.));
#789 = VECTOR('',#790,1.);
#790 = DIRECTION('',(0.,0.,1.));
#791 = ORIENTED_EDGE('',*,*,#792,.F.);
#792 = EDGE_CURVE('',#697,#783,#793,.T.);
#793 = LINE('',#794,#795);
#794 = CARTESIAN_POINT('',(0.5,-0.4,3.E-02));
#795 = VECTOR('',#796,1.);
#796 = DIRECTION('',(1.,0.,0.));
#797 = ORIENTED_EDGE('',*,*,#696,.T.);
#798 = ORIENTED_EDGE('',*,*,#799,.T.);
#799 = EDGE_CURVE('',#699,#785,#800,.T.);
#800 = LINE('',#801,#802);
#801 = CARTESIAN_POINT('',(0.5,-0.4,0.77));
#802 = VECTOR('',#803,1.);
#803 = DIRECTION('',(1.,0.,0.));
#804 = PLANE('',#805);
#805 = AXIS2_PLACEMENT_3D('',#806,#807,#808);
#806 = CARTESIAN_POINT('',(0.5,-0.4,0.));
#807 = DIRECTION('',(0.,1.,0.));
#808 = DIRECTION('',(0.,-0.,1.));
#809 = ADVANCED_FACE('',(#810),#829,.T.);
#810 = FACE_BOUND('',#811,.T.);
#811 = EDGE_LOOP('',(#812,#813,#821,#828));
#812 = ORIENTED_EDGE('',*,*,#706,.T.);
#813 = ORIENTED_EDGE('',*,*,#814,.T.);
#814 = EDGE_CURVE('',#707,#815,#817,.T.);
#815 = VERTEX_POINT('',#816);
#816 = CARTESIAN_POINT('',(0.8,-0.37,0.));
#817 = LINE('',#818,#819);
#818 = CARTESIAN_POINT('',(0.5,-0.37,0.));
#819 = VECTOR('',#820,1.);
#820 = DIRECTION('',(1.,0.,0.));
#821 = ORIENTED_EDGE('',*,*,#822,.F.);
#822 = EDGE_CURVE('',#783,#815,#823,.T.);
#823 = CIRCLE('',#824,3.E-02);
#824 = AXIS2_PLACEMENT_3D('',#825,#826,#827);
#825 = CARTESIAN_POINT('',(0.8,-0.37,3.E-02));
#826 = DIRECTION('',(1.,0.,-0.));
#827 = DIRECTION('',(0.,0.,1.));
#828 = ORIENTED_EDGE('',*,*,#792,.F.);
#829 = CYLINDRICAL_SURFACE('',#830,3.E-02);
#830 = AXIS2_PLACEMENT_3D('',#831,#832,#833);
#831 = CARTESIAN_POINT('',(0.5,-0.37,3.E-02));
#832 = DIRECTION('',(1.,0.,0.));
#833 = DIRECTION('',(0.,-1.,0.));
#834 = ADVANCED_FACE('',(#835),#854,.T.);
#835 = FACE_BOUND('',#836,.T.);
#836 = EDGE_LOOP('',(#837,#838,#847,#853));
#837 = ORIENTED_EDGE('',*,*,#799,.T.);
#838 = ORIENTED_EDGE('',*,*,#839,.T.);
#839 = EDGE_CURVE('',#785,#840,#842,.T.);
#840 = VERTEX_POINT('',#841);
#841 = CARTESIAN_POINT('',(0.8,-0.37,0.8));
#842 = CIRCLE('',#843,3.E-02);
#843 = AXIS2_PLACEMENT_3D('',#844,#845,#846);
#844 = CARTESIAN_POINT('',(0.8,-0.37,0.77));
#845 = DIRECTION('',(-1.,0.,0.));
#846 = DIRECTION('',(0.,0.,1.));
#847 = ORIENTED_EDGE('',*,*,#848,.F.);
#848 = EDGE_CURVE('',#750,#840,#849,.T.);
#849 = LINE('',#850,#851);
#850 = CARTESIAN_POINT('',(0.5,-0.37,0.8));
#851 = VECTOR('',#852,1.);
#852 = DIRECTION('',(1.,0.,0.));
#853 = ORIENTED_EDGE('',*,*,#757,.F.);
#854 = CYLINDRICAL_SURFACE('',#855,3.E-02);
#855 = AXIS2_PLACEMENT_3D('',#856,#857,#858);
#856 = CARTESIAN_POINT('',(0.5,-0.37,0.77));
#857 = DIRECTION('',(1.,0.,0.));
#858 = DIRECTION('',(0.,-1.,0.));
#859 = ADVANCED_FACE('',(#860),#878,.F.);
#860 = FACE_BOUND('',#861,.F.);
#861 = EDGE_LOOP('',(#862,#863,#864,#872));
#862 = ORIENTED_EDGE('',*,*,#715,.F.);
#863 = ORIENTED_EDGE('',*,*,#814,.T.);
#864 = ORIENTED_EDGE('',*,*,#865,.T.);
#865 = EDGE_CURVE('',#815,#866,#868,.T.);
#866 = VERTEX_POINT('',#867);
#867 = CARTESIAN_POINT('',(0.8,0.37,0.));
#868 = LINE('',#869,#870);
#869 = CARTESIAN_POINT('',(0.8,-0.4,0.));
#870 = VECTOR('',#871,1.);
#871 = DIRECTION('',(0.,1.,0.));
#872 = ORIENTED_EDGE('',*,*,#873,.F.);
#873 = EDGE_CURVE('',#716,#866,#874,.T.);
#874 = LINE('',#875,#876);
#875 = CARTESIAN_POINT('',(0.5,0.37,0.));
#876 = VECTOR('',#877,1.);
#877 = DIRECTION('',(1.,0.,0.));
#878 = PLANE('',#879);
#879 = AXIS2_PLACEMENT_3D('',#880,#881,#882);
#880 = CARTESIAN_POINT('',(0.5,-0.4,0.));
#881 = DIRECTION('',(0.,0.,1.));
#882 = DIRECTION('',(1.,0.,-0.));
#883 = ADVANCED_FACE('',(#884),#902,.T.);
#884 = FACE_BOUND('',#885,.T.);
#885 = EDGE_LOOP('',(#886,#887,#888,#896));
#886 = ORIENTED_EDGE('',*,*,#749,.F.);
#887 = ORIENTED_EDGE('',*,*,#848,.T.);
#888 = ORIENTED_EDGE('',*,*,#889,.T.);
#889 = EDGE_CURVE('',#840,#890,#892,.T.);
#890 = VERTEX_POINT('',#891);
#891 = CARTESIAN_POINT('',(0.8,0.37,0.8));
#892 = LINE('',#893,#894);
#893 = CARTESIAN_POINT('',(0.8,-0.4,0.8));
#894 = VECTOR('',#895,1.);
#895 = DIRECTION('',(0.,1.,0.));
#896 = ORIENTED_EDGE('',*,*,#897,.F.);
#897 = EDGE_CURVE('',#741,#890,#898,.T.);
#898 = LINE('',#899,#900);
#899 = CARTESIAN_POINT('',(0.5,0.37,0.8));
#900 = VECTOR('',#901,1.);
#901 = DIRECTION('',(1.,0.,0.));
#902 = PLANE('',#903);
#903 = AXIS2_PLACEMENT_3D('',#904,#905,#906);
#904 = CARTESIAN_POINT('',(0.5,-0.4,0.8));
#905 = DIRECTION('',(0.,0.,1.));
#906 = DIRECTION('',(1.,0.,-0.));
#907 = ADVANCED_FACE('',(#908),#927,.T.);
#908 = FACE_BOUND('',#909,.T.);
#909 = EDGE_LOOP('',(#910,#918,#925,#926));
#910 = ORIENTED_EDGE('',*,*,#911,.T.);
#911 = EDGE_CURVE('',#724,#912,#914,.T.);
#912 = VERTEX_POINT('',#913);
#913 = CARTESIAN_POINT('',(0.8,0.4,3.E-02));
#914 = LINE('',#915,#916);
#915 = CARTESIAN_POINT('',(0.5,0.4,3.E-02));
#916 = VECTOR('',#917,1.);
#917 = DIRECTION('',(1.,0.,0.));
#918 = ORIENTED_EDGE('',*,*,#919,.T.);
#919 = EDGE_CURVE('',#912,#866,#920,.T.);
#920 = CIRCLE('',#921,3.E-02);
#921 = AXIS2_PLACEMENT_3D('',#922,#923,#924);
#922 = CARTESIAN_POINT('',(0.8,0.37,3.E-02));
#923 = DIRECTION('',(-1.,0.,0.));
#924 = DIRECTION('',(0.,0.,1.));
#925 = ORIENTED_EDGE('',*,*,#873,.F.);
#926 = ORIENTED_EDGE('',*,*,#723,.F.);
#927 = CYLINDRICAL_SURFACE('',#928,3.E-02);
#928 = AXIS2_PLACEMENT_3D('',#929,#930,#931);
#929 = CARTESIAN_POINT('',(0.5,0.37,3.E-02));
#930 = DIRECTION('',(1.,0.,0.));
#931 = DIRECTION('',(-0.,1.,0.));
#932 = ADVANCED_FACE('',(#933),#952,.T.);
#933 = FACE_BOUND('',#934,.T.);
#934 = EDGE_LOOP('',(#935,#936,#937,#946));
#935 = ORIENTED_EDGE('',*,*,#740,.T.);
#936 = ORIENTED_EDGE('',*,*,#897,.T.);
#937 = ORIENTED_EDGE('',*,*,#938,.F.);
#938 = EDGE_CURVE('',#939,#890,#941,.T.);
#939 = VERTEX_POINT('',#940);
#940 = CARTESIAN_POINT('',(0.8,0.4,0.77));
#941 = CIRCLE('',#942,3.E-02);
#942 = AXIS2_PLACEMENT_3D('',#943,#944,#945);
#943 = CARTESIAN_POINT('',(0.8,0.37,0.77));
#944 = DIRECTION('',(1.,0.,-0.));
#945 = DIRECTION('',(0.,0.,1.));
#946 = ORIENTED_EDGE('',*,*,#947,.F.);
#947 = EDGE_CURVE('',#733,#939,#948,.T.);
#948 = LINE('',#949,#950);
#949 = CARTESIAN_POINT('',(0.5,0.4,0.77));
#950 = VECTOR('',#951,1.);
#951 = DIRECTION('',(1.,0.,0.));
#952 = CYLINDRICAL_SURFACE('',#953,3.E-02);
#953 = AXIS2_PLACEMENT_3D('',#954,#955,#956);
#954 = CARTESIAN_POINT('',(0.5,0.37,0.77));
#955 = DIRECTION('',(1.,0.,0.));
#956 = DIRECTION('',(-0.,1.,0.));
#957 = ADVANCED_FACE('',(#958),#969,.T.);
#958 = FACE_BOUND('',#959,.T.);
#959 = EDGE_LOOP('',(#960,#966,#967,#968));
#960 = ORIENTED_EDGE('',*,*,#961,.F.);
#961 = EDGE_CURVE('',#912,#939,#962,.T.);
#962 = LINE('',#963,#964);
#963 = CARTESIAN_POINT('',(0.8,0.4,0.));
#964 = VECTOR('',#965,1.);
#965 = DIRECTION('',(0.,0.,1.));
#966 = ORIENTED_EDGE('',*,*,#911,.F.);
#967 = ORIENTED_EDGE('',*,*,#732,.T.);
#968 = ORIENTED_EDGE('',*,*,#947,.T.);
#969 = PLANE('',#970);
#970 = AXIS2_PLACEMENT_3D('',#971,#972,#973);
#971 = CARTESIAN_POINT('',(0.5,0.4,0.));
#972 = DIRECTION('',(0.,1.,0.));
#973 = DIRECTION('',(0.,-0.,1.));
#974 = ADVANCED_FACE('',(#975),#985,.T.);
#975 = FACE_BOUND('',#976,.T.);
#976 = EDGE_LOOP('',(#977,#978,#979,#980,#981,#982,#983,#984));
#977 = ORIENTED_EDGE('',*,*,#782,.F.);
#978 = ORIENTED_EDGE('',*,*,#822,.T.);
#979 = ORIENTED_EDGE('',*,*,#865,.T.);
#980 = ORIENTED_EDGE('',*,*,#919,.F.);
#981 = ORIENTED_EDGE('',*,*,#961,.T.);
#982 = ORIENTED_EDGE('',*,*,#938,.T.);
#983 = ORIENTED_EDGE('',*,*,#889,.F.);
#984 = ORIENTED_EDGE('',*,*,#839,.F.);
#985 = PLANE('',#986);
#986 = AXIS2_PLACEMENT_3D('',#987,#988,#989);
#987 = CARTESIAN_POINT('',(0.8,-0.4,0.));
#988 = DIRECTION('',(1.,0.,0.));
#989 = DIRECTION('',(0.,0.,1.));
#990 = ( GEOMETRIC_REPRESENTATION_CONTEXT(3) 
GLOBAL_UNCERTAINTY_ASSIGNED_CONTEXT((#994)) GLOBAL_UNIT_ASSIGNED_CONTEXT
((#991,#992,#993)) REPRESENTATION_CONTEXT('Context #1',
  '3D Context with UNIT and UNCERTAINTY') );
#991 = ( LENGTH_UNIT() NAMED_UNIT(*) SI_UNIT(.MILLI.,.METRE.) );
#992 = ( NAMED_UNIT(*) PLANE_ANGLE_UNIT() SI_UNIT($,.RADIAN.) );
#993 = ( NAMED_UNIT(*) SI_UNIT($,.STERADIAN.) SOLID_ANGLE_UNIT() );
#994 = UNCERTAINTY_MEASURE_WITH_UNIT(LENGTH_MEASURE(1.E-07),#991,
  'distance_accuracy_value','confusion accuracy');
#995 = CONTEXT_DEPENDENT_SHAPE_REPRESENTATION(#996,#998);
#996 = ( REPRESENTATION_RELATIONSHIP('','',#135,#112) 
REPRESENTATION_RELATIONSHIP_WITH_TRANSFORMATION(#997) 
SHAPE_REPRESENTATION_RELATIONSHIP() );
#997 = ITEM_DEFINED_TRANSFORMATION('','',#11,#113);
#998 = PRODUCT_DEFINITION_SHAPE('Placement','Placement of an item',#999
  );
#999 = NEXT_ASSEMBLY_USAGE_OCCURRENCE('1','=>[0:1:1:3]','',#107,#130,$);
#1000 = PRODUCT_RELATED_PRODUCT_CATEGORY('part',$,(#132));
#1001 = CONTEXT_DEPENDENT_SHAPE_REPRESENTATION(#1002,#1004);
#1002 = ( REPRESENTATION_RELATIONSHIP('','',#112,#10) 
REPRESENTATION_RELATIONSHIP_WITH_TRANSFORMATION(#1003) 
SHAPE_REPRESENTATION_RELATIONSHIP() );
#1003 = ITEM_DEFINED_TRANSFORMATION('','',#11,#19);
#1004 = PRODUCT_DEFINITION_SHAPE('Placement','Placement of an item',
  #1005);
#1005 = NEXT_ASSEMBLY_USAGE_OCCURRENCE('3','C5','',#5,#107,$);
#1006 = SHAPE_DEFINITION_REPRESENTATION(#1007,#1013);
#1007 = PRODUCT_DEFINITION_SHAPE('','',#1008);
#1008 = PRODUCT_DEFINITION('design','',#1009,#1012);
#1009 = PRODUCT_DEFINITION_FORMATION('','',#1010);
#1010 = PRODUCT('R_0603_1608Metric','R_0603_1608Metric','',(#1011));
#1011 = PRODUCT_CONTEXT('',#2,'mechanical');
#1012 = PRODUCT_DEFINITION_CONTEXT('part definition',#2,'design');
#1013 = SHAPE_REPRESENTATION('',(#11,#1014),#1018);
#1014 = AXIS2_PLACEMENT_3D('',#1015,#1016,#1017);
#1015 = CARTESIAN_POINT('',(0.,0.,0.));
#1016 = DIRECTION('',(0.,0.,1.));
#1017 = DIRECTION('',(1.,0.,-0.));
#1018 = ( GEOMETRIC_REPRESENTATION_CONTEXT(3) 
GLOBAL_UNCERTAINTY_ASSIGNED_CONTEXT((#1022)) 
GLOBAL_UNIT_ASSIGNED_CONTEXT((#1019,#1020,#1021)) REPRESENTATION_CONTEXT
('Context #1','3D Context with UNIT and UNCERTAINTY') );
#1019 = ( LENGTH_UNIT() NAMED_UNIT(*) SI_UNIT(.MILLI.,.METRE.) );
#1020 = ( NAMED_UNIT(*) PLANE_ANGLE_UNIT() SI_UNIT($,.RADIAN.) );
#1021 = ( NAMED_UNIT(*) SI_UNIT($,.STERADIAN.) SOLID_ANGLE_UNIT() );
#1022 = UNCERTAINTY_MEASURE_WITH_UNIT(LENGTH_MEASURE(1.E-07),#1019,
  'distance_accuracy_value','confusion accuracy');
#1023 = CONTEXT_DEPENDENT_SHAPE_REPRESENTATION(#1024,#1026);
#1024 = ( REPRESENTATION_RELATIONSHIP('','',#1013,#10) 
REPRESENTATION_RELATIONSHIP_WITH_TRANSFORMATION(#1025) 
SHAPE_REPRESENTATION_RELATIONSHIP() );
#1025 = ITEM_DEFINED_TRANSFORMATION('','',#11,#23);
#1026 = PRODUCT_DEFINITION_SHAPE('Placement','Placement of an item',
  #1027);
#1027 = NEXT_ASSEMBLY_USAGE_OCCURRENCE('5','R5','',#5,#1008,$);
#1028 = PRODUCT_RELATED_PRODUCT_CATEGORY('part',$,(#1010));
#1029 = SHAPE_DEFINITION_REPRESENTATION(#1030,#1036);
#1030 = PRODUCT_DEFINITION_SHAPE('','',#1031);
#1031 = PRODUCT_DEFINITION('design','',#1032,#1035);
#1032 = PRODUCT_DEFINITION_FORMATION('','',#1033);
#1033 = PRODUCT('R_0603_1608Metric','R_0603_1608Metric','',(#1034));
#1034 = PRODUCT_CONTEXT('',#2,'mechanical');
#1035 = PRODUCT_DEFINITION_CONTEXT('part definition',#2,'design');
#1036 = ADVANCED_BREP_SHAPE_REPRESENTATION('',(#11,#1037),#1827);
#1037 = MANIFOLD_SOLID_BREP('',#1038);
#1038 = CLOSED_SHELL('',(#1039,#1079,#1162,#1187,#1212,#1279,#1296,#1313
    ,#1362,#1379,#1396,#1445,#1462,#1531,#1562,#1586,#1655,#1679,#1696,
    #1713,#1730,#1747,#1764,#1781,#1798,#1815));
#1039 = ADVANCED_FACE('',(#1040),#1074,.F.);
#1040 = FACE_BOUND('',#1041,.F.);
#1041 = EDGE_LOOP('',(#1042,#1052,#1060,#1068));
#1042 = ORIENTED_EDGE('',*,*,#1043,.F.);
#1043 = EDGE_CURVE('',#1044,#1046,#1048,.T.);
#1044 = VERTEX_POINT('',#1045);
#1045 = CARTESIAN_POINT('',(-0.8,-0.4,4.5E-02));
#1046 = VERTEX_POINT('',#1047);
#1047 = CARTESIAN_POINT('',(-0.8,-0.4,0.405));
#1048 = LINE('',#1049,#1050);
#1049 = CARTESIAN_POINT('',(-0.8,-0.4,0.));
#1050 = VECTOR('',#1051,1.);
#1051 = DIRECTION('',(0.,0.,1.));
#1052 = ORIENTED_EDGE('',*,*,#1053,.T.);
#1053 = EDGE_CURVE('',#1044,#1054,#1056,.T.);
#1054 = VERTEX_POINT('',#1055);
#1055 = CARTESIAN_POINT('',(-0.8,0.4,4.5E-02));
#1056 = LINE('',#1057,#1058);
#1057 = CARTESIAN_POINT('',(-0.8,-0.4,4.5E-02));
#1058 = VECTOR('',#1059,1.);
#1059 = DIRECTION('',(0.,1.,0.));
#1060 = ORIENTED_EDGE('',*,*,#1061,.T.);
#1061 = EDGE_CURVE('',#1054,#1062,#1064,.T.);
#1062 = VERTEX_POINT('',#1063);
#1063 = CARTESIAN_POINT('',(-0.8,0.4,0.405));
#1064 = LINE('',#1065,#1066);
#1065 = CARTESIAN_POINT('',(-0.8,0.4,0.));
#1066 = VECTOR('',#1067,1.);
#1067 = DIRECTION('',(0.,0.,1.));
#1068 = ORIENTED_EDGE('',*,*,#1069,.F.);
#1069 = EDGE_CURVE('',#1046,#1062,#1070,.T.);
#1070 = LINE('',#1071,#1072);
#1071 = CARTESIAN_POINT('',(-0.8,-0.4,0.405));
#1072 = VECTOR('',#1073,1.);
#1073 = DIRECTION('',(0.,1.,0.));
#1074 = PLANE('',#1075);
#1075 = AXIS2_PLACEMENT_3D('',#1076,#1077,#1078);
#1076 = CARTESIAN_POINT('',(-0.8,-0.4,0.));
#1077 = DIRECTION('',(1.,0.,0.));
#1078 = DIRECTION('',(0.,0.,1.));
#1079 = ADVANCED_FACE('',(#1080),#1157,.F.);
#1080 = FACE_BOUND('',#1081,.F.);
#1081 = EDGE_LOOP('',(#1082,#1092,#1099,#1100,#1109,#1117,#1126,#1134,
    #1142,#1150));
#1082 = ORIENTED_EDGE('',*,*,#1083,.F.);
#1083 = EDGE_CURVE('',#1084,#1086,#1088,.T.);
#1084 = VERTEX_POINT('',#1085);
#1085 = CARTESIAN_POINT('',(-0.755,-0.4,-2.775557561563E-17));
#1086 = VERTEX_POINT('',#1087);
#1087 = CARTESIAN_POINT('',(-0.545,-0.4,-2.775557561563E-17));
#1088 = LINE('',#1089,#1090);
#1089 = CARTESIAN_POINT('',(-0.8,-0.4,0.));
#1090 = VECTOR('',#1091,1.);
#1091 = DIRECTION('',(1.,0.,0.));
#1092 = ORIENTED_EDGE('',*,*,#1093,.F.);
#1093 = EDGE_CURVE('',#1044,#1084,#1094,.T.);
#1094 = CIRCLE('',#1095,4.5E-02);
#1095 = AXIS2_PLACEMENT_3D('',#1096,#1097,#1098);
#1096 = CARTESIAN_POINT('',(-0.755,-0.4,4.5E-02));
#1097 = DIRECTION('',(0.,-1.,0.));
#1098 = DIRECTION('',(0.,0.,1.));
#1099 = ORIENTED_EDGE('',*,*,#1043,.T.);
#1100 = ORIENTED_EDGE('',*,*,#1101,.T.);
#1101 = EDGE_CURVE('',#1046,#1102,#1104,.T.);
#1102 = VERTEX_POINT('',#1103);
#1103 = CARTESIAN_POINT('',(-0.755,-0.4,0.45));
#1104 = CIRCLE('',#1105,4.5E-02);
#1105 = AXIS2_PLACEMENT_3D('',#1106,#1107,#1108);
#1106 = CARTESIAN_POINT('',(-0.755,-0.4,0.405));
#1107 = DIRECTION('',(0.,1.,0.));
#1108 = DIRECTION('',(0.,-0.,1.));
#1109 = ORIENTED_EDGE('',*,*,#1110,.T.);
#1110 = EDGE_CURVE('',#1102,#1111,#1113,.T.);
#1111 = VERTEX_POINT('',#1112);
#1112 = CARTESIAN_POINT('',(-0.545,-0.4,0.45));
#1113 = LINE('',#1114,#1115);
#1114 = CARTESIAN_POINT('',(-0.8,-0.4,0.45));
#1115 = VECTOR('',#1116,1.);
#1116 = DIRECTION('',(1.,0.,0.));
#1117 = ORIENTED_EDGE('',*,*,#1118,.F.);
#1118 = EDGE_CURVE('',#1119,#1111,#1121,.T.);
#1119 = VERTEX_POINT('',#1120);
#1120 = CARTESIAN_POINT('',(-0.5,-0.4,0.405));
#1121 = CIRCLE('',#1122,4.5E-02);
#1122 = AXIS2_PLACEMENT_3D('',#1123,#1124,#1125);
#1123 = CARTESIAN_POINT('',(-0.545,-0.4,0.405));
#1124 = DIRECTION('',(0.,-1.,0.));
#1125 = DIRECTION('',(0.,0.,1.));
#1126 = ORIENTED_EDGE('',*,*,#1127,.F.);
#1127 = EDGE_CURVE('',#1128,#1119,#1130,.T.);
#1128 = VERTEX_POINT('',#1129);
#1129 = CARTESIAN_POINT('',(-0.755,-0.4,0.405));
#1130 = LINE('',#1131,#1132);
#1131 = CARTESIAN_POINT('',(-0.755,-0.4,0.405));
#1132 = VECTOR('',#1133,1.);
#1133 = DIRECTION('',(1.,0.,0.));
#1134 = ORIENTED_EDGE('',*,*,#1135,.F.);
#1135 = EDGE_CURVE('',#1136,#1128,#1138,.T.);
#1136 = VERTEX_POINT('',#1137);
#1137 = CARTESIAN_POINT('',(-0.755,-0.4,4.5E-02));
#1138 = LINE('',#1139,#1140);
#1139 = CARTESIAN_POINT('',(-0.755,-0.4,4.5E-02));
#1140 = VECTOR('',#1141,1.);
#1141 = DIRECTION('',(0.,0.,1.));
#1142 = ORIENTED_EDGE('',*,*,#1143,.T.);
#1143 = EDGE_CURVE('',#1136,#1144,#1146,.T.);
#1144 = VERTEX_POINT('',#1145);
#1145 = CARTESIAN_POINT('',(-0.5,-0.4,4.5E-02));
#1146 = LINE('',#1147,#1148);
#1147 = CARTESIAN_POINT('',(-0.755,-0.4,4.5E-02));
#1148 = VECTOR('',#1149,1.);
#1149 = DIRECTION('',(1.,0.,0.));
#1150 = ORIENTED_EDGE('',*,*,#1151,.T.);
#1151 = EDGE_CURVE('',#1144,#1086,#1152,.T.);
#1152 = CIRCLE('',#1153,4.5E-02);
#1153 = AXIS2_PLACEMENT_3D('',#1154,#1155,#1156);
#1154 = CARTESIAN_POINT('',(-0.545,-0.4,4.5E-02));
#1155 = DIRECTION('',(0.,1.,0.));
#1156 = DIRECTION('',(0.,-0.,1.));
#1157 = PLANE('',#1158);
#1158 = AXIS2_PLACEMENT_3D('',#1159,#1160,#1161);
#1159 = CARTESIAN_POINT('',(-0.8,-0.4,0.));
#1160 = DIRECTION('',(0.,1.,0.));
#1161 = DIRECTION('',(0.,-0.,1.));
#1162 = ADVANCED_FACE('',(#1163),#1182,.T.);
#1163 = FACE_BOUND('',#1164,.T.);
#1164 = EDGE_LOOP('',(#1165,#1166,#1175,#1181));
#1165 = ORIENTED_EDGE('',*,*,#1053,.T.);
#1166 = ORIENTED_EDGE('',*,*,#1167,.T.);
#1167 = EDGE_CURVE('',#1054,#1168,#1170,.T.);
#1168 = VERTEX_POINT('',#1169);
#1169 = CARTESIAN_POINT('',(-0.755,0.4,-2.775557561563E-17));
#1170 = CIRCLE('',#1171,4.5E-02);
#1171 = AXIS2_PLACEMENT_3D('',#1172,#1173,#1174);
#1172 = CARTESIAN_POINT('',(-0.755,0.4,4.5E-02));
#1173 = DIRECTION('',(0.,-1.,0.));
#1174 = DIRECTION('',(0.,0.,1.));
#1175 = ORIENTED_EDGE('',*,*,#1176,.F.);
#1176 = EDGE_CURVE('',#1084,#1168,#1177,.T.);
#1177 = LINE('',#1178,#1179);
#1178 = CARTESIAN_POINT('',(-0.755,-0.4,-2.775557561563E-17));
#1179 = VECTOR('',#1180,1.);
#1180 = DIRECTION('',(0.,1.,0.));
#1181 = ORIENTED_EDGE('',*,*,#1093,.F.);
#1182 = CYLINDRICAL_SURFACE('',#1183,4.5E-02);
#1183 = AXIS2_PLACEMENT_3D('',#1184,#1185,#1186);
#1184 = CARTESIAN_POINT('',(-0.755,-0.4,4.5E-02));
#1185 = DIRECTION('',(0.,1.,0.));
#1186 = DIRECTION('',(-1.,0.,0.));
#1187 = ADVANCED_FACE('',(#1188),#1207,.T.);
#1188 = FACE_BOUND('',#1189,.T.);
#1189 = EDGE_LOOP('',(#1190,#1191,#1199,#1206));
#1190 = ORIENTED_EDGE('',*,*,#1101,.T.);
#1191 = ORIENTED_EDGE('',*,*,#1192,.T.);
#1192 = EDGE_CURVE('',#1102,#1193,#1195,.T.);
#1193 = VERTEX_POINT('',#1194);
#1194 = CARTESIAN_POINT('',(-0.755,0.4,0.45));
#1195 = LINE('',#1196,#1197);
#1196 = CARTESIAN_POINT('',(-0.755,-0.4,0.45));
#1197 = VECTOR('',#1198,1.);
#1198 = DIRECTION('',(0.,1.,0.));
#1199 = ORIENTED_EDGE('',*,*,#1200,.F.);
#1200 = EDGE_CURVE('',#1062,#1193,#1201,.T.);
#1201 = CIRCLE('',#1202,4.5E-02);
#1202 = AXIS2_PLACEMENT_3D('',#1203,#1204,#1205);
#1203 = CARTESIAN_POINT('',(-0.755,0.4,0.405));
#1204 = DIRECTION('',(0.,1.,0.));
#1205 = DIRECTION('',(0.,-0.,1.));
#1206 = ORIENTED_EDGE('',*,*,#1069,.F.);
#1207 = CYLINDRICAL_SURFACE('',#1208,4.5E-02);
#1208 = AXIS2_PLACEMENT_3D('',#1209,#1210,#1211);
#1209 = CARTESIAN_POINT('',(-0.755,-0.4,0.405));
#1210 = DIRECTION('',(0.,1.,0.));
#1211 = DIRECTION('',(-1.,0.,0.));
#1212 = ADVANCED_FACE('',(#1213),#1274,.T.);
#1213 = FACE_BOUND('',#1214,.T.);
#1214 = EDGE_LOOP('',(#1215,#1223,#1224,#1225,#1226,#1234,#1243,#1251,
    #1259,#1267));
#1215 = ORIENTED_EDGE('',*,*,#1216,.F.);
#1216 = EDGE_CURVE('',#1168,#1217,#1219,.T.);
#1217 = VERTEX_POINT('',#1218);
#1218 = CARTESIAN_POINT('',(-0.545,0.4,-2.775557561563E-17));
#1219 = LINE('',#1220,#1221);
#1220 = CARTESIAN_POINT('',(-0.8,0.4,0.));
#1221 = VECTOR('',#1222,1.);
#1222 = DIRECTION('',(1.,0.,0.));
#1223 = ORIENTED_EDGE('',*,*,#1167,.F.);
#1224 = ORIENTED_EDGE('',*,*,#1061,.T.);
#1225 = ORIENTED_EDGE('',*,*,#1200,.T.);
#1226 = ORIENTED_EDGE('',*,*,#1227,.T.);
#1227 = EDGE_CURVE('',#1193,#1228,#1230,.T.);
#1228 = VERTEX_POINT('',#1229);
#1229 = CARTESIAN_POINT('',(-0.545,0.4,0.45));
#1230 = LINE('',#1231,#1232);
#1231 = CARTESIAN_POINT('',(-0.8,0.4,0.45));
#1232 = VECTOR('',#1233,1.);
#1233 = DIRECTION('',(1.,0.,0.));
#1234 = ORIENTED_EDGE('',*,*,#1235,.F.);
#1235 = EDGE_CURVE('',#1236,#1228,#1238,.T.);
#1236 = VERTEX_POINT('',#1237);
#1237 = CARTESIAN_POINT('',(-0.5,0.4,0.405));
#1238 = CIRCLE('',#1239,4.5E-02);
#1239 = AXIS2_PLACEMENT_3D('',#1240,#1241,#1242);
#1240 = CARTESIAN_POINT('',(-0.545,0.4,0.405));
#1241 = DIRECTION('',(0.,-1.,0.));
#1242 = DIRECTION('',(0.,0.,1.));
#1243 = ORIENTED_EDGE('',*,*,#1244,.F.);
#1244 = EDGE_CURVE('',#1245,#1236,#1247,.T.);
#1245 = VERTEX_POINT('',#1246);
#1246 = CARTESIAN_POINT('',(-0.755,0.4,0.405));
#1247 = LINE('',#1248,#1249);
#1248 = CARTESIAN_POINT('',(-0.755,0.4,0.405));
#1249 = VECTOR('',#1250,1.);
#1250 = DIRECTION('',(1.,0.,0.));
#1251 = ORIENTED_EDGE('',*,*,#1252,.F.);
#1252 = EDGE_CURVE('',#1253,#1245,#1255,.T.);
#1253 = VERTEX_POINT('',#1254);
#1254 = CARTESIAN_POINT('',(-0.755,0.4,4.5E-02));
#1255 = LINE('',#1256,#1257);
#1256 = CARTESIAN_POINT('',(-0.755,0.4,4.5E-02));
#1257 = VECTOR('',#1258,1.);
#1258 = DIRECTION('',(0.,0.,1.));
#1259 = ORIENTED_EDGE('',*,*,#1260,.T.);
#1260 = EDGE_CURVE('',#1253,#1261,#1263,.T.);
#1261 = VERTEX_POINT('',#1262);
#1262 = CARTESIAN_POINT('',(-0.5,0.4,4.5E-02));
#1263 = LINE('',#1264,#1265);
#1264 = CARTESIAN_POINT('',(-0.755,0.4,4.5E-02));
#1265 = VECTOR('',#1266,1.);
#1266 = DIRECTION('',(1.,0.,0.));
#1267 = ORIENTED_EDGE('',*,*,#1268,.T.);
#1268 = EDGE_CURVE('',#1261,#1217,#1269,.T.);
#1269 = CIRCLE('',#1270,4.5E-02);
#1270 = AXIS2_PLACEMENT_3D('',#1271,#1272,#1273);
#1271 = CARTESIAN_POINT('',(-0.545,0.4,4.5E-02));
#1272 = DIRECTION('',(0.,1.,0.));
#1273 = DIRECTION('',(0.,-0.,1.));
#1274 = PLANE('',#1275);
#1275 = AXIS2_PLACEMENT_3D('',#1276,#1277,#1278);
#1276 = CARTESIAN_POINT('',(-0.8,0.4,0.));
#1277 = DIRECTION('',(0.,1.,0.));
#1278 = DIRECTION('',(0.,-0.,1.));
#1279 = ADVANCED_FACE('',(#1280),#1291,.F.);
#1280 = FACE_BOUND('',#1281,.F.);
#1281 = EDGE_LOOP('',(#1282,#1283,#1284,#1285));
#1282 = ORIENTED_EDGE('',*,*,#1216,.F.);
#1283 = ORIENTED_EDGE('',*,*,#1176,.F.);
#1284 = ORIENTED_EDGE('',*,*,#1083,.T.);
#1285 = ORIENTED_EDGE('',*,*,#1286,.T.);
#1286 = EDGE_CURVE('',#1086,#1217,#1287,.T.);
#1287 = LINE('',#1288,#1289);
#1288 = CARTESIAN_POINT('',(-0.545,-0.4,-2.775557561563E-17));
#1289 = VECTOR('',#1290,1.);
#1290 = DIRECTION('',(0.,1.,0.));
#1291 = PLANE('',#1292);
#1292 = AXIS2_PLACEMENT_3D('',#1293,#1294,#1295);
#1293 = CARTESIAN_POINT('',(-0.8,-0.4,0.));
#1294 = DIRECTION('',(0.,0.,1.));
#1295 = DIRECTION('',(1.,0.,-0.));
#1296 = ADVANCED_FACE('',(#1297),#1308,.T.);
#1297 = FACE_BOUND('',#1298,.T.);
#1298 = EDGE_LOOP('',(#1299,#1300,#1301,#1302));
#1299 = ORIENTED_EDGE('',*,*,#1151,.T.);
#1300 = ORIENTED_EDGE('',*,*,#1286,.T.);
#1301 = ORIENTED_EDGE('',*,*,#1268,.F.);
#1302 = ORIENTED_EDGE('',*,*,#1303,.F.);
#1303 = EDGE_CURVE('',#1144,#1261,#1304,.T.);
#1304 = LINE('',#1305,#1306);
#1305 = CARTESIAN_POINT('',(-0.5,-0.4,4.5E-02));
#1306 = VECTOR('',#1307,1.);
#1307 = DIRECTION('',(0.,1.,0.));
#1308 = CYLINDRICAL_SURFACE('',#1309,4.5E-02);
#1309 = AXIS2_PLACEMENT_3D('',#1310,#1311,#1312);
#1310 = CARTESIAN_POINT('',(-0.545,-0.4,4.5E-02));
#1311 = DIRECTION('',(0.,1.,0.));
#1312 = DIRECTION('',(1.,0.,0.));
#1313 = ADVANCED_FACE('',(#1314),#1357,.F.);
#1314 = FACE_BOUND('',#1315,.F.);
#1315 = EDGE_LOOP('',(#1316,#1317,#1318,#1319,#1327,#1335,#1343,#1351));
#1316 = ORIENTED_EDGE('',*,*,#1143,.F.);
#1317 = ORIENTED_EDGE('',*,*,#1135,.T.);
#1318 = ORIENTED_EDGE('',*,*,#1127,.T.);
#1319 = ORIENTED_EDGE('',*,*,#1320,.T.);
#1320 = EDGE_CURVE('',#1119,#1321,#1323,.T.);
#1321 = VERTEX_POINT('',#1322);
#1322 = CARTESIAN_POINT('',(0.5,-0.4,0.405));
#1323 = LINE('',#1324,#1325);
#1324 = CARTESIAN_POINT('',(-0.5,-0.4,0.405));
#1325 = VECTOR('',#1326,1.);
#1326 = DIRECTION('',(1.,0.,0.));
#1327 = ORIENTED_EDGE('',*,*,#1328,.T.);
#1328 = EDGE_CURVE('',#1321,#1329,#1331,.T.);
#1329 = VERTEX_POINT('',#1330);
#1330 = CARTESIAN_POINT('',(0.755,-0.4,0.405));
#1331 = LINE('',#1332,#1333);
#1332 = CARTESIAN_POINT('',(-0.755,-0.4,0.405));
#1333 = VECTOR('',#1334,1.);
#1334 = DIRECTION('',(1.,0.,0.));
#1335 = ORIENTED_EDGE('',*,*,#1336,.F.);
#1336 = EDGE_CURVE('',#1337,#1329,#1339,.T.);
#1337 = VERTEX_POINT('',#1338);
#1338 = CARTESIAN_POINT('',(0.755,-0.4,4.5E-02));
#1339 = LINE('',#1340,#1341);
#1340 = CARTESIAN_POINT('',(0.755,-0.4,4.5E-02));
#1341 = VECTOR('',#1342,1.);
#1342 = DIRECTION('',(0.,0.,1.));
#1343 = ORIENTED_EDGE('',*,*,#1344,.F.);
#1344 = EDGE_CURVE('',#1345,#1337,#1347,.T.);
#1345 = VERTEX_POINT('',#1346);
#1346 = CARTESIAN_POINT('',(0.5,-0.4,4.5E-02));
#1347 = LINE('',#1348,#1349);
#1348 = CARTESIAN_POINT('',(-0.755,-0.4,4.5E-02));
#1349 = VECTOR('',#1350,1.);
#1350 = DIRECTION('',(1.,0.,0.));
#1351 = ORIENTED_EDGE('',*,*,#1352,.F.);
#1352 = EDGE_CURVE('',#1144,#1345,#1353,.T.);
#1353 = LINE('',#1354,#1355);
#1354 = CARTESIAN_POINT('',(-0.755,-0.4,4.5E-02));
#1355 = VECTOR('',#1356,1.);
#1356 = DIRECTION('',(1.,0.,0.));
#1357 = PLANE('',#1358);
#1358 = AXIS2_PLACEMENT_3D('',#1359,#1360,#1361);
#1359 = CARTESIAN_POINT('',(-0.755,-0.4,4.5E-02));
#1360 = DIRECTION('',(0.,1.,0.));
#1361 = DIRECTION('',(0.,-0.,1.));
#1362 = ADVANCED_FACE('',(#1363),#1374,.T.);
#1363 = FACE_BOUND('',#1364,.T.);
#1364 = EDGE_LOOP('',(#1365,#1366,#1367,#1368));
#1365 = ORIENTED_EDGE('',*,*,#1227,.F.);
#1366 = ORIENTED_EDGE('',*,*,#1192,.F.);
#1367 = ORIENTED_EDGE('',*,*,#1110,.T.);
#1368 = ORIENTED_EDGE('',*,*,#1369,.T.);
#1369 = EDGE_CURVE('',#1111,#1228,#1370,.T.);
#1370 = LINE('',#1371,#1372);
#1371 = CARTESIAN_POINT('',(-0.545,-0.4,0.45));
#1372 = VECTOR('',#1373,1.);
#1373 = DIRECTION('',(0.,1.,0.));
#1374 = PLANE('',#1375);
#1375 = AXIS2_PLACEMENT_3D('',#1376,#1377,#1378);
#1376 = CARTESIAN_POINT('',(-0.8,-0.4,0.45));
#1377 = DIRECTION('',(0.,0.,1.));
#1378 = DIRECTION('',(1.,0.,-0.));
#1379 = ADVANCED_FACE('',(#1380),#1391,.T.);
#1380 = FACE_BOUND('',#1381,.T.);
#1381 = EDGE_LOOP('',(#1382,#1388,#1389,#1390));
#1382 = ORIENTED_EDGE('',*,*,#1383,.T.);
#1383 = EDGE_CURVE('',#1119,#1236,#1384,.T.);
#1384 = LINE('',#1385,#1386);
#1385 = CARTESIAN_POINT('',(-0.5,-0.4,0.405));
#1386 = VECTOR('',#1387,1.);
#1387 = DIRECTION('',(0.,1.,0.));
#1388 = ORIENTED_EDGE('',*,*,#1235,.T.);
#1389 = ORIENTED_EDGE('',*,*,#1369,.F.);
#1390 = ORIENTED_EDGE('',*,*,#1118,.F.);
#1391 = CYLINDRICAL_SURFACE('',#1392,4.5E-02);
#1392 = AXIS2_PLACEMENT_3D('',#1393,#1394,#1395);
#1393 = CARTESIAN_POINT('',(-0.545,-0.4,0.405));
#1394 = DIRECTION('',(0.,1.,0.));
#1395 = DIRECTION('',(1.,0.,0.));
#1396 = ADVANCED_FACE('',(#1397),#1440,.T.);
#1397 = FACE_BOUND('',#1398,.T.);
#1398 = EDGE_LOOP('',(#1399,#1400,#1401,#1402,#1410,#1418,#1426,#1434));
#1399 = ORIENTED_EDGE('',*,*,#1260,.F.);
#1400 = ORIENTED_EDGE('',*,*,#1252,.T.);
#1401 = ORIENTED_EDGE('',*,*,#1244,.T.);
#1402 = ORIENTED_EDGE('',*,*,#1403,.T.);
#1403 = EDGE_CURVE('',#1236,#1404,#1406,.T.);
#1404 = VERTEX_POINT('',#1405);
#1405 = CARTESIAN_POINT('',(0.5,0.4,0.405));
#1406 = LINE('',#1407,#1408);
#1407 = CARTESIAN_POINT('',(-0.5,0.4,0.405));
#1408 = VECTOR('',#1409,1.);
#1409 = DIRECTION('',(1.,0.,0.));
#1410 = ORIENTED_EDGE('',*,*,#1411,.T.);
#1411 = EDGE_CURVE('',#1404,#1412,#1414,.T.);
#1412 = VERTEX_POINT('',#1413);
#1413 = CARTESIAN_POINT('',(0.755,0.4,0.405));
#1414 = LINE('',#1415,#1416);
#1415 = CARTESIAN_POINT('',(-0.755,0.4,0.405));
#1416 = VECTOR('',#1417,1.);
#1417 = DIRECTION('',(1.,0.,0.));
#1418 = ORIENTED_EDGE('',*,*,#1419,.F.);
#1419 = EDGE_CURVE('',#1420,#1412,#1422,.T.);
#1420 = VERTEX_POINT('',#1421);
#1421 = CARTESIAN_POINT('',(0.755,0.4,4.5E-02));
#1422 = LINE('',#1423,#1424);
#1423 = CARTESIAN_POINT('',(0.755,0.4,4.5E-02));
#1424 = VECTOR('',#1425,1.);
#1425 = DIRECTION('',(0.,0.,1.));
#1426 = ORIENTED_EDGE('',*,*,#1427,.F.);
#1427 = EDGE_CURVE('',#1428,#1420,#1430,.T.);
#1428 = VERTEX_POINT('',#1429);
#1429 = CARTESIAN_POINT('',(0.5,0.4,4.5E-02));
#1430 = LINE('',#1431,#1432);
#1431 = CARTESIAN_POINT('',(-0.755,0.4,4.5E-02));
#1432 = VECTOR('',#1433,1.);
#1433 = DIRECTION('',(1.,0.,0.));
#1434 = ORIENTED_EDGE('',*,*,#1435,.F.);
#1435 = EDGE_CURVE('',#1261,#1428,#1436,.T.);
#1436 = LINE('',#1437,#1438);
#1437 = CARTESIAN_POINT('',(-0.755,0.4,4.5E-02));
#1438 = VECTOR('',#1439,1.);
#1439 = DIRECTION('',(1.,0.,0.));
#1440 = PLANE('',#1441);
#1441 = AXIS2_PLACEMENT_3D('',#1442,#1443,#1444);
#1442 = CARTESIAN_POINT('',(-0.755,0.4,4.5E-02));
#1443 = DIRECTION('',(0.,1.,0.));
#1444 = DIRECTION('',(0.,-0.,1.));
#1445 = ADVANCED_FACE('',(#1446),#1457,.F.);
#1446 = FACE_BOUND('',#1447,.F.);
#1447 = EDGE_LOOP('',(#1448,#1449,#1450,#1456));
#1448 = ORIENTED_EDGE('',*,*,#1303,.F.);
#1449 = ORIENTED_EDGE('',*,*,#1352,.T.);
#1450 = ORIENTED_EDGE('',*,*,#1451,.T.);
#1451 = EDGE_CURVE('',#1345,#1428,#1452,.T.);
#1452 = LINE('',#1453,#1454);
#1453 = CARTESIAN_POINT('',(0.5,-0.4,4.5E-02));
#1454 = VECTOR('',#1455,1.);
#1455 = DIRECTION('',(0.,1.,0.));
#1456 = ORIENTED_EDGE('',*,*,#1435,.F.);
#1457 = PLANE('',#1458);
#1458 = AXIS2_PLACEMENT_3D('',#1459,#1460,#1461);
#1459 = CARTESIAN_POINT('',(-0.755,-0.4,4.5E-02));
#1460 = DIRECTION('',(0.,0.,1.));
#1461 = DIRECTION('',(1.,0.,-0.));
#1462 = ADVANCED_FACE('',(#1463),#1526,.F.);
#1463 = FACE_BOUND('',#1464,.F.);
#1464 = EDGE_LOOP('',(#1465,#1475,#1482,#1483,#1484,#1485,#1494,#1502,
    #1511,#1519));
#1465 = ORIENTED_EDGE('',*,*,#1466,.F.);
#1466 = EDGE_CURVE('',#1467,#1469,#1471,.T.);
#1467 = VERTEX_POINT('',#1468);
#1468 = CARTESIAN_POINT('',(0.545,-0.4,-2.775557561563E-17));
#1469 = VERTEX_POINT('',#1470);
#1470 = CARTESIAN_POINT('',(0.755,-0.4,-2.775557561563E-17));
#1471 = LINE('',#1472,#1473);
#1472 = CARTESIAN_POINT('',(0.5,-0.4,0.));
#1473 = VECTOR('',#1474,1.);
#1474 = DIRECTION('',(1.,0.,0.));
#1475 = ORIENTED_EDGE('',*,*,#1476,.F.);
#1476 = EDGE_CURVE('',#1345,#1467,#1477,.T.);
#1477 = CIRCLE('',#1478,4.5E-02);
#1478 = AXIS2_PLACEMENT_3D('',#1479,#1480,#1481);
#1479 = CARTESIAN_POINT('',(0.545,-0.4,4.5E-02));
#1480 = DIRECTION('',(0.,-1.,0.));
#1481 = DIRECTION('',(0.,0.,1.));
#1482 = ORIENTED_EDGE('',*,*,#1344,.T.);
#1483 = ORIENTED_EDGE('',*,*,#1336,.T.);
#1484 = ORIENTED_EDGE('',*,*,#1328,.F.);
#1485 = ORIENTED_EDGE('',*,*,#1486,.T.);
#1486 = EDGE_CURVE('',#1321,#1487,#1489,.T.);
#1487 = VERTEX_POINT('',#1488);
#1488 = CARTESIAN_POINT('',(0.545,-0.4,0.45));
#1489 = CIRCLE('',#1490,4.5E-02);
#1490 = AXIS2_PLACEMENT_3D('',#1491,#1492,#1493);
#1491 = CARTESIAN_POINT('',(0.545,-0.4,0.405));
#1492 = DIRECTION('',(0.,1.,0.));
#1493 = DIRECTION('',(0.,-0.,1.));
#1494 = ORIENTED_EDGE('',*,*,#1495,.T.);
#1495 = EDGE_CURVE('',#1487,#1496,#1498,.T.);
#1496 = VERTEX_POINT('',#1497);
#1497 = CARTESIAN_POINT('',(0.755,-0.4,0.45));
#1498 = LINE('',#1499,#1500);
#1499 = CARTESIAN_POINT('',(0.5,-0.4,0.45));
#1500 = VECTOR('',#1501,1.);
#1501 = DIRECTION('',(1.,0.,0.));
#1502 = ORIENTED_EDGE('',*,*,#1503,.F.);
#1503 = EDGE_CURVE('',#1504,#1496,#1506,.T.);
#1504 = VERTEX_POINT('',#1505);
#1505 = CARTESIAN_POINT('',(0.8,-0.4,0.405));
#1506 = CIRCLE('',#1507,4.5E-02);
#1507 = AXIS2_PLACEMENT_3D('',#1508,#1509,#1510);
#1508 = CARTESIAN_POINT('',(0.755,-0.4,0.405));
#1509 = DIRECTION('',(0.,-1.,0.));
#1510 = DIRECTION('',(0.,0.,1.));
#1511 = ORIENTED_EDGE('',*,*,#1512,.F.);
#1512 = EDGE_CURVE('',#1513,#1504,#1515,.T.);
#1513 = VERTEX_POINT('',#1514);
#1514 = CARTESIAN_POINT('',(0.8,-0.4,4.5E-02));
#1515 = LINE('',#1516,#1517);
#1516 = CARTESIAN_POINT('',(0.8,-0.4,0.));
#1517 = VECTOR('',#1518,1.);
#1518 = DIRECTION('',(0.,0.,1.));
#1519 = ORIENTED_EDGE('',*,*,#1520,.T.);
#1520 = EDGE_CURVE('',#1513,#1469,#1521,.T.);
#1521 = CIRCLE('',#1522,4.5E-02);
#1522 = AXIS2_PLACEMENT_3D('',#1523,#1524,#1525);
#1523 = CARTESIAN_POINT('',(0.755,-0.4,4.5E-02));
#1524 = DIRECTION('',(0.,1.,0.));
#1525 = DIRECTION('',(0.,-0.,1.));
#1526 = PLANE('',#1527);
#1527 = AXIS2_PLACEMENT_3D('',#1528,#1529,#1530);
#1528 = CARTESIAN_POINT('',(0.5,-0.4,0.));
#1529 = DIRECTION('',(0.,1.,0.));
#1530 = DIRECTION('',(0.,-0.,1.));
#1531 = ADVANCED_FACE('',(#1532),#1557,.F.);
#1532 = FACE_BOUND('',#1533,.F.);
#1533 = EDGE_LOOP('',(#1534,#1535,#1543,#1551));
#1534 = ORIENTED_EDGE('',*,*,#1320,.F.);
#1535 = ORIENTED_EDGE('',*,*,#1536,.T.);
#1536 = EDGE_CURVE('',#1119,#1537,#1539,.T.);
#1537 = VERTEX_POINT('',#1538);
#1538 = CARTESIAN_POINT('',(-0.5,-0.4,0.45));
#1539 = LINE('',#1540,#1541);
#1540 = CARTESIAN_POINT('',(-0.5,-0.4,0.405));
#1541 = VECTOR('',#1542,1.);
#1542 = DIRECTION('',(0.,0.,1.));
#1543 = ORIENTED_EDGE('',*,*,#1544,.T.);
#1544 = EDGE_CURVE('',#1537,#1545,#1547,.T.);
#1545 = VERTEX_POINT('',#1546);
#1546 = CARTESIAN_POINT('',(0.5,-0.4,0.45));
#1547 = LINE('',#1548,#1549);
#1548 = CARTESIAN_POINT('',(-0.5,-0.4,0.45));
#1549 = VECTOR('',#1550,1.);
#1550 = DIRECTION('',(1.,0.,0.));
#1551 = ORIENTED_EDGE('',*,*,#1552,.F.);
#1552 = EDGE_CURVE('',#1321,#1545,#1553,.T.);
#1553 = LINE('',#1554,#1555);
#1554 = CARTESIAN_POINT('',(0.5,-0.4,0.405));
#1555 = VECTOR('',#1556,1.);
#1556 = DIRECTION('',(0.,0.,1.));
#1557 = PLANE('',#1558);
#1558 = AXIS2_PLACEMENT_3D('',#1559,#1560,#1561);
#1559 = CARTESIAN_POINT('',(-0.5,-0.4,0.405));
#1560 = DIRECTION('',(0.,1.,0.));
#1561 = DIRECTION('',(0.,-0.,1.));
#1562 = ADVANCED_FACE('',(#1563),#1581,.F.);
#1563 = FACE_BOUND('',#1564,.F.);
#1564 = EDGE_LOOP('',(#1565,#1566,#1567,#1575));
#1565 = ORIENTED_EDGE('',*,*,#1536,.F.);
#1566 = ORIENTED_EDGE('',*,*,#1383,.T.);
#1567 = ORIENTED_EDGE('',*,*,#1568,.T.);
#1568 = EDGE_CURVE('',#1236,#1569,#1571,.T.);
#1569 = VERTEX_POINT('',#1570);
#1570 = CARTESIAN_POINT('',(-0.5,0.4,0.45));
#1571 = LINE('',#1572,#1573);
#1572 = CARTESIAN_POINT('',(-0.5,0.4,0.405));
#1573 = VECTOR('',#1574,1.);
#1574 = DIRECTION('',(0.,0.,1.));
#1575 = ORIENTED_EDGE('',*,*,#1576,.F.);
#1576 = EDGE_CURVE('',#1537,#1569,#1577,.T.);
#1577 = LINE('',#1578,#1579);
#1578 = CARTESIAN_POINT('',(-0.5,-0.4,0.45));
#1579 = VECTOR('',#1580,1.);
#1580 = DIRECTION('',(0.,1.,0.));
#1581 = PLANE('',#1582);
#1582 = AXIS2_PLACEMENT_3D('',#1583,#1584,#1585);
#1583 = CARTESIAN_POINT('',(-0.5,-0.4,0.405));
#1584 = DIRECTION('',(1.,0.,0.));
#1585 = DIRECTION('',(0.,0.,1.));
#1586 = ADVANCED_FACE('',(#1587),#1650,.T.);
#1587 = FACE_BOUND('',#1588,.T.);
#1588 = EDGE_LOOP('',(#1589,#1599,#1606,#1607,#1608,#1609,#1618,#1626,
    #1635,#1643));
#1589 = ORIENTED_EDGE('',*,*,#1590,.F.);
#1590 = EDGE_CURVE('',#1591,#1593,#1595,.T.);
#1591 = VERTEX_POINT('',#1592);
#1592 = CARTESIAN_POINT('',(0.545,0.4,-2.775557561563E-17));
#1593 = VERTEX_POINT('',#1594);
#1594 = CARTESIAN_POINT('',(0.755,0.4,-2.775557561563E-17));
#1595 = LINE('',#1596,#1597);
#1596 = CARTESIAN_POINT('',(0.5,0.4,0.));
#1597 = VECTOR('',#1598,1.);
#1598 = DIRECTION('',(1.,0.,0.));
#1599 = ORIENTED_EDGE('',*,*,#1600,.F.);
#1600 = EDGE_CURVE('',#1428,#1591,#1601,.T.);
#1601 = CIRCLE('',#1602,4.5E-02);
#1602 = AXIS2_PLACEMENT_3D('',#1603,#1604,#1605);
#1603 = CARTESIAN_POINT('',(0.545,0.4,4.5E-02));
#1604 = DIRECTION('',(0.,-1.,0.));
#1605 = DIRECTION('',(0.,0.,1.));
#1606 = ORIENTED_EDGE('',*,*,#1427,.T.);
#1607 = ORIENTED_EDGE('',*,*,#1419,.T.);
#1608 = ORIENTED_EDGE('',*,*,#1411,.F.);
#1609 = ORIENTED_EDGE('',*,*,#1610,.T.);
#1610 = EDGE_CURVE('',#1404,#1611,#1613,.T.);
#1611 = VERTEX_POINT('',#1612);
#1612 = CARTESIAN_POINT('',(0.545,0.4,0.45));
#1613 = CIRCLE('',#1614,4.5E-02);
#1614 = AXIS2_PLACEMENT_3D('',#1615,#1616,#1617);
#1615 = CARTESIAN_POINT('',(0.545,0.4,0.405));
#1616 = DIRECTION('',(0.,1.,0.));
#1617 = DIRECTION('',(0.,-0.,1.));
#1618 = ORIENTED_EDGE('',*,*,#1619,.T.);
#1619 = EDGE_CURVE('',#1611,#1620,#1622,.T.);
#1620 = VERTEX_POINT('',#1621);
#1621 = CARTESIAN_POINT('',(0.755,0.4,0.45));
#1622 = LINE('',#1623,#1624);
#1623 = CARTESIAN_POINT('',(0.5,0.4,0.45));
#1624 = VECTOR('',#1625,1.);
#1625 = DIRECTION('',(1.,0.,0.));
#1626 = ORIENTED_EDGE('',*,*,#1627,.F.);
#1627 = EDGE_CURVE('',#1628,#1620,#1630,.T.);
#1628 = VERTEX_POINT('',#1629);
#1629 = CARTESIAN_POINT('',(0.8,0.4,0.405));
#1630 = CIRCLE('',#1631,4.5E-02);
#1631 = AXIS2_PLACEMENT_3D('',#1632,#1633,#1634);
#1632 = CARTESIAN_POINT('',(0.755,0.4,0.405));
#1633 = DIRECTION('',(0.,-1.,0.));
#1634 = DIRECTION('',(0.,0.,1.));
#1635 = ORIENTED_EDGE('',*,*,#1636,.F.);
#1636 = EDGE_CURVE('',#1637,#1628,#1639,.T.);
#1637 = VERTEX_POINT('',#1638);
#1638 = CARTESIAN_POINT('',(0.8,0.4,4.5E-02));
#1639 = LINE('',#1640,#1641);
#1640 = CARTESIAN_POINT('',(0.8,0.4,0.));
#1641 = VECTOR('',#1642,1.);
#1642 = DIRECTION('',(0.,0.,1.));
#1643 = ORIENTED_EDGE('',*,*,#1644,.T.);
#1644 = EDGE_CURVE('',#1637,#1593,#1645,.T.);
#1645 = CIRCLE('',#1646,4.5E-02);
#1646 = AXIS2_PLACEMENT_3D('',#1647,#1648,#1649);
#1647 = CARTESIAN_POINT('',(0.755,0.4,4.5E-02));
#1648 = DIRECTION('',(0.,1.,0.));
#1649 = DIRECTION('',(0.,-0.,1.));
#1650 = PLANE('',#1651);
#1651 = AXIS2_PLACEMENT_3D('',#1652,#1653,#1654);
#1652 = CARTESIAN_POINT('',(0.5,0.4,0.));
#1653 = DIRECTION('',(0.,1.,0.));
#1654 = DIRECTION('',(0.,-0.,1.));
#1655 = ADVANCED_FACE('',(#1656),#1674,.T.);
#1656 = FACE_BOUND('',#1657,.T.);
#1657 = EDGE_LOOP('',(#1658,#1659,#1660,#1668));
#1658 = ORIENTED_EDGE('',*,*,#1403,.F.);
#1659 = ORIENTED_EDGE('',*,*,#1568,.T.);
#1660 = ORIENTED_EDGE('',*,*,#1661,.T.);
#1661 = EDGE_CURVE('',#1569,#1662,#1664,.T.);
#1662 = VERTEX_POINT('',#1663);
#1663 = CARTESIAN_POINT('',(0.5,0.4,0.45));
#1664 = LINE('',#1665,#1666);
#1665 = CARTESIAN_POINT('',(-0.5,0.4,0.45));
#1666 = VECTOR('',#1667,1.);
#1667 = DIRECTION('',(1.,0.,0.));
#1668 = ORIENTED_EDGE('',*,*,#1669,.F.);
#1669 = EDGE_CURVE('',#1404,#1662,#1670,.T.);
#1670 = LINE('',#1671,#1672);
#1671 = CARTESIAN_POINT('',(0.5,0.4,0.405));
#1672 = VECTOR('',#1673,1.);
#1673 = DIRECTION('',(0.,0.,1.));
#1674 = PLANE('',#1675);
#1675 = AXIS2_PLACEMENT_3D('',#1676,#1677,#1678);
#1676 = CARTESIAN_POINT('',(-0.5,0.4,0.405));
#1677 = DIRECTION('',(0.,1.,0.));
#1678 = DIRECTION('',(0.,-0.,1.));
#1679 = ADVANCED_FACE('',(#1680),#1691,.T.);
#1680 = FACE_BOUND('',#1681,.T.);
#1681 = EDGE_LOOP('',(#1682,#1683,#1684,#1690));
#1682 = ORIENTED_EDGE('',*,*,#1451,.T.);
#1683 = ORIENTED_EDGE('',*,*,#1600,.T.);
#1684 = ORIENTED_EDGE('',*,*,#1685,.F.);
#1685 = EDGE_CURVE('',#1467,#1591,#1686,.T.);
#1686 = LINE('',#1687,#1688);
#1687 = CARTESIAN_POINT('',(0.545,-0.4,-2.775557561563E-17));
#1688 = VECTOR('',#1689,1.);
#1689 = DIRECTION('',(0.,1.,0.));
#1690 = ORIENTED_EDGE('',*,*,#1476,.F.);
#1691 = CYLINDRICAL_SURFACE('',#1692,4.5E-02);
#1692 = AXIS2_PLACEMENT_3D('',#1693,#1694,#1695);
#1693 = CARTESIAN_POINT('',(0.545,-0.4,4.5E-02));
#1694 = DIRECTION('',(0.,1.,0.));
#1695 = DIRECTION('',(-1.,0.,0.));
#1696 = ADVANCED_FACE('',(#1697),#1708,.F.);
#1697 = FACE_BOUND('',#1698,.F.);
#1698 = EDGE_LOOP('',(#1699,#1700,#1701,#1702));
#1699 = ORIENTED_EDGE('',*,*,#1590,.F.);
#1700 = ORIENTED_EDGE('',*,*,#1685,.F.);
#1701 = ORIENTED_EDGE('',*,*,#1466,.T.);
#1702 = ORIENTED_EDGE('',*,*,#1703,.T.);
#1703 = EDGE_CURVE('',#1469,#1593,#1704,.T.);
#1704 = LINE('',#1705,#1706);
#1705 = CARTESIAN_POINT('',(0.755,-0.4,-2.775557561563E-17));
#1706 = VECTOR('',#1707,1.);
#1707 = DIRECTION('',(0.,1.,0.));
#1708 = PLANE('',#1709);
#1709 = AXIS2_PLACEMENT_3D('',#1710,#1711,#1712);
#1710 = CARTESIAN_POINT('',(0.5,-0.4,0.));
#1711 = DIRECTION('',(0.,0.,1.));
#1712 = DIRECTION('',(1.,0.,-0.));
#1713 = ADVANCED_FACE('',(#1714),#1725,.T.);
#1714 = FACE_BOUND('',#1715,.T.);
#1715 = EDGE_LOOP('',(#1716,#1717,#1718,#1719));
#1716 = ORIENTED_EDGE('',*,*,#1520,.T.);
#1717 = ORIENTED_EDGE('',*,*,#1703,.T.);
#1718 = ORIENTED_EDGE('',*,*,#1644,.F.);
#1719 = ORIENTED_EDGE('',*,*,#1720,.F.);
#1720 = EDGE_CURVE('',#1513,#1637,#1721,.T.);
#1721 = LINE('',#1722,#1723);
#1722 = CARTESIAN_POINT('',(0.8,-0.4,4.5E-02));
#1723 = VECTOR('',#1724,1.);
#1724 = DIRECTION('',(0.,1.,0.));
#1725 = CYLINDRICAL_SURFACE('',#1726,4.5E-02);
#1726 = AXIS2_PLACEMENT_3D('',#1727,#1728,#1729);
#1727 = CARTESIAN_POINT('',(0.755,-0.4,4.5E-02));
#1728 = DIRECTION('',(0.,1.,0.));
#1729 = DIRECTION('',(1.,0.,0.));
#1730 = ADVANCED_FACE('',(#1731),#1742,.T.);
#1731 = FACE_BOUND('',#1732,.T.);
#1732 = EDGE_LOOP('',(#1733,#1734,#1735,#1736));
#1733 = ORIENTED_EDGE('',*,*,#1512,.F.);
#1734 = ORIENTED_EDGE('',*,*,#1720,.T.);
#1735 = ORIENTED_EDGE('',*,*,#1636,.T.);
#1736 = ORIENTED_EDGE('',*,*,#1737,.F.);
#1737 = EDGE_CURVE('',#1504,#1628,#1738,.T.);
#1738 = LINE('',#1739,#1740);
#1739 = CARTESIAN_POINT('',(0.8,-0.4,0.405));
#1740 = VECTOR('',#1741,1.);
#1741 = DIRECTION('',(0.,1.,0.));
#1742 = PLANE('',#1743);
#1743 = AXIS2_PLACEMENT_3D('',#1744,#1745,#1746);
#1744 = CARTESIAN_POINT('',(0.8,-0.4,0.));
#1745 = DIRECTION('',(1.,0.,0.));
#1746 = DIRECTION('',(0.,0.,1.));
#1747 = ADVANCED_FACE('',(#1748),#1759,.T.);
#1748 = FACE_BOUND('',#1749,.T.);
#1749 = EDGE_LOOP('',(#1750,#1751,#1752,#1758));
#1750 = ORIENTED_EDGE('',*,*,#1737,.T.);
#1751 = ORIENTED_EDGE('',*,*,#1627,.T.);
#1752 = ORIENTED_EDGE('',*,*,#1753,.F.);
#1753 = EDGE_CURVE('',#1496,#1620,#1754,.T.);
#1754 = LINE('',#1755,#1756);
#1755 = CARTESIAN_POINT('',(0.755,-0.4,0.45));
#1756 = VECTOR('',#1757,1.);
#1757 = DIRECTION('',(0.,1.,0.));
#1758 = ORIENTED_EDGE('',*,*,#1503,.F.);
#1759 = CYLINDRICAL_SURFACE('',#1760,4.5E-02);
#1760 = AXIS2_PLACEMENT_3D('',#1761,#1762,#1763);
#1761 = CARTESIAN_POINT('',(0.755,-0.4,0.405));
#1762 = DIRECTION('',(0.,1.,0.));
#1763 = DIRECTION('',(1.,0.,0.));
#1764 = ADVANCED_FACE('',(#1765),#1776,.T.);
#1765 = FACE_BOUND('',#1766,.T.);
#1766 = EDGE_LOOP('',(#1767,#1768,#1774,#1775));
#1767 = ORIENTED_EDGE('',*,*,#1619,.F.);
#1768 = ORIENTED_EDGE('',*,*,#1769,.F.);
#1769 = EDGE_CURVE('',#1487,#1611,#1770,.T.);
#1770 = LINE('',#1771,#1772);
#1771 = CARTESIAN_POINT('',(0.545,-0.4,0.45));
#1772 = VECTOR('',#1773,1.);
#1773 = DIRECTION('',(0.,1.,0.));
#1774 = ORIENTED_EDGE('',*,*,#1495,.T.);
#1775 = ORIENTED_EDGE('',*,*,#1753,.T.);
#1776 = PLANE('',#1777);
#1777 = AXIS2_PLACEMENT_3D('',#1778,#1779,#1780);
#1778 = CARTESIAN_POINT('',(0.5,-0.4,0.45));
#1779 = DIRECTION('',(0.,0.,1.));
#1780 = DIRECTION('',(1.,0.,-0.));
#1781 = ADVANCED_FACE('',(#1782),#1793,.T.);
#1782 = FACE_BOUND('',#1783,.T.);
#1783 = EDGE_LOOP('',(#1784,#1785,#1786,#1787));
#1784 = ORIENTED_EDGE('',*,*,#1486,.T.);
#1785 = ORIENTED_EDGE('',*,*,#1769,.T.);
#1786 = ORIENTED_EDGE('',*,*,#1610,.F.);
#1787 = ORIENTED_EDGE('',*,*,#1788,.F.);
#1788 = EDGE_CURVE('',#1321,#1404,#1789,.T.);
#1789 = LINE('',#1790,#1791);
#1790 = CARTESIAN_POINT('',(0.5,-0.4,0.405));
#1791 = VECTOR('',#1792,1.);
#1792 = DIRECTION('',(0.,1.,0.));
#1793 = CYLINDRICAL_SURFACE('',#1794,4.5E-02);
#1794 = AXIS2_PLACEMENT_3D('',#1795,#1796,#1797);
#1795 = CARTESIAN_POINT('',(0.545,-0.4,0.405));
#1796 = DIRECTION('',(0.,1.,0.));
#1797 = DIRECTION('',(-1.,0.,0.));
#1798 = ADVANCED_FACE('',(#1799),#1810,.T.);
#1799 = FACE_BOUND('',#1800,.T.);
#1800 = EDGE_LOOP('',(#1801,#1802,#1803,#1804));
#1801 = ORIENTED_EDGE('',*,*,#1552,.F.);
#1802 = ORIENTED_EDGE('',*,*,#1788,.T.);
#1803 = ORIENTED_EDGE('',*,*,#1669,.T.);
#1804 = ORIENTED_EDGE('',*,*,#1805,.F.);
#1805 = EDGE_CURVE('',#1545,#1662,#1806,.T.);
#1806 = LINE('',#1807,#1808);
#1807 = CARTESIAN_POINT('',(0.5,-0.4,0.45));
#1808 = VECTOR('',#1809,1.);
#1809 = DIRECTION('',(0.,1.,0.));
#1810 = PLANE('',#1811);
#1811 = AXIS2_PLACEMENT_3D('',#1812,#1813,#1814);
#1812 = CARTESIAN_POINT('',(0.5,-0.4,0.405));
#1813 = DIRECTION('',(1.,0.,0.));
#1814 = DIRECTION('',(0.,0.,1.));
#1815 = ADVANCED_FACE('',(#1816),#1822,.T.);
#1816 = FACE_BOUND('',#1817,.T.);
#1817 = EDGE_LOOP('',(#1818,#1819,#1820,#1821));
#1818 = ORIENTED_EDGE('',*,*,#1576,.F.);
#1819 = ORIENTED_EDGE('',*,*,#1544,.T.);
#1820 = ORIENTED_EDGE('',*,*,#1805,.T.);
#1821 = ORIENTED_EDGE('',*,*,#1661,.F.);
#1822 = PLANE('',#1823);
#1823 = AXIS2_PLACEMENT_3D('',#1824,#1825,#1826);
#1824 = CARTESIAN_POINT('',(-0.5,-0.4,0.45));
#1825 = DIRECTION('',(0.,0.,1.));
#1826 = DIRECTION('',(1.,0.,-0.));
#1827 = ( GEOMETRIC_REPRESENTATION_CONTEXT(3) 
GLOBAL_UNCERTAINTY_ASSIGNED_CONTEXT((#1831)) 
GLOBAL_UNIT_ASSIGNED_CONTEXT((#1828,#1829,#1830)) REPRESENTATION_CONTEXT
('Context #1','3D Context with UNIT and UNCERTAINTY') );
#1828 = ( LENGTH_UNIT() NAMED_UNIT(*) SI_UNIT(.MILLI.,.METRE.) );
#1829 = ( NAMED_UNIT(*) PLANE_ANGLE_UNIT() SI_UNIT($,.RADIAN.) );
#1830 = ( NAMED_UNIT(*) SI_UNIT($,.STERADIAN.) SOLID_ANGLE_UNIT() );
#1831 = UNCERTAINTY_MEASURE_WITH_UNIT(LENGTH_MEASURE(1.E-07),#1828,
  'distance_accuracy_value','confusion accuracy');
#1832 = CONTEXT_DEPENDENT_SHAPE_REPRESENTATION(#1833,#1835);
#1833 = ( REPRESENTATION_RELATIONSHIP('','',#1036,#1013) 
REPRESENTATION_RELATIONSHIP_WITH_TRANSFORMATION(#1834) 
SHAPE_REPRESENTATION_RELATIONSHIP() );
#1834 = ITEM_DEFINED_TRANSFORMATION('','',#11,#1014);
#1835 = PRODUCT_DEFINITION_SHAPE('Placement','Placement of an item',
  #1836);
#1836 = NEXT_ASSEMBLY_USAGE_OCCURRENCE('4','=>[0:1:1:5]','',#1008,#1031,
  $);
#1837 = PRODUCT_RELATED_PRODUCT_CATEGORY('part',$,(#1033));
#1838 = CONTEXT_DEPENDENT_SHAPE_REPRESENTATION(#1839,#1841);
#1839 = ( REPRESENTATION_RELATIONSHIP('','',#1013,#10) 
REPRESENTATION_RELATIONSHIP_WITH_TRANSFORMATION(#1840) 
SHAPE_REPRESENTATION_RELATIONSHIP() );
#1840 = ITEM_DEFINED_TRANSFORMATION('','',#11,#27);
#1841 = PRODUCT_DEFINITION_SHAPE('Placement','Placement of an item',
  #1842);
#1842 = NEXT_ASSEMBLY_USAGE_OCCURRENCE('6','R3','',#5,#1008,$);
#1843 = CONTEXT_DEPENDENT_SHAPE_REPRESENTATION(#1844,#1846);
#1844 = ( REPRESENTATION_RELATIONSHIP('','',#112,#10) 
REPRESENTATION_RELATIONSHIP_WITH_TRANSFORMATION(#1845) 
SHAPE_REPRESENTATION_RELATIONSHIP() );
#1845 = ITEM_DEFINED_TRANSFORMATION('','',#11,#31);
#1846 = PRODUCT_DEFINITION_SHAPE('Placement','Placement of an item',
  #1847);
#1847 = NEXT_ASSEMBLY_USAGE_OCCURRENCE('7','C6','',#5,#107,$);
#1848 = CONTEXT_DEPENDENT_SHAPE_REPRESENTATION(#1849,#1851);
#1849 = ( REPRESENTATION_RELATIONSHIP('','',#112,#10) 
REPRESENTATION_RELATIONSHIP_WITH_TRANSFORMATION(#1850) 
SHAPE_REPRESENTATION_RELATIONSHIP() );
#1850 = ITEM_DEFINED_TRANSFORMATION('','',#11,#35);
#1851 = PRODUCT_DEFINITION_SHAPE('Placement','Placement of an item',
  #1852);
#1852 = NEXT_ASSEMBLY_USAGE_OCCURRENCE('8','C1','',#5,#107,$);
#1853 = SHAPE_DEFINITION_REPRESENTATION(#1854,#1860);
#1854 = PRODUCT_DEFINITION_SHAPE('','',#1855);
#1855 = PRODUCT_DEFINITION('design','',#1856,#1859);
#1856 = PRODUCT_DEFINITION_FORMATION('','',#1857);
#1857 = PRODUCT('SOIC-8_3.9x4.9mm_P1.27mm','SOIC-8_3.9x4.9mm_P1.27mm',''
  ,(#1858));
#1858 = PRODUCT_CONTEXT('',#2,'mechanical');
#1859 = PRODUCT_DEFINITION_CONTEXT('part definition',#2,'design');
#1860 = SHAPE_REPRESENTATION('',(#11,#1861),#1865);
#1861 = AXIS2_PLACEMENT_3D('',#1862,#1863,#1864);
#1862 = CARTESIAN_POINT('',(0.,0.,0.));
#1863 = DIRECTION('',(0.,0.,1.));
#1864 = DIRECTION('',(1.,0.,-0.));
#1865 = ( GEOMETRIC_REPRESENTATION_CONTEXT(3) 
GLOBAL_UNCERTAINTY_ASSIGNED_CONTEXT((#1869)) 
GLOBAL_UNIT_ASSIGNED_CONTEXT((#1866,#1867,#1868)) REPRESENTATION_CONTEXT
('Context #1','3D Context with UNIT and UNCERTAINTY') );
#1866 = ( LENGTH_UNIT() NAMED_UNIT(*) SI_UNIT(.MILLI.,.METRE.) );
#1867 = ( NAMED_UNIT(*) PLANE_ANGLE_UNIT() SI_UNIT($,.RADIAN.) );
#1868 = ( NAMED_UNIT(*) SI_UNIT($,.STERADIAN.) SOLID_ANGLE_UNIT() );
#1869 = UNCERTAINTY_MEASURE_WITH_UNIT(LENGTH_MEASURE(2.E-06),#1866,
  'distance_accuracy_value','confusion accuracy');
#1870 = CONTEXT_DEPENDENT_SHAPE_REPRESENTATION(#1871,#1873);
#1871 = ( REPRESENTATION_RELATIONSHIP('','',#1860,#10) 
REPRESENTATION_RELATIONSHIP_WITH_TRANSFORMATION(#1872) 
SHAPE_REPRESENTATION_RELATIONSHIP() );
#1872 = ITEM_DEFINED_TRANSFORMATION('','',#11,#39);
#1873 = PRODUCT_DEFINITION_SHAPE('Placement','Placement of an item',
  #1874);
#1874 = NEXT_ASSEMBLY_USAGE_OCCURRENCE('10','U1','',#5,#1855,$);
#1875 = PRODUCT_RELATED_PRODUCT_CATEGORY('part',$,(#1857));
#1876 = SHAPE_DEFINITION_REPRESENTATION(#1877,#1883);
#1877 = PRODUCT_DEFINITION_SHAPE('','',#1878);
#1878 = PRODUCT_DEFINITION('design','',#1879,#1882);
#1879 = PRODUCT_DEFINITION_FORMATION('','',#1880);
#1880 = PRODUCT('SOIC_8_39x49mm_P127mm','SOIC_8_39x49mm_P127mm','',(
    #1881));
#1881 = PRODUCT_CONTEXT('',#2,'mechanical');
#1882 = PRODUCT_DEFINITION_CONTEXT('part definition',#2,'design');
#1883 = ADVANCED_BREP_SHAPE_REPRESENTATION('',(#11,#1884),#6491);
#1884 = MANIFOLD_SOLID_BREP('',#1885);
#1885 = CLOSED_SHELL('',(#1886,#1928,#1959,#1990,#2074,#2158,#2251,#2268
    ,#2291,#2329,#2346,#2363,#2380,#2397,#2414,#2426,#2450,#2513,#2536,
    #2559,#2589,#2620,#2651,#2682,#2713,#2744,#2767,#2790,#2876,#2893,
    #2985,#3008,#3031,#3054,#3141,#3158,#3181,#3273,#3294,#3386,#3403,
    #3495,#3517,#3542,#3626,#3718,#3735,#3757,#3780,#3803,#3826,#3893,
    #3916,#3935,#3954,#3973,#3990,#4007,#4024,#4041,#4058,#4075,#4092,
    #4104,#4127,#4150,#4174,#4204,#4235,#4266,#4297,#4328,#4359,#4390,
    #4421,#4438,#4454,#4471,#4488,#4505,#4522,#4539,#4556,#4573,#4585,
    #4602,#4619,#4636,#4653,#4670,#4687,#4704,#4716,#4739,#4755,#4778,
    #4865,#4888,#4905,#4930,#4946,#4962,#4979,#5071,#5163,#5184,#5209,
    #5293,#5385,#5402,#5424,#5516,#5608,#5630,#5655,#5739,#5831,#5848,
    #5870,#5882,#5901,#5920,#5939,#5958,#5967,#5984,#6001,#6018,#6035,
    #6052,#6069,#6086,#6098,#6115,#6132,#6149,#6166,#6183,#6200,#6217,
    #6229,#6246,#6263,#6280,#6297,#6314,#6331,#6348,#6360,#6377,#6394,
    #6411,#6428,#6445,#6462,#6479));
#1886 = ADVANCED_FACE('',(#1887),#1923,.F.);
#1887 = FACE_BOUND('',#1888,.F.);
#1888 = EDGE_LOOP('',(#1889,#1899,#1908,#1916));
#1889 = ORIENTED_EDGE('',*,*,#1890,.T.);
#1890 = EDGE_CURVE('',#1891,#1893,#1895,.T.);
#1891 = VERTEX_POINT('',#1892);
#1892 = CARTESIAN_POINT('',(2.25,2.11,0.825));
#1893 = VERTEX_POINT('',#1894);
#1894 = CARTESIAN_POINT('',(2.25,1.7,0.825));
#1895 = LINE('',#1896,#1897);
#1896 = CARTESIAN_POINT('',(2.25,2.11,0.825));
#1897 = VECTOR('',#1898,1.);
#1898 = DIRECTION('',(2.22044604925E-16,-1.,0.));
#1899 = ORIENTED_EDGE('',*,*,#1900,.T.);
#1900 = EDGE_CURVE('',#1893,#1901,#1903,.T.);
#1901 = VERTEX_POINT('',#1902);
#1902 = CARTESIAN_POINT('',(2.35,1.7,0.725));
#1903 = CIRCLE('',#1904,0.1);
#1904 = AXIS2_PLACEMENT_3D('',#1905,#1906,#1907);
#1905 = CARTESIAN_POINT('',(2.25,1.7,0.725));
#1906 = DIRECTION('',(-2.22044604925E-16,1.,0.));
#1907 = DIRECTION('',(4.440892098501E-15,9.860761315262E-31,1.));
#1908 = ORIENTED_EDGE('',*,*,#1909,.F.);
#1909 = EDGE_CURVE('',#1910,#1901,#1912,.T.);
#1910 = VERTEX_POINT('',#1911);
#1911 = CARTESIAN_POINT('',(2.35,2.11,0.725));
#1912 = LINE('',#1913,#1914);
#1913 = CARTESIAN_POINT('',(2.35,2.11,0.725));
#1914 = VECTOR('',#1915,1.);
#1915 = DIRECTION('',(2.22044604925E-16,-1.,0.));
#1916 = ORIENTED_EDGE('',*,*,#1917,.F.);
#1917 = EDGE_CURVE('',#1891,#1910,#1918,.T.);
#1918 = CIRCLE('',#1919,0.1);
#1919 = AXIS2_PLACEMENT_3D('',#1920,#1921,#1922);
#1920 = CARTESIAN_POINT('',(2.25,2.11,0.725));
#1921 = DIRECTION('',(-2.22044604925E-16,1.,0.));
#1922 = DIRECTION('',(4.440892098501E-15,9.860761315262E-31,1.));
#1923 = CYLINDRICAL_SURFACE('',#1924,0.1);
#1924 = AXIS2_PLACEMENT_3D('',#1925,#1926,#1927);
#1925 = CARTESIAN_POINT('',(2.25,2.11,0.725));
#1926 = DIRECTION('',(-2.22044604925E-16,1.,0.));
#1927 = DIRECTION('',(4.440892098501E-15,9.860761315262E-31,1.));
#1928 = ADVANCED_FACE('',(#1929),#1954,.F.);
#1929 = FACE_BOUND('',#1930,.F.);
#1930 = EDGE_LOOP('',(#1931,#1939,#1947,#1953));
#1931 = ORIENTED_EDGE('',*,*,#1932,.F.);
#1932 = EDGE_CURVE('',#1933,#1891,#1935,.T.);
#1933 = VERTEX_POINT('',#1934);
#1934 = CARTESIAN_POINT('',(1.95,2.11,0.825));
#1935 = LINE('',#1936,#1937);
#1936 = CARTESIAN_POINT('',(1.8,2.11,0.825));
#1937 = VECTOR('',#1938,1.);
#1938 = DIRECTION('',(1.,2.22044604925E-16,0.));
#1939 = ORIENTED_EDGE('',*,*,#1940,.T.);
#1940 = EDGE_CURVE('',#1933,#1941,#1943,.T.);
#1941 = VERTEX_POINT('',#1942);
#1942 = CARTESIAN_POINT('',(1.95,1.7,0.825));
#1943 = LINE('',#1944,#1945);
#1944 = CARTESIAN_POINT('',(1.95,2.275,0.825));
#1945 = VECTOR('',#1946,1.);
#1946 = DIRECTION('',(2.22044604925E-16,-1.,0.));
#1947 = ORIENTED_EDGE('',*,*,#1948,.T.);
#1948 = EDGE_CURVE('',#1941,#1893,#1949,.T.);
#1949 = LINE('',#1950,#1951);
#1950 = CARTESIAN_POINT('',(1.8,1.7,0.825));
#1951 = VECTOR('',#1952,1.);
#1952 = DIRECTION('',(1.,2.22044604925E-16,0.));
#1953 = ORIENTED_EDGE('',*,*,#1890,.F.);
#1954 = PLANE('',#1955);
#1955 = AXIS2_PLACEMENT_3D('',#1956,#1957,#1958);
#1956 = CARTESIAN_POINT('',(1.8,2.11,0.825));
#1957 = DIRECTION('',(0.,0.,1.));
#1958 = DIRECTION('',(1.,2.22044604925E-16,-0.));
#1959 = ADVANCED_FACE('',(#1960),#1985,.F.);
#1960 = FACE_BOUND('',#1961,.F.);
#1961 = EDGE_LOOP('',(#1962,#1963,#1971,#1979));
#1962 = ORIENTED_EDGE('',*,*,#1909,.T.);
#1963 = ORIENTED_EDGE('',*,*,#1964,.T.);
#1964 = EDGE_CURVE('',#1901,#1965,#1967,.T.);
#1965 = VERTEX_POINT('',#1966);
#1966 = CARTESIAN_POINT('',(2.35,1.7,0.3));
#1967 = LINE('',#1968,#1969);
#1968 = CARTESIAN_POINT('',(2.35,1.7,0.725));
#1969 = VECTOR('',#1970,1.);
#1970 = DIRECTION('',(1.044915787883E-15,2.320179133003E-31,-1.));
#1971 = ORIENTED_EDGE('',*,*,#1972,.F.);
#1972 = EDGE_CURVE('',#1973,#1965,#1975,.T.);
#1973 = VERTEX_POINT('',#1974);
#1974 = CARTESIAN_POINT('',(2.35,2.11,0.3));
#1975 = LINE('',#1976,#1977);
#1976 = CARTESIAN_POINT('',(2.35,2.11,0.3));
#1977 = VECTOR('',#1978,1.);
#1978 = DIRECTION('',(2.22044604925E-16,-1.,0.));
#1979 = ORIENTED_EDGE('',*,*,#1980,.F.);
#1980 = EDGE_CURVE('',#1910,#1973,#1981,.T.);
#1981 = LINE('',#1982,#1983);
#1982 = CARTESIAN_POINT('',(2.35,2.11,0.725));
#1983 = VECTOR('',#1984,1.);
#1984 = DIRECTION('',(1.044915787883E-15,2.320179133003E-31,-1.));
#1985 = PLANE('',#1986);
#1986 = AXIS2_PLACEMENT_3D('',#1987,#1988,#1989);
#1987 = CARTESIAN_POINT('',(2.35,2.11,0.725));
#1988 = DIRECTION('',(1.,2.22044604925E-16,1.044915787883E-15));
#1989 = DIRECTION('',(1.044915787883E-15,2.320179133003E-31,-1.));
#1990 = ADVANCED_FACE('',(#1991),#2069,.F.);
#1991 = FACE_BOUND('',#1992,.F.);
#1992 = EDGE_LOOP('',(#1993,#2001,#2002,#2003,#2004,#2013,#2021,#2029,
    #2037,#2046,#2054,#2063));
#1993 = ORIENTED_EDGE('',*,*,#1994,.F.);
#1994 = EDGE_CURVE('',#1933,#1995,#1997,.T.);
#1995 = VERTEX_POINT('',#1996);
#1996 = CARTESIAN_POINT('',(1.95,2.11,1.025));
#1997 = LINE('',#1998,#1999);
#1998 = CARTESIAN_POINT('',(1.95,2.11,0.778829828783));
#1999 = VECTOR('',#2000,1.);
#2000 = DIRECTION('',(0.,0.,1.));
#2001 = ORIENTED_EDGE('',*,*,#1932,.T.);
#2002 = ORIENTED_EDGE('',*,*,#1917,.T.);
#2003 = ORIENTED_EDGE('',*,*,#1980,.T.);
#2004 = ORIENTED_EDGE('',*,*,#2005,.T.);
#2005 = EDGE_CURVE('',#1973,#2006,#2008,.T.);
#2006 = VERTEX_POINT('',#2007);
#2007 = CARTESIAN_POINT('',(2.65,2.11,5.551115123126E-17));
#2008 = CIRCLE('',#2009,0.3);
#2009 = AXIS2_PLACEMENT_3D('',#2010,#2011,#2012);
#2010 = CARTESIAN_POINT('',(2.65,2.11,0.3));
#2011 = DIRECTION('',(2.22044604925E-16,-1.,0.));
#2012 = DIRECTION('',(-1.,-2.22044604925E-16,3.515706244646E-15));
#2013 = ORIENTED_EDGE('',*,*,#2014,.T.);
#2014 = EDGE_CURVE('',#2006,#2015,#2017,.T.);
#2015 = VERTEX_POINT('',#2016);
#2016 = CARTESIAN_POINT('',(3.,2.11,5.551115123126E-17));
#2017 = LINE('',#2018,#2019);
#2018 = CARTESIAN_POINT('',(2.65,2.11,5.551115123126E-17));
#2019 = VECTOR('',#2020,1.);
#2020 = DIRECTION('',(1.,2.22044604925E-16,0.));
#2021 = ORIENTED_EDGE('',*,*,#2022,.T.);
#2022 = EDGE_CURVE('',#2015,#2023,#2025,.T.);
#2023 = VERTEX_POINT('',#2024);
#2024 = CARTESIAN_POINT('',(3.,2.11,0.2));
#2025 = LINE('',#2026,#2027);
#2026 = CARTESIAN_POINT('',(3.,2.11,5.551115123126E-17));
#2027 = VECTOR('',#2028,1.);
#2028 = DIRECTION('',(0.,0.,1.));
#2029 = ORIENTED_EDGE('',*,*,#2030,.T.);
#2030 = EDGE_CURVE('',#2023,#2031,#2033,.T.);
#2031 = VERTEX_POINT('',#2032);
#2032 = CARTESIAN_POINT('',(2.65,2.11,0.2));
#2033 = LINE('',#2034,#2035);
#2034 = CARTESIAN_POINT('',(3.,2.11,0.2));
#2035 = VECTOR('',#2036,1.);
#2036 = DIRECTION('',(-1.,-2.22044604925E-16,0.));
#2037 = ORIENTED_EDGE('',*,*,#2038,.T.);
#2038 = EDGE_CURVE('',#2031,#2039,#2041,.T.);
#2039 = VERTEX_POINT('',#2040);
#2040 = CARTESIAN_POINT('',(2.55,2.11,0.3));
#2041 = CIRCLE('',#2042,0.1);
#2042 = AXIS2_PLACEMENT_3D('',#2043,#2044,#2045);
#2043 = CARTESIAN_POINT('',(2.65,2.11,0.3));
#2044 = DIRECTION('',(-2.22044604925E-16,1.,0.));
#2045 = DIRECTION('',(0.,0.,-1.));
#2046 = ORIENTED_EDGE('',*,*,#2047,.T.);
#2047 = EDGE_CURVE('',#2039,#2048,#2050,.T.);
#2048 = VERTEX_POINT('',#2049);
#2049 = CARTESIAN_POINT('',(2.55,2.11,0.725));
#2050 = LINE('',#2051,#2052);
#2051 = CARTESIAN_POINT('',(2.55,2.11,0.3));
#2052 = VECTOR('',#2053,1.);
#2053 = DIRECTION('',(0.,0.,1.));
#2054 = ORIENTED_EDGE('',*,*,#2055,.T.);
#2055 = EDGE_CURVE('',#2048,#2056,#2058,.T.);
#2056 = VERTEX_POINT('',#2057);
#2057 = CARTESIAN_POINT('',(2.25,2.11,1.025));
#2058 = CIRCLE('',#2059,0.3);
#2059 = AXIS2_PLACEMENT_3D('',#2060,#2061,#2062);
#2060 = CARTESIAN_POINT('',(2.25,2.11,0.725));
#2061 = DIRECTION('',(2.22044604925E-16,-1.,0.));
#2062 = DIRECTION('',(1.,2.22044604925E-16,3.700743415417E-16));
#2063 = ORIENTED_EDGE('',*,*,#2064,.T.);
#2064 = EDGE_CURVE('',#2056,#1995,#2065,.T.);
#2065 = LINE('',#2066,#2067);
#2066 = CARTESIAN_POINT('',(2.25,2.11,1.025));
#2067 = VECTOR('',#2068,1.);
#2068 = DIRECTION('',(-1.,-2.22044604925E-16,0.));
#2069 = PLANE('',#2070);
#2070 = AXIS2_PLACEMENT_3D('',#2071,#2072,#2073);
#2071 = CARTESIAN_POINT('',(2.41578967201,2.11,0.532659657565));
#2072 = DIRECTION('',(2.22044604925E-16,-1.,0.));
#2073 = DIRECTION('',(0.,0.,1.));
#2074 = ADVANCED_FACE('',(#2075),#2153,.T.);
#2075 = FACE_BOUND('',#2076,.T.);
#2076 = EDGE_LOOP('',(#2077,#2085,#2086,#2087,#2088,#2097,#2105,#2113,
    #2121,#2130,#2138,#2147));
#2077 = ORIENTED_EDGE('',*,*,#2078,.F.);
#2078 = EDGE_CURVE('',#1941,#2079,#2081,.T.);
#2079 = VERTEX_POINT('',#2080);
#2080 = CARTESIAN_POINT('',(1.95,1.7,1.025));
#2081 = LINE('',#2082,#2083);
#2082 = CARTESIAN_POINT('',(1.95,1.7,0.778829828783));
#2083 = VECTOR('',#2084,1.);
#2084 = DIRECTION('',(0.,0.,1.));
#2085 = ORIENTED_EDGE('',*,*,#1948,.T.);
#2086 = ORIENTED_EDGE('',*,*,#1900,.T.);
#2087 = ORIENTED_EDGE('',*,*,#1964,.T.);
#2088 = ORIENTED_EDGE('',*,*,#2089,.T.);
#2089 = EDGE_CURVE('',#1965,#2090,#2092,.T.);
#2090 = VERTEX_POINT('',#2091);
#2091 = CARTESIAN_POINT('',(2.65,1.7,5.551115123126E-17));
#2092 = CIRCLE('',#2093,0.3);
#2093 = AXIS2_PLACEMENT_3D('',#2094,#2095,#2096);
#2094 = CARTESIAN_POINT('',(2.65,1.7,0.3));
#2095 = DIRECTION('',(2.22044604925E-16,-1.,0.));
#2096 = DIRECTION('',(-1.,-2.22044604925E-16,3.515706244646E-15));
#2097 = ORIENTED_EDGE('',*,*,#2098,.T.);
#2098 = EDGE_CURVE('',#2090,#2099,#2101,.T.);
#2099 = VERTEX_POINT('',#2100);
#2100 = CARTESIAN_POINT('',(3.,1.7,5.551115123126E-17));
#2101 = LINE('',#2102,#2103);
#2102 = CARTESIAN_POINT('',(2.65,1.7,5.551115123126E-17));
#2103 = VECTOR('',#2104,1.);
#2104 = DIRECTION('',(1.,2.22044604925E-16,0.));
#2105 = ORIENTED_EDGE('',*,*,#2106,.T.);
#2106 = EDGE_CURVE('',#2099,#2107,#2109,.T.);
#2107 = VERTEX_POINT('',#2108);
#2108 = CARTESIAN_POINT('',(3.,1.7,0.2));
#2109 = LINE('',#2110,#2111);
#2110 = CARTESIAN_POINT('',(3.,1.7,5.551115123126E-17));
#2111 = VECTOR('',#2112,1.);
#2112 = DIRECTION('',(0.,0.,1.));
#2113 = ORIENTED_EDGE('',*,*,#2114,.T.);
#2114 = EDGE_CURVE('',#2107,#2115,#2117,.T.);
#2115 = VERTEX_POINT('',#2116);
#2116 = CARTESIAN_POINT('',(2.65,1.7,0.2));
#2117 = LINE('',#2118,#2119);
#2118 = CARTESIAN_POINT('',(3.,1.7,0.2));
#2119 = VECTOR('',#2120,1.);
#2120 = DIRECTION('',(-1.,-2.22044604925E-16,0.));
#2121 = ORIENTED_EDGE('',*,*,#2122,.T.);
#2122 = EDGE_CURVE('',#2115,#2123,#2125,.T.);
#2123 = VERTEX_POINT('',#2124);
#2124 = CARTESIAN_POINT('',(2.55,1.7,0.3));
#2125 = CIRCLE('',#2126,0.1);
#2126 = AXIS2_PLACEMENT_3D('',#2127,#2128,#2129);
#2127 = CARTESIAN_POINT('',(2.65,1.7,0.3));
#2128 = DIRECTION('',(-2.22044604925E-16,1.,0.));
#2129 = DIRECTION('',(0.,0.,-1.));
#2130 = ORIENTED_EDGE('',*,*,#2131,.T.);
#2131 = EDGE_CURVE('',#2123,#2132,#2134,.T.);
#2132 = VERTEX_POINT('',#2133);
#2133 = CARTESIAN_POINT('',(2.55,1.7,0.725));
#2134 = LINE('',#2135,#2136);
#2135 = CARTESIAN_POINT('',(2.55,1.7,0.3));
#2136 = VECTOR('',#2137,1.);
#2137 = DIRECTION('',(0.,0.,1.));
#2138 = ORIENTED_EDGE('',*,*,#2139,.T.);
#2139 = EDGE_CURVE('',#2132,#2140,#2142,.T.);
#2140 = VERTEX_POINT('',#2141);
#2141 = CARTESIAN_POINT('',(2.25,1.7,1.025));
#2142 = CIRCLE('',#2143,0.3);
#2143 = AXIS2_PLACEMENT_3D('',#2144,#2145,#2146);
#2144 = CARTESIAN_POINT('',(2.25,1.7,0.725));
#2145 = DIRECTION('',(2.22044604925E-16,-1.,0.));
#2146 = DIRECTION('',(1.,2.22044604925E-16,3.700743415417E-16));
#2147 = ORIENTED_EDGE('',*,*,#2148,.T.);
#2148 = EDGE_CURVE('',#2140,#2079,#2149,.T.);
#2149 = LINE('',#2150,#2151);
#2150 = CARTESIAN_POINT('',(2.25,1.7,1.025));
#2151 = VECTOR('',#2152,1.);
#2152 = DIRECTION('',(-1.,-2.22044604925E-16,0.));
#2153 = PLANE('',#2154);
#2154 = AXIS2_PLACEMENT_3D('',#2155,#2156,#2157);
#2155 = CARTESIAN_POINT('',(2.41578967201,1.7,0.532659657565));
#2156 = DIRECTION('',(2.22044604925E-16,-1.,0.));
#2157 = DIRECTION('',(0.,0.,1.));
#2158 = ADVANCED_FACE('',(#2159),#2246,.F.);
#2159 = FACE_BOUND('',#2160,.F.);
#2160 = EDGE_LOOP('',(#2161,#2171,#2178,#2186,#2194,#2202,#2210,#2218,
    #2226,#2232,#2233,#2241));
#2161 = ORIENTED_EDGE('',*,*,#2162,.T.);
#2162 = EDGE_CURVE('',#2163,#2165,#2167,.T.);
#2163 = VERTEX_POINT('',#2164);
#2164 = CARTESIAN_POINT('',(1.835171280765,2.217585640382,0.1));
#2165 = VERTEX_POINT('',#2166);
#2166 = CARTESIAN_POINT('',(1.835171280765,-2.217585640382,0.1));
#2167 = LINE('',#2168,#2169);
#2168 = CARTESIAN_POINT('',(1.835171280765,2.217585640382,0.1));
#2169 = VECTOR('',#2170,1.);
#2170 = DIRECTION('',(2.22044604925E-16,-1.,0.));
#2171 = ORIENTED_EDGE('',*,*,#2172,.T.);
#2172 = EDGE_CURVE('',#2165,#2173,#2175,.T.);
#2173 = VERTEX_POINT('',#2174);
#2174 = CARTESIAN_POINT('',(1.95,-2.275,0.825));
#2175 = B_SPLINE_CURVE_WITH_KNOTS('',1,(#2176,#2177),.UNSPECIFIED.,.F.,
  .F.,(2,2),(0.,1.),.PIECEWISE_BEZIER_KNOTS.);
#2176 = CARTESIAN_POINT('',(1.835171280765,-2.217585640382,0.1));
#2177 = CARTESIAN_POINT('',(1.95,-2.275,0.825));
#2178 = ORIENTED_EDGE('',*,*,#2179,.F.);
#2179 = EDGE_CURVE('',#2180,#2173,#2182,.T.);
#2180 = VERTEX_POINT('',#2181);
#2181 = CARTESIAN_POINT('',(1.95,-2.11,0.825));
#2182 = LINE('',#2183,#2184);
#2183 = CARTESIAN_POINT('',(1.95,2.275,0.825));
#2184 = VECTOR('',#2185,1.);
#2185 = DIRECTION('',(2.22044604925E-16,-1.,0.));
#2186 = ORIENTED_EDGE('',*,*,#2187,.F.);
#2187 = EDGE_CURVE('',#2188,#2180,#2190,.T.);
#2188 = VERTEX_POINT('',#2189);
#2189 = CARTESIAN_POINT('',(1.95,-1.7,0.825));
#2190 = LINE('',#2191,#2192);
#2191 = CARTESIAN_POINT('',(1.95,2.275,0.825));
#2192 = VECTOR('',#2193,1.);
#2193 = DIRECTION('',(2.22044604925E-16,-1.,0.));
#2194 = ORIENTED_EDGE('',*,*,#2195,.F.);
#2195 = EDGE_CURVE('',#2196,#2188,#2198,.T.);
#2196 = VERTEX_POINT('',#2197);
#2197 = CARTESIAN_POINT('',(1.95,-0.84,0.825));
#2198 = LINE('',#2199,#2200);
#2199 = CARTESIAN_POINT('',(1.95,2.275,0.825));
#2200 = VECTOR('',#2201,1.);
#2201 = DIRECTION('',(2.22044604925E-16,-1.,0.));
#2202 = ORIENTED_EDGE('',*,*,#2203,.F.);
#2203 = EDGE_CURVE('',#2204,#2196,#2206,.T.);
#2204 = VERTEX_POINT('',#2205);
#2205 = CARTESIAN_POINT('',(1.95,-0.43,0.825));
#2206 = LINE('',#2207,#2208);
#2207 = CARTESIAN_POINT('',(1.95,2.275,0.825));
#2208 = VECTOR('',#2209,1.);
#2209 = DIRECTION('',(2.22044604925E-16,-1.,0.));
#2210 = ORIENTED_EDGE('',*,*,#2211,.F.);
#2211 = EDGE_CURVE('',#2212,#2204,#2214,.T.);
#2212 = VERTEX_POINT('',#2213);
#2213 = CARTESIAN_POINT('',(1.95,0.43,0.825));
#2214 = LINE('',#2215,#2216);
#2215 = CARTESIAN_POINT('',(1.95,2.275,0.825));
#2216 = VECTOR('',#2217,1.);
#2217 = DIRECTION('',(2.22044604925E-16,-1.,0.));
#2218 = ORIENTED_EDGE('',*,*,#2219,.F.);
#2219 = EDGE_CURVE('',#2220,#2212,#2222,.T.);
#2220 = VERTEX_POINT('',#2221);
#2221 = CARTESIAN_POINT('',(1.95,0.84,0.825));
#2222 = LINE('',#2223,#2224);
#2223 = CARTESIAN_POINT('',(1.95,2.275,0.825));
#2224 = VECTOR('',#2225,1.);
#2225 = DIRECTION('',(2.22044604925E-16,-1.,0.));
#2226 = ORIENTED_EDGE('',*,*,#2227,.F.);
#2227 = EDGE_CURVE('',#1941,#2220,#2228,.T.);
#2228 = LINE('',#2229,#2230);
#2229 = CARTESIAN_POINT('',(1.95,2.275,0.825));
#2230 = VECTOR('',#2231,1.);
#2231 = DIRECTION('',(2.22044604925E-16,-1.,0.));
#2232 = ORIENTED_EDGE('',*,*,#1940,.F.);
#2233 = ORIENTED_EDGE('',*,*,#2234,.F.);
#2234 = EDGE_CURVE('',#2235,#1933,#2237,.T.);
#2235 = VERTEX_POINT('',#2236);
#2236 = CARTESIAN_POINT('',(1.95,2.275,0.825));
#2237 = LINE('',#2238,#2239);
#2238 = CARTESIAN_POINT('',(1.95,2.275,0.825));
#2239 = VECTOR('',#2240,1.);
#2240 = DIRECTION('',(2.22044604925E-16,-1.,0.));
#2241 = ORIENTED_EDGE('',*,*,#2242,.F.);
#2242 = EDGE_CURVE('',#2163,#2235,#2243,.T.);
#2243 = B_SPLINE_CURVE_WITH_KNOTS('',1,(#2244,#2245),.UNSPECIFIED.,.F.,
  .F.,(2,2),(0.,1.),.PIECEWISE_BEZIER_KNOTS.);
#2244 = CARTESIAN_POINT('',(1.835171280765,2.217585640382,0.1));
#2245 = CARTESIAN_POINT('',(1.95,2.275,0.825));
#2246 = B_SPLINE_SURFACE_WITH_KNOTS('',1,1,(
    (#2247,#2248)
    ,(#2249,#2250
    )),.UNSPECIFIED.,.F.,.F.,.F.,(2,2),(2,2),(0.,4.55),(0.,1.),
  .PIECEWISE_BEZIER_KNOTS.);
#2247 = CARTESIAN_POINT('',(1.835171280765,2.217585640382,0.1));
#2248 = CARTESIAN_POINT('',(1.95,2.275,0.825));
#2249 = CARTESIAN_POINT('',(1.835171280765,-2.217585640382,0.1));
#2250 = CARTESIAN_POINT('',(1.95,-2.275,0.825));
#2251 = ADVANCED_FACE('',(#2252),#2263,.T.);
#2252 = FACE_BOUND('',#2253,.T.);
#2253 = EDGE_LOOP('',(#2254,#2255,#2261,#2262));
#2254 = ORIENTED_EDGE('',*,*,#2005,.T.);
#2255 = ORIENTED_EDGE('',*,*,#2256,.T.);
#2256 = EDGE_CURVE('',#2006,#2090,#2257,.T.);
#2257 = LINE('',#2258,#2259);
#2258 = CARTESIAN_POINT('',(2.65,2.11,5.551115123126E-17));
#2259 = VECTOR('',#2260,1.);
#2260 = DIRECTION('',(2.22044604925E-16,-1.,0.));
#2261 = ORIENTED_EDGE('',*,*,#2089,.F.);
#2262 = ORIENTED_EDGE('',*,*,#1972,.F.);
#2263 = CYLINDRICAL_SURFACE('',#2264,0.3);
#2264 = AXIS2_PLACEMENT_3D('',#2265,#2266,#2267);
#2265 = CARTESIAN_POINT('',(2.65,2.11,0.3));
#2266 = DIRECTION('',(-2.22044604925E-16,1.,-0.));
#2267 = DIRECTION('',(-1.,-2.22044604925E-16,3.515706244646E-15));
#2268 = ADVANCED_FACE('',(#2269),#2286,.F.);
#2269 = FACE_BOUND('',#2270,.F.);
#2270 = EDGE_LOOP('',(#2271,#2278,#2279,#2280));
#2271 = ORIENTED_EDGE('',*,*,#2272,.F.);
#2272 = EDGE_CURVE('',#2235,#2273,#2275,.T.);
#2273 = VERTEX_POINT('',#2274);
#2274 = CARTESIAN_POINT('',(1.95,2.275,1.025));
#2275 = B_SPLINE_CURVE_WITH_KNOTS('',1,(#2276,#2277),.UNSPECIFIED.,.F.,
  .F.,(2,2),(0.,1.),.PIECEWISE_BEZIER_KNOTS.);
#2276 = CARTESIAN_POINT('',(1.95,2.275,0.825));
#2277 = CARTESIAN_POINT('',(1.95,2.275,1.025));
#2278 = ORIENTED_EDGE('',*,*,#2234,.T.);
#2279 = ORIENTED_EDGE('',*,*,#1994,.T.);
#2280 = ORIENTED_EDGE('',*,*,#2281,.F.);
#2281 = EDGE_CURVE('',#2273,#1995,#2282,.T.);
#2282 = LINE('',#2283,#2284);
#2283 = CARTESIAN_POINT('',(1.95,2.275,1.025));
#2284 = VECTOR('',#2285,1.);
#2285 = DIRECTION('',(2.22044604925E-16,-1.,0.));
#2286 = PLANE('',#2287);
#2287 = AXIS2_PLACEMENT_3D('',#2288,#2289,#2290);
#2288 = CARTESIAN_POINT('',(1.95,2.275,1.025));
#2289 = DIRECTION('',(-1.,-2.22044604925E-16,0.));
#2290 = DIRECTION('',(2.22044604925E-16,-1.,0.));
#2291 = ADVANCED_FACE('',(#2292),#2324,.F.);
#2292 = FACE_BOUND('',#2293,.F.);
#2293 = EDGE_LOOP('',(#2294,#2295,#2301,#2302,#2310,#2318));
#2294 = ORIENTED_EDGE('',*,*,#2064,.F.);
#2295 = ORIENTED_EDGE('',*,*,#2296,.T.);
#2296 = EDGE_CURVE('',#2056,#2140,#2297,.T.);
#2297 = LINE('',#2298,#2299);
#2298 = CARTESIAN_POINT('',(2.25,2.11,1.025));
#2299 = VECTOR('',#2300,1.);
#2300 = DIRECTION('',(2.22044604925E-16,-1.,0.));
#2301 = ORIENTED_EDGE('',*,*,#2148,.T.);
#2302 = ORIENTED_EDGE('',*,*,#2303,.T.);
#2303 = EDGE_CURVE('',#2079,#2304,#2306,.T.);
#2304 = VERTEX_POINT('',#2305);
#2305 = CARTESIAN_POINT('',(1.875,1.7,1.025));
#2306 = LINE('',#2307,#2308);
#2307 = CARTESIAN_POINT('',(2.25,1.7,1.025));
#2308 = VECTOR('',#2309,1.);
#2309 = DIRECTION('',(-1.,-2.22044604925E-16,0.));
#2310 = ORIENTED_EDGE('',*,*,#2311,.F.);
#2311 = EDGE_CURVE('',#2312,#2304,#2314,.T.);
#2312 = VERTEX_POINT('',#2313);
#2313 = CARTESIAN_POINT('',(1.875,2.11,1.025));
#2314 = LINE('',#2315,#2316);
#2315 = CARTESIAN_POINT('',(1.875,2.2375,1.025));
#2316 = VECTOR('',#2317,1.);
#2317 = DIRECTION('',(2.22044604925E-16,-1.,0.));
#2318 = ORIENTED_EDGE('',*,*,#2319,.F.);
#2319 = EDGE_CURVE('',#1995,#2312,#2320,.T.);
#2320 = LINE('',#2321,#2322);
#2321 = CARTESIAN_POINT('',(2.25,2.11,1.025));
#2322 = VECTOR('',#2323,1.);
#2323 = DIRECTION('',(-1.,-2.22044604925E-16,0.));
#2324 = PLANE('',#2325);
#2325 = AXIS2_PLACEMENT_3D('',#2326,#2327,#2328);
#2326 = CARTESIAN_POINT('',(2.25,2.11,1.025));
#2327 = DIRECTION('',(0.,0.,-1.));
#2328 = DIRECTION('',(-1.,-2.22044604925E-16,-0.));
#2329 = ADVANCED_FACE('',(#2330),#2341,.T.);
#2330 = FACE_BOUND('',#2331,.T.);
#2331 = EDGE_LOOP('',(#2332,#2333,#2334,#2335));
#2332 = ORIENTED_EDGE('',*,*,#2055,.T.);
#2333 = ORIENTED_EDGE('',*,*,#2296,.T.);
#2334 = ORIENTED_EDGE('',*,*,#2139,.F.);
#2335 = ORIENTED_EDGE('',*,*,#2336,.F.);
#2336 = EDGE_CURVE('',#2048,#2132,#2337,.T.);
#2337 = LINE('',#2338,#2339);
#2338 = CARTESIAN_POINT('',(2.55,2.11,0.725));
#2339 = VECTOR('',#2340,1.);
#2340 = DIRECTION('',(2.22044604925E-16,-1.,0.));
#2341 = CYLINDRICAL_SURFACE('',#2342,0.3);
#2342 = AXIS2_PLACEMENT_3D('',#2343,#2344,#2345);
#2343 = CARTESIAN_POINT('',(2.25,2.11,0.725));
#2344 = DIRECTION('',(-2.22044604925E-16,1.,-0.));
#2345 = DIRECTION('',(1.,2.22044604925E-16,3.700743415417E-16));
#2346 = ADVANCED_FACE('',(#2347),#2358,.F.);
#2347 = FACE_BOUND('',#2348,.F.);
#2348 = EDGE_LOOP('',(#2349,#2355,#2356,#2357));
#2349 = ORIENTED_EDGE('',*,*,#2350,.T.);
#2350 = EDGE_CURVE('',#2039,#2123,#2351,.T.);
#2351 = LINE('',#2352,#2353);
#2352 = CARTESIAN_POINT('',(2.55,2.11,0.3));
#2353 = VECTOR('',#2354,1.);
#2354 = DIRECTION('',(2.22044604925E-16,-1.,0.));
#2355 = ORIENTED_EDGE('',*,*,#2131,.T.);
#2356 = ORIENTED_EDGE('',*,*,#2336,.F.);
#2357 = ORIENTED_EDGE('',*,*,#2047,.F.);
#2358 = PLANE('',#2359);
#2359 = AXIS2_PLACEMENT_3D('',#2360,#2361,#2362);
#2360 = CARTESIAN_POINT('',(2.55,2.11,0.3));
#2361 = DIRECTION('',(-1.,-2.22044604925E-16,0.));
#2362 = DIRECTION('',(0.,0.,1.));
#2363 = ADVANCED_FACE('',(#2364),#2375,.F.);
#2364 = FACE_BOUND('',#2365,.F.);
#2365 = EDGE_LOOP('',(#2366,#2372,#2373,#2374));
#2366 = ORIENTED_EDGE('',*,*,#2367,.T.);
#2367 = EDGE_CURVE('',#2031,#2115,#2368,.T.);
#2368 = LINE('',#2369,#2370);
#2369 = CARTESIAN_POINT('',(2.65,2.11,0.2));
#2370 = VECTOR('',#2371,1.);
#2371 = DIRECTION('',(2.22044604925E-16,-1.,0.));
#2372 = ORIENTED_EDGE('',*,*,#2122,.T.);
#2373 = ORIENTED_EDGE('',*,*,#2350,.F.);
#2374 = ORIENTED_EDGE('',*,*,#2038,.F.);
#2375 = CYLINDRICAL_SURFACE('',#2376,0.1);
#2376 = AXIS2_PLACEMENT_3D('',#2377,#2378,#2379);
#2377 = CARTESIAN_POINT('',(2.65,2.11,0.3));
#2378 = DIRECTION('',(-2.22044604925E-16,1.,0.));
#2379 = DIRECTION('',(0.,0.,-1.));
#2380 = ADVANCED_FACE('',(#2381),#2392,.F.);
#2381 = FACE_BOUND('',#2382,.F.);
#2382 = EDGE_LOOP('',(#2383,#2389,#2390,#2391));
#2383 = ORIENTED_EDGE('',*,*,#2384,.T.);
#2384 = EDGE_CURVE('',#2023,#2107,#2385,.T.);
#2385 = LINE('',#2386,#2387);
#2386 = CARTESIAN_POINT('',(3.,2.11,0.2));
#2387 = VECTOR('',#2388,1.);
#2388 = DIRECTION('',(2.22044604925E-16,-1.,0.));
#2389 = ORIENTED_EDGE('',*,*,#2114,.T.);
#2390 = ORIENTED_EDGE('',*,*,#2367,.F.);
#2391 = ORIENTED_EDGE('',*,*,#2030,.F.);
#2392 = PLANE('',#2393);
#2393 = AXIS2_PLACEMENT_3D('',#2394,#2395,#2396);
#2394 = CARTESIAN_POINT('',(3.,2.11,0.2));
#2395 = DIRECTION('',(0.,0.,-1.));
#2396 = DIRECTION('',(-1.,-2.22044604925E-16,-0.));
#2397 = ADVANCED_FACE('',(#2398),#2409,.F.);
#2398 = FACE_BOUND('',#2399,.F.);
#2399 = EDGE_LOOP('',(#2400,#2406,#2407,#2408));
#2400 = ORIENTED_EDGE('',*,*,#2401,.T.);
#2401 = EDGE_CURVE('',#2015,#2099,#2402,.T.);
#2402 = LINE('',#2403,#2404);
#2403 = CARTESIAN_POINT('',(3.,2.11,5.551115123126E-17));
#2404 = VECTOR('',#2405,1.);
#2405 = DIRECTION('',(2.22044604925E-16,-1.,0.));
#2406 = ORIENTED_EDGE('',*,*,#2106,.T.);
#2407 = ORIENTED_EDGE('',*,*,#2384,.F.);
#2408 = ORIENTED_EDGE('',*,*,#2022,.F.);
#2409 = PLANE('',#2410);
#2410 = AXIS2_PLACEMENT_3D('',#2411,#2412,#2413);
#2411 = CARTESIAN_POINT('',(3.,2.11,5.551115123126E-17));
#2412 = DIRECTION('',(-1.,-2.22044604925E-16,0.));
#2413 = DIRECTION('',(0.,0.,1.));
#2414 = ADVANCED_FACE('',(#2415),#2421,.F.);
#2415 = FACE_BOUND('',#2416,.F.);
#2416 = EDGE_LOOP('',(#2417,#2418,#2419,#2420));
#2417 = ORIENTED_EDGE('',*,*,#2256,.T.);
#2418 = ORIENTED_EDGE('',*,*,#2098,.T.);
#2419 = ORIENTED_EDGE('',*,*,#2401,.F.);
#2420 = ORIENTED_EDGE('',*,*,#2014,.F.);
#2421 = PLANE('',#2422);
#2422 = AXIS2_PLACEMENT_3D('',#2423,#2424,#2425);
#2423 = CARTESIAN_POINT('',(2.65,2.11,5.551115123126E-17));
#2424 = DIRECTION('',(0.,0.,1.));
#2425 = DIRECTION('',(1.,2.22044604925E-16,-0.));
#2426 = ADVANCED_FACE('',(#2427),#2445,.F.);
#2427 = FACE_BOUND('',#2428,.F.);
#2428 = EDGE_LOOP('',(#2429,#2430,#2431,#2439));
#2429 = ORIENTED_EDGE('',*,*,#2078,.F.);
#2430 = ORIENTED_EDGE('',*,*,#2227,.T.);
#2431 = ORIENTED_EDGE('',*,*,#2432,.T.);
#2432 = EDGE_CURVE('',#2220,#2433,#2435,.T.);
#2433 = VERTEX_POINT('',#2434);
#2434 = CARTESIAN_POINT('',(1.95,0.84,1.025));
#2435 = LINE('',#2436,#2437);
#2436 = CARTESIAN_POINT('',(1.95,0.84,0.778829828783));
#2437 = VECTOR('',#2438,1.);
#2438 = DIRECTION('',(0.,0.,1.));
#2439 = ORIENTED_EDGE('',*,*,#2440,.F.);
#2440 = EDGE_CURVE('',#2079,#2433,#2441,.T.);
#2441 = LINE('',#2442,#2443);
#2442 = CARTESIAN_POINT('',(1.95,2.275,1.025));
#2443 = VECTOR('',#2444,1.);
#2444 = DIRECTION('',(2.22044604925E-16,-1.,0.));
#2445 = PLANE('',#2446);
#2446 = AXIS2_PLACEMENT_3D('',#2447,#2448,#2449);
#2447 = CARTESIAN_POINT('',(1.95,2.275,1.025));
#2448 = DIRECTION('',(-1.,-2.22044604925E-16,0.));
#2449 = DIRECTION('',(2.22044604925E-16,-1.,0.));
#2450 = ADVANCED_FACE('',(#2451),#2508,.F.);
#2451 = FACE_BOUND('',#2452,.T.);
#2452 = EDGE_LOOP('',(#2453,#2463,#2469,#2470,#2478,#2486,#2494,#2502));
#2453 = ORIENTED_EDGE('',*,*,#2454,.T.);
#2454 = EDGE_CURVE('',#2455,#2457,#2459,.T.);
#2455 = VERTEX_POINT('',#2456);
#2456 = CARTESIAN_POINT('',(-1.717585640382,2.335171280765,0.1));
#2457 = VERTEX_POINT('',#2458);
#2458 = CARTESIAN_POINT('',(1.717585640382,2.335171280765,0.1));
#2459 = LINE('',#2460,#2461);
#2460 = CARTESIAN_POINT('',(-1.717585640382,2.335171280765,0.1));
#2461 = VECTOR('',#2462,1.);
#2462 = DIRECTION('',(1.,2.22044604925E-16,0.));
#2463 = ORIENTED_EDGE('',*,*,#2464,.T.);
#2464 = EDGE_CURVE('',#2457,#2163,#2465,.T.);
#2465 = LINE('',#2466,#2467);
#2466 = CARTESIAN_POINT('',(1.717585640382,2.335171280765,0.1));
#2467 = VECTOR('',#2468,1.);
#2468 = DIRECTION('',(0.707106781187,-0.707106781187,0.));
#2469 = ORIENTED_EDGE('',*,*,#2162,.T.);
#2470 = ORIENTED_EDGE('',*,*,#2471,.T.);
#2471 = EDGE_CURVE('',#2165,#2472,#2474,.T.);
#2472 = VERTEX_POINT('',#2473);
#2473 = CARTESIAN_POINT('',(1.717585640382,-2.335171280765,0.1));
#2474 = LINE('',#2475,#2476);
#2475 = CARTESIAN_POINT('',(1.835171280765,-2.217585640382,0.1));
#2476 = VECTOR('',#2477,1.);
#2477 = DIRECTION('',(-0.707106781187,-0.707106781187,0.));
#2478 = ORIENTED_EDGE('',*,*,#2479,.T.);
#2479 = EDGE_CURVE('',#2472,#2480,#2482,.T.);
#2480 = VERTEX_POINT('',#2481);
#2481 = CARTESIAN_POINT('',(-1.717585640382,-2.335171280765,0.1));
#2482 = LINE('',#2483,#2484);
#2483 = CARTESIAN_POINT('',(1.717585640382,-2.335171280765,0.1));
#2484 = VECTOR('',#2485,1.);
#2485 = DIRECTION('',(-1.,-2.22044604925E-16,0.));
#2486 = ORIENTED_EDGE('',*,*,#2487,.T.);
#2487 = EDGE_CURVE('',#2480,#2488,#2490,.T.);
#2488 = VERTEX_POINT('',#2489);
#2489 = CARTESIAN_POINT('',(-1.835171280765,-2.217585640382,0.1));
#2490 = LINE('',#2491,#2492);
#2491 = CARTESIAN_POINT('',(-1.717585640382,-2.335171280765,0.1));
#2492 = VECTOR('',#2493,1.);
#2493 = DIRECTION('',(-0.707106781187,0.707106781187,0.));
#2494 = ORIENTED_EDGE('',*,*,#2495,.T.);
#2495 = EDGE_CURVE('',#2488,#2496,#2498,.T.);
#2496 = VERTEX_POINT('',#2497);
#2497 = CARTESIAN_POINT('',(-1.835171280765,2.217585640382,0.1));
#2498 = LINE('',#2499,#2500);
#2499 = CARTESIAN_POINT('',(-1.835171280765,-2.217585640382,0.1));
#2500 = VECTOR('',#2501,1.);
#2501 = DIRECTION('',(-2.22044604925E-16,1.,0.));
#2502 = ORIENTED_EDGE('',*,*,#2503,.T.);
#2503 = EDGE_CURVE('',#2496,#2455,#2504,.T.);
#2504 = LINE('',#2505,#2506);
#2505 = CARTESIAN_POINT('',(-1.835171280765,2.217585640382,0.1));
#2506 = VECTOR('',#2507,1.);
#2507 = DIRECTION('',(0.707106781187,0.707106781187,0.));
#2508 = PLANE('',#2509);
#2509 = AXIS2_PLACEMENT_3D('',#2510,#2511,#2512);
#2510 = CARTESIAN_POINT('',(-1.717585640382,2.335171280765,0.1));
#2511 = DIRECTION('',(0.,0.,1.));
#2512 = DIRECTION('',(0.592513131498,-0.805560791625,0.));
#2513 = ADVANCED_FACE('',(#2514),#2531,.F.);
#2514 = FACE_BOUND('',#2515,.F.);
#2515 = EDGE_LOOP('',(#2516,#2517,#2518,#2526));
#2516 = ORIENTED_EDGE('',*,*,#2464,.T.);
#2517 = ORIENTED_EDGE('',*,*,#2242,.T.);
#2518 = ORIENTED_EDGE('',*,*,#2519,.F.);
#2519 = EDGE_CURVE('',#2520,#2235,#2522,.T.);
#2520 = VERTEX_POINT('',#2521);
#2521 = CARTESIAN_POINT('',(1.775,2.45,0.825));
#2522 = LINE('',#2523,#2524);
#2523 = CARTESIAN_POINT('',(1.775,2.45,0.825));
#2524 = VECTOR('',#2525,1.);
#2525 = DIRECTION('',(0.707106781187,-0.707106781187,0.));
#2526 = ORIENTED_EDGE('',*,*,#2527,.F.);
#2527 = EDGE_CURVE('',#2457,#2520,#2528,.T.);
#2528 = B_SPLINE_CURVE_WITH_KNOTS('',1,(#2529,#2530),.UNSPECIFIED.,.F.,
  .F.,(2,2),(0.,1.),.PIECEWISE_BEZIER_KNOTS.);
#2529 = CARTESIAN_POINT('',(1.717585640382,2.335171280765,0.1));
#2530 = CARTESIAN_POINT('',(1.775,2.45,0.825));
#2531 = B_SPLINE_SURFACE_WITH_KNOTS('',1,1,(
    (#2532,#2533)
    ,(#2534,#2535
    )),.UNSPECIFIED.,.F.,.F.,.F.,(2,2),(2,2),(0.,0.247487373415),(0.,1.)
  ,.PIECEWISE_BEZIER_KNOTS.);
#2532 = CARTESIAN_POINT('',(1.717585640382,2.335171280765,0.1));
#2533 = CARTESIAN_POINT('',(1.775,2.45,0.825));
#2534 = CARTESIAN_POINT('',(1.835171280765,2.217585640382,0.1));
#2535 = CARTESIAN_POINT('',(1.95,2.275,0.825));
#2536 = ADVANCED_FACE('',(#2537),#2554,.F.);
#2537 = FACE_BOUND('',#2538,.F.);
#2538 = EDGE_LOOP('',(#2539,#2540,#2547,#2553));
#2539 = ORIENTED_EDGE('',*,*,#2471,.T.);
#2540 = ORIENTED_EDGE('',*,*,#2541,.T.);
#2541 = EDGE_CURVE('',#2472,#2542,#2544,.T.);
#2542 = VERTEX_POINT('',#2543);
#2543 = CARTESIAN_POINT('',(1.775,-2.45,0.825));
#2544 = B_SPLINE_CURVE_WITH_KNOTS('',1,(#2545,#2546),.UNSPECIFIED.,.F.,
  .F.,(2,2),(0.,1.),.PIECEWISE_BEZIER_KNOTS.);
#2545 = CARTESIAN_POINT('',(1.717585640382,-2.335171280765,0.1));
#2546 = CARTESIAN_POINT('',(1.775,-2.45,0.825));
#2547 = ORIENTED_EDGE('',*,*,#2548,.F.);
#2548 = EDGE_CURVE('',#2173,#2542,#2549,.T.);
#2549 = LINE('',#2550,#2551);
#2550 = CARTESIAN_POINT('',(1.95,-2.275,0.825));
#2551 = VECTOR('',#2552,1.);
#2552 = DIRECTION('',(-0.707106781187,-0.707106781187,0.));
#2553 = ORIENTED_EDGE('',*,*,#2172,.F.);
#2554 = B_SPLINE_SURFACE_WITH_KNOTS('',1,1,(
    (#2555,#2556)
    ,(#2557,#2558
    )),.UNSPECIFIED.,.F.,.F.,.F.,(2,2),(2,2),(0.,0.247487373415),(0.,1.)
  ,.PIECEWISE_BEZIER_KNOTS.);
#2555 = CARTESIAN_POINT('',(1.835171280765,-2.217585640382,0.1));
#2556 = CARTESIAN_POINT('',(1.95,-2.275,0.825));
#2557 = CARTESIAN_POINT('',(1.717585640382,-2.335171280765,0.1));
#2558 = CARTESIAN_POINT('',(1.775,-2.45,0.825));
#2559 = ADVANCED_FACE('',(#2560),#2584,.F.);
#2560 = FACE_BOUND('',#2561,.F.);
#2561 = EDGE_LOOP('',(#2562,#2570,#2571,#2578));
#2562 = ORIENTED_EDGE('',*,*,#2563,.F.);
#2563 = EDGE_CURVE('',#2180,#2564,#2566,.T.);
#2564 = VERTEX_POINT('',#2565);
#2565 = CARTESIAN_POINT('',(1.95,-2.11,1.025));
#2566 = LINE('',#2567,#2568);
#2567 = CARTESIAN_POINT('',(1.95,-2.11,0.778829828783));
#2568 = VECTOR('',#2569,1.);
#2569 = DIRECTION('',(0.,0.,1.));
#2570 = ORIENTED_EDGE('',*,*,#2179,.T.);
#2571 = ORIENTED_EDGE('',*,*,#2572,.T.);
#2572 = EDGE_CURVE('',#2173,#2573,#2575,.T.);
#2573 = VERTEX_POINT('',#2574);
#2574 = CARTESIAN_POINT('',(1.95,-2.275,1.025));
#2575 = B_SPLINE_CURVE_WITH_KNOTS('',1,(#2576,#2577),.UNSPECIFIED.,.F.,
  .F.,(2,2),(0.,1.),.PIECEWISE_BEZIER_KNOTS.);
#2576 = CARTESIAN_POINT('',(1.95,-2.275,0.825));
#2577 = CARTESIAN_POINT('',(1.95,-2.275,1.025));
#2578 = ORIENTED_EDGE('',*,*,#2579,.F.);
#2579 = EDGE_CURVE('',#2564,#2573,#2580,.T.);
#2580 = LINE('',#2581,#2582);
#2581 = CARTESIAN_POINT('',(1.95,2.275,1.025));
#2582 = VECTOR('',#2583,1.);
#2583 = DIRECTION('',(2.22044604925E-16,-1.,0.));
#2584 = PLANE('',#2585);
#2585 = AXIS2_PLACEMENT_3D('',#2586,#2587,#2588);
#2586 = CARTESIAN_POINT('',(1.95,2.275,1.025));
#2587 = DIRECTION('',(-1.,-2.22044604925E-16,0.));
#2588 = DIRECTION('',(2.22044604925E-16,-1.,0.));
#2589 = ADVANCED_FACE('',(#2590),#2615,.F.);
#2590 = FACE_BOUND('',#2591,.F.);
#2591 = EDGE_LOOP('',(#2592,#2600,#2601,#2609));
#2592 = ORIENTED_EDGE('',*,*,#2593,.F.);
#2593 = EDGE_CURVE('',#2188,#2594,#2596,.T.);
#2594 = VERTEX_POINT('',#2595);
#2595 = CARTESIAN_POINT('',(2.25,-1.7,0.825));
#2596 = LINE('',#2597,#2598);
#2597 = CARTESIAN_POINT('',(1.8,-1.7,0.825));
#2598 = VECTOR('',#2599,1.);
#2599 = DIRECTION('',(1.,2.22044604925E-16,0.));
#2600 = ORIENTED_EDGE('',*,*,#2187,.T.);
#2601 = ORIENTED_EDGE('',*,*,#2602,.T.);
#2602 = EDGE_CURVE('',#2180,#2603,#2605,.T.);
#2603 = VERTEX_POINT('',#2604);
#2604 = CARTESIAN_POINT('',(2.25,-2.11,0.825));
#2605 = LINE('',#2606,#2607);
#2606 = CARTESIAN_POINT('',(1.8,-2.11,0.825));
#2607 = VECTOR('',#2608,1.);
#2608 = DIRECTION('',(1.,2.22044604925E-16,0.));
#2609 = ORIENTED_EDGE('',*,*,#2610,.F.);
#2610 = EDGE_CURVE('',#2594,#2603,#2611,.T.);
#2611 = LINE('',#2612,#2613);
#2612 = CARTESIAN_POINT('',(2.25,-1.7,0.825));
#2613 = VECTOR('',#2614,1.);
#2614 = DIRECTION('',(2.22044604925E-16,-1.,0.));
#2615 = PLANE('',#2616);
#2616 = AXIS2_PLACEMENT_3D('',#2617,#2618,#2619);
#2617 = CARTESIAN_POINT('',(1.8,-1.7,0.825));
#2618 = DIRECTION('',(0.,0.,1.));
#2619 = DIRECTION('',(1.,2.22044604925E-16,-0.));
#2620 = ADVANCED_FACE('',(#2621),#2646,.F.);
#2621 = FACE_BOUND('',#2622,.F.);
#2622 = EDGE_LOOP('',(#2623,#2631,#2632,#2640));
#2623 = ORIENTED_EDGE('',*,*,#2624,.F.);
#2624 = EDGE_CURVE('',#2196,#2625,#2627,.T.);
#2625 = VERTEX_POINT('',#2626);
#2626 = CARTESIAN_POINT('',(1.95,-0.84,1.025));
#2627 = LINE('',#2628,#2629);
#2628 = CARTESIAN_POINT('',(1.95,-0.84,0.778829828783));
#2629 = VECTOR('',#2630,1.);
#2630 = DIRECTION('',(0.,0.,1.));
#2631 = ORIENTED_EDGE('',*,*,#2195,.T.);
#2632 = ORIENTED_EDGE('',*,*,#2633,.T.);
#2633 = EDGE_CURVE('',#2188,#2634,#2636,.T.);
#2634 = VERTEX_POINT('',#2635);
#2635 = CARTESIAN_POINT('',(1.95,-1.7,1.025));
#2636 = LINE('',#2637,#2638);
#2637 = CARTESIAN_POINT('',(1.95,-1.7,0.778829828783));
#2638 = VECTOR('',#2639,1.);
#2639 = DIRECTION('',(0.,0.,1.));
#2640 = ORIENTED_EDGE('',*,*,#2641,.F.);
#2641 = EDGE_CURVE('',#2625,#2634,#2642,.T.);
#2642 = LINE('',#2643,#2644);
#2643 = CARTESIAN_POINT('',(1.95,2.275,1.025));
#2644 = VECTOR('',#2645,1.);
#2645 = DIRECTION('',(2.22044604925E-16,-1.,0.));
#2646 = PLANE('',#2647);
#2647 = AXIS2_PLACEMENT_3D('',#2648,#2649,#2650);
#2648 = CARTESIAN_POINT('',(1.95,2.275,1.025));
#2649 = DIRECTION('',(-1.,-2.22044604925E-16,0.));
#2650 = DIRECTION('',(2.22044604925E-16,-1.,0.));
#2651 = ADVANCED_FACE('',(#2652),#2677,.F.);
#2652 = FACE_BOUND('',#2653,.F.);
#2653 = EDGE_LOOP('',(#2654,#2662,#2663,#2671));
#2654 = ORIENTED_EDGE('',*,*,#2655,.F.);
#2655 = EDGE_CURVE('',#2220,#2656,#2658,.T.);
#2656 = VERTEX_POINT('',#2657);
#2657 = CARTESIAN_POINT('',(2.25,0.84,0.825));
#2658 = LINE('',#2659,#2660);
#2659 = CARTESIAN_POINT('',(1.8,0.84,0.825));
#2660 = VECTOR('',#2661,1.);
#2661 = DIRECTION('',(1.,2.22044604925E-16,0.));
#2662 = ORIENTED_EDGE('',*,*,#2219,.T.);
#2663 = ORIENTED_EDGE('',*,*,#2664,.T.);
#2664 = EDGE_CURVE('',#2212,#2665,#2667,.T.);
#2665 = VERTEX_POINT('',#2666);
#2666 = CARTESIAN_POINT('',(2.25,0.43,0.825));
#2667 = LINE('',#2668,#2669);
#2668 = CARTESIAN_POINT('',(1.8,0.43,0.825));
#2669 = VECTOR('',#2670,1.);
#2670 = DIRECTION('',(1.,2.22044604925E-16,0.));
#2671 = ORIENTED_EDGE('',*,*,#2672,.F.);
#2672 = EDGE_CURVE('',#2656,#2665,#2673,.T.);
#2673 = LINE('',#2674,#2675);
#2674 = CARTESIAN_POINT('',(2.25,0.84,0.825));
#2675 = VECTOR('',#2676,1.);
#2676 = DIRECTION('',(2.22044604925E-16,-1.,0.));
#2677 = PLANE('',#2678);
#2678 = AXIS2_PLACEMENT_3D('',#2679,#2680,#2681);
#2679 = CARTESIAN_POINT('',(1.8,0.84,0.825));
#2680 = DIRECTION('',(0.,0.,1.));
#2681 = DIRECTION('',(1.,2.22044604925E-16,-0.));
#2682 = ADVANCED_FACE('',(#2683),#2708,.F.);
#2683 = FACE_BOUND('',#2684,.F.);
#2684 = EDGE_LOOP('',(#2685,#2693,#2694,#2702));
#2685 = ORIENTED_EDGE('',*,*,#2686,.F.);
#2686 = EDGE_CURVE('',#2204,#2687,#2689,.T.);
#2687 = VERTEX_POINT('',#2688);
#2688 = CARTESIAN_POINT('',(2.25,-0.43,0.825));
#2689 = LINE('',#2690,#2691);
#2690 = CARTESIAN_POINT('',(1.8,-0.43,0.825));
#2691 = VECTOR('',#2692,1.);
#2692 = DIRECTION('',(1.,2.22044604925E-16,0.));
#2693 = ORIENTED_EDGE('',*,*,#2203,.T.);
#2694 = ORIENTED_EDGE('',*,*,#2695,.T.);
#2695 = EDGE_CURVE('',#2196,#2696,#2698,.T.);
#2696 = VERTEX_POINT('',#2697);
#2697 = CARTESIAN_POINT('',(2.25,-0.84,0.825));
#2698 = LINE('',#2699,#2700);
#2699 = CARTESIAN_POINT('',(1.8,-0.84,0.825));
#2700 = VECTOR('',#2701,1.);
#2701 = DIRECTION('',(1.,2.22044604925E-16,0.));
#2702 = ORIENTED_EDGE('',*,*,#2703,.F.);
#2703 = EDGE_CURVE('',#2687,#2696,#2704,.T.);
#2704 = LINE('',#2705,#2706);
#2705 = CARTESIAN_POINT('',(2.25,-0.43,0.825));
#2706 = VECTOR('',#2707,1.);
#2707 = DIRECTION('',(2.22044604925E-16,-1.,0.));
#2708 = PLANE('',#2709);
#2709 = AXIS2_PLACEMENT_3D('',#2710,#2711,#2712);
#2710 = CARTESIAN_POINT('',(1.8,-0.43,0.825));
#2711 = DIRECTION('',(0.,0.,1.));
#2712 = DIRECTION('',(1.,2.22044604925E-16,-0.));
#2713 = ADVANCED_FACE('',(#2714),#2739,.F.);
#2714 = FACE_BOUND('',#2715,.F.);
#2715 = EDGE_LOOP('',(#2716,#2724,#2725,#2733));
#2716 = ORIENTED_EDGE('',*,*,#2717,.F.);
#2717 = EDGE_CURVE('',#2212,#2718,#2720,.T.);
#2718 = VERTEX_POINT('',#2719);
#2719 = CARTESIAN_POINT('',(1.95,0.43,1.025));
#2720 = LINE('',#2721,#2722);
#2721 = CARTESIAN_POINT('',(1.95,0.43,0.778829828783));
#2722 = VECTOR('',#2723,1.);
#2723 = DIRECTION('',(0.,0.,1.));
#2724 = ORIENTED_EDGE('',*,*,#2211,.T.);
#2725 = ORIENTED_EDGE('',*,*,#2726,.T.);
#2726 = EDGE_CURVE('',#2204,#2727,#2729,.T.);
#2727 = VERTEX_POINT('',#2728);
#2728 = CARTESIAN_POINT('',(1.95,-0.43,1.025));
#2729 = LINE('',#2730,#2731);
#2730 = CARTESIAN_POINT('',(1.95,-0.43,0.778829828783));
#2731 = VECTOR('',#2732,1.);
#2732 = DIRECTION('',(0.,0.,1.));
#2733 = ORIENTED_EDGE('',*,*,#2734,.F.);
#2734 = EDGE_CURVE('',#2718,#2727,#2735,.T.);
#2735 = LINE('',#2736,#2737);
#2736 = CARTESIAN_POINT('',(1.95,2.275,1.025));
#2737 = VECTOR('',#2738,1.);
#2738 = DIRECTION('',(2.22044604925E-16,-1.,0.));
#2739 = PLANE('',#2740);
#2740 = AXIS2_PLACEMENT_3D('',#2741,#2742,#2743);
#2741 = CARTESIAN_POINT('',(1.95,2.275,1.025));
#2742 = DIRECTION('',(-1.,-2.22044604925E-16,0.));
#2743 = DIRECTION('',(2.22044604925E-16,-1.,0.));
#2744 = ADVANCED_FACE('',(#2745),#2762,.F.);
#2745 = FACE_BOUND('',#2746,.F.);
#2746 = EDGE_LOOP('',(#2747,#2748,#2749,#2757));
#2747 = ORIENTED_EDGE('',*,*,#2519,.T.);
#2748 = ORIENTED_EDGE('',*,*,#2272,.T.);
#2749 = ORIENTED_EDGE('',*,*,#2750,.F.);
#2750 = EDGE_CURVE('',#2751,#2273,#2753,.T.);
#2751 = VERTEX_POINT('',#2752);
#2752 = CARTESIAN_POINT('',(1.775,2.45,1.025));
#2753 = LINE('',#2754,#2755);
#2754 = CARTESIAN_POINT('',(1.775,2.45,1.025));
#2755 = VECTOR('',#2756,1.);
#2756 = DIRECTION('',(0.707106781187,-0.707106781187,0.));
#2757 = ORIENTED_EDGE('',*,*,#2758,.F.);
#2758 = EDGE_CURVE('',#2520,#2751,#2759,.T.);
#2759 = B_SPLINE_CURVE_WITH_KNOTS('',1,(#2760,#2761),.UNSPECIFIED.,.F.,
  .F.,(2,2),(0.,1.),.PIECEWISE_BEZIER_KNOTS.);
#2760 = CARTESIAN_POINT('',(1.775,2.45,0.825));
#2761 = CARTESIAN_POINT('',(1.775,2.45,1.025));
#2762 = PLANE('',#2763);
#2763 = AXIS2_PLACEMENT_3D('',#2764,#2765,#2766);
#2764 = CARTESIAN_POINT('',(1.775,2.45,1.025));
#2765 = DIRECTION('',(-0.707106781187,-0.707106781187,0.));
#2766 = DIRECTION('',(0.707106781187,-0.707106781187,0.));
#2767 = ADVANCED_FACE('',(#2768),#2785,.F.);
#2768 = FACE_BOUND('',#2769,.F.);
#2769 = EDGE_LOOP('',(#2770,#2777,#2778,#2779));
#2770 = ORIENTED_EDGE('',*,*,#2771,.F.);
#2771 = EDGE_CURVE('',#2273,#2772,#2774,.T.);
#2772 = VERTEX_POINT('',#2773);
#2773 = CARTESIAN_POINT('',(1.875,2.2375,1.025));
#2774 = B_SPLINE_CURVE_WITH_KNOTS('',1,(#2775,#2776),.UNSPECIFIED.,.F.,
  .F.,(2,2),(0.,1.),.PIECEWISE_BEZIER_KNOTS.);
#2775 = CARTESIAN_POINT('',(1.95,2.275,1.025));
#2776 = CARTESIAN_POINT('',(1.875,2.2375,1.025));
#2777 = ORIENTED_EDGE('',*,*,#2281,.T.);
#2778 = ORIENTED_EDGE('',*,*,#2319,.T.);
#2779 = ORIENTED_EDGE('',*,*,#2780,.F.);
#2780 = EDGE_CURVE('',#2772,#2312,#2781,.T.);
#2781 = LINE('',#2782,#2783);
#2782 = CARTESIAN_POINT('',(1.875,2.2375,1.025));
#2783 = VECTOR('',#2784,1.);
#2784 = DIRECTION('',(2.22044604925E-16,-1.,0.));
#2785 = B_SPLINE_SURFACE_WITH_KNOTS('',1,1,(
    (#2786,#2787)
    ,(#2788,#2789
    )),.UNSPECIFIED.,.F.,.F.,.F.,(2,2),(2,2),(0.,4.55),(0.,1.),
  .PIECEWISE_BEZIER_KNOTS.);
#2786 = CARTESIAN_POINT('',(1.95,2.275,1.025));
#2787 = CARTESIAN_POINT('',(1.875,2.2375,1.025));
#2788 = CARTESIAN_POINT('',(1.95,-2.275,1.025));
#2789 = CARTESIAN_POINT('',(1.875,-2.2375,1.025));
#2790 = ADVANCED_FACE('',(#2791),#2871,.F.);
#2791 = FACE_BOUND('',#2792,.F.);
#2792 = EDGE_LOOP('',(#2793,#2794,#2795,#2803,#2811,#2819,#2827,#2835,
    #2843,#2851,#2858,#2866));
#2793 = ORIENTED_EDGE('',*,*,#2780,.T.);
#2794 = ORIENTED_EDGE('',*,*,#2311,.T.);
#2795 = ORIENTED_EDGE('',*,*,#2796,.T.);
#2796 = EDGE_CURVE('',#2304,#2797,#2799,.T.);
#2797 = VERTEX_POINT('',#2798);
#2798 = CARTESIAN_POINT('',(1.875,0.84,1.025));
#2799 = LINE('',#2800,#2801);
#2800 = CARTESIAN_POINT('',(1.875,2.2375,1.025));
#2801 = VECTOR('',#2802,1.);
#2802 = DIRECTION('',(2.22044604925E-16,-1.,0.));
#2803 = ORIENTED_EDGE('',*,*,#2804,.T.);
#2804 = EDGE_CURVE('',#2797,#2805,#2807,.T.);
#2805 = VERTEX_POINT('',#2806);
#2806 = CARTESIAN_POINT('',(1.875,0.43,1.025));
#2807 = LINE('',#2808,#2809);
#2808 = CARTESIAN_POINT('',(1.875,2.2375,1.025));
#2809 = VECTOR('',#2810,1.);
#2810 = DIRECTION('',(2.22044604925E-16,-1.,0.));
#2811 = ORIENTED_EDGE('',*,*,#2812,.T.);
#2812 = EDGE_CURVE('',#2805,#2813,#2815,.T.);
#2813 = VERTEX_POINT('',#2814);
#2814 = CARTESIAN_POINT('',(1.875,-0.43,1.025));
#2815 = LINE('',#2816,#2817);
#2816 = CARTESIAN_POINT('',(1.875,2.2375,1.025));
#2817 = VECTOR('',#2818,1.);
#2818 = DIRECTION('',(2.22044604925E-16,-1.,0.));
#2819 = ORIENTED_EDGE('',*,*,#2820,.T.);
#2820 = EDGE_CURVE('',#2813,#2821,#2823,.T.);
#2821 = VERTEX_POINT('',#2822);
#2822 = CARTESIAN_POINT('',(1.875,-0.84,1.025));
#2823 = LINE('',#2824,#2825);
#2824 = CARTESIAN_POINT('',(1.875,2.2375,1.025));
#2825 = VECTOR('',#2826,1.);
#2826 = DIRECTION('',(2.22044604925E-16,-1.,0.));
#2827 = ORIENTED_EDGE('',*,*,#2828,.T.);
#2828 = EDGE_CURVE('',#2821,#2829,#2831,.T.);
#2829 = VERTEX_POINT('',#2830);
#2830 = CARTESIAN_POINT('',(1.875,-1.7,1.025));
#2831 = LINE('',#2832,#2833);
#2832 = CARTESIAN_POINT('',(1.875,2.2375,1.025));
#2833 = VECTOR('',#2834,1.);
#2834 = DIRECTION('',(2.22044604925E-16,-1.,0.));
#2835 = ORIENTED_EDGE('',*,*,#2836,.T.);
#2836 = EDGE_CURVE('',#2829,#2837,#2839,.T.);
#2837 = VERTEX_POINT('',#2838);
#2838 = CARTESIAN_POINT('',(1.875,-2.11,1.025));
#2839 = LINE('',#2840,#2841);
#2840 = CARTESIAN_POINT('',(1.875,2.2375,1.025));
#2841 = VECTOR('',#2842,1.);
#2842 = DIRECTION('',(2.22044604925E-16,-1.,0.));
#2843 = ORIENTED_EDGE('',*,*,#2844,.T.);
#2844 = EDGE_CURVE('',#2837,#2845,#2847,.T.);
#2845 = VERTEX_POINT('',#2846);
#2846 = CARTESIAN_POINT('',(1.875,-2.2375,1.025));
#2847 = LINE('',#2848,#2849);
#2848 = CARTESIAN_POINT('',(1.875,2.2375,1.025));
#2849 = VECTOR('',#2850,1.);
#2850 = DIRECTION('',(2.22044604925E-16,-1.,0.));
#2851 = ORIENTED_EDGE('',*,*,#2852,.T.);
#2852 = EDGE_CURVE('',#2845,#2853,#2855,.T.);
#2853 = VERTEX_POINT('',#2854);
#2854 = CARTESIAN_POINT('',(1.760171280765,-2.180085640382,1.75));
#2855 = B_SPLINE_CURVE_WITH_KNOTS('',1,(#2856,#2857),.UNSPECIFIED.,.F.,
  .F.,(2,2),(0.,1.),.PIECEWISE_BEZIER_KNOTS.);
#2856 = CARTESIAN_POINT('',(1.875,-2.2375,1.025));
#2857 = CARTESIAN_POINT('',(1.760171280765,-2.180085640382,1.75));
#2858 = ORIENTED_EDGE('',*,*,#2859,.F.);
#2859 = EDGE_CURVE('',#2860,#2853,#2862,.T.);
#2860 = VERTEX_POINT('',#2861);
#2861 = CARTESIAN_POINT('',(1.760171280765,2.180085640382,1.75));
#2862 = LINE('',#2863,#2864);
#2863 = CARTESIAN_POINT('',(1.760171280765,2.180085640382,1.75));
#2864 = VECTOR('',#2865,1.);
#2865 = DIRECTION('',(2.22044604925E-16,-1.,0.));
#2866 = ORIENTED_EDGE('',*,*,#2867,.F.);
#2867 = EDGE_CURVE('',#2772,#2860,#2868,.T.);
#2868 = B_SPLINE_CURVE_WITH_KNOTS('',1,(#2869,#2870),.UNSPECIFIED.,.F.,
  .F.,(2,2),(0.,1.),.PIECEWISE_BEZIER_KNOTS.);
#2869 = CARTESIAN_POINT('',(1.875,2.2375,1.025));
#2870 = CARTESIAN_POINT('',(1.760171280765,2.180085640382,1.75));
#2871 = B_SPLINE_SURFACE_WITH_KNOTS('',1,1,(
    (#2872,#2873)
    ,(#2874,#2875
    )),.UNSPECIFIED.,.F.,.F.,.F.,(2,2),(2,2),(0.,4.475),(0.,1.),
  .PIECEWISE_BEZIER_KNOTS.);
#2872 = CARTESIAN_POINT('',(1.875,2.2375,1.025));
#2873 = CARTESIAN_POINT('',(1.760171280765,2.180085640382,1.75));
#2874 = CARTESIAN_POINT('',(1.875,-2.2375,1.025));
#2875 = CARTESIAN_POINT('',(1.760171280765,-2.180085640382,1.75));
#2876 = ADVANCED_FACE('',(#2877),#2888,.F.);
#2877 = FACE_BOUND('',#2878,.F.);
#2878 = EDGE_LOOP('',(#2879,#2880,#2881,#2887));
#2879 = ORIENTED_EDGE('',*,*,#2303,.F.);
#2880 = ORIENTED_EDGE('',*,*,#2440,.T.);
#2881 = ORIENTED_EDGE('',*,*,#2882,.T.);
#2882 = EDGE_CURVE('',#2433,#2797,#2883,.T.);
#2883 = LINE('',#2884,#2885);
#2884 = CARTESIAN_POINT('',(2.25,0.84,1.025));
#2885 = VECTOR('',#2886,1.);
#2886 = DIRECTION('',(-1.,-2.22044604925E-16,0.));
#2887 = ORIENTED_EDGE('',*,*,#2796,.F.);
#2888 = B_SPLINE_SURFACE_WITH_KNOTS('',1,1,(
    (#2889,#2890)
    ,(#2891,#2892
    )),.UNSPECIFIED.,.F.,.F.,.F.,(2,2),(2,2),(0.,4.55),(0.,1.),
  .PIECEWISE_BEZIER_KNOTS.);
#2889 = CARTESIAN_POINT('',(1.95,2.275,1.025));
#2890 = CARTESIAN_POINT('',(1.875,2.2375,1.025));
#2891 = CARTESIAN_POINT('',(1.95,-2.275,1.025));
#2892 = CARTESIAN_POINT('',(1.875,-2.2375,1.025));
#2893 = ADVANCED_FACE('',(#2894),#2980,.F.);
#2894 = FACE_BOUND('',#2895,.F.);
#2895 = EDGE_LOOP('',(#2896,#2897,#2898,#2907,#2915,#2924,#2932,#2940,
    #2948,#2957,#2965,#2974));
#2896 = ORIENTED_EDGE('',*,*,#2432,.F.);
#2897 = ORIENTED_EDGE('',*,*,#2655,.T.);
#2898 = ORIENTED_EDGE('',*,*,#2899,.T.);
#2899 = EDGE_CURVE('',#2656,#2900,#2902,.T.);
#2900 = VERTEX_POINT('',#2901);
#2901 = CARTESIAN_POINT('',(2.35,0.84,0.725));
#2902 = CIRCLE('',#2903,0.1);
#2903 = AXIS2_PLACEMENT_3D('',#2904,#2905,#2906);
#2904 = CARTESIAN_POINT('',(2.25,0.84,0.725));
#2905 = DIRECTION('',(-2.22044604925E-16,1.,0.));
#2906 = DIRECTION('',(4.440892098501E-15,9.860761315262E-31,1.));
#2907 = ORIENTED_EDGE('',*,*,#2908,.T.);
#2908 = EDGE_CURVE('',#2900,#2909,#2911,.T.);
#2909 = VERTEX_POINT('',#2910);
#2910 = CARTESIAN_POINT('',(2.35,0.84,0.3));
#2911 = LINE('',#2912,#2913);
#2912 = CARTESIAN_POINT('',(2.35,0.84,0.725));
#2913 = VECTOR('',#2914,1.);
#2914 = DIRECTION('',(1.044915787883E-15,2.320179133003E-31,-1.));
#2915 = ORIENTED_EDGE('',*,*,#2916,.T.);
#2916 = EDGE_CURVE('',#2909,#2917,#2919,.T.);
#2917 = VERTEX_POINT('',#2918);
#2918 = CARTESIAN_POINT('',(2.65,0.84,5.551115123126E-17));
#2919 = CIRCLE('',#2920,0.3);
#2920 = AXIS2_PLACEMENT_3D('',#2921,#2922,#2923);
#2921 = CARTESIAN_POINT('',(2.65,0.84,0.3));
#2922 = DIRECTION('',(2.22044604925E-16,-1.,0.));
#2923 = DIRECTION('',(-1.,-2.22044604925E-16,3.515706244646E-15));
#2924 = ORIENTED_EDGE('',*,*,#2925,.T.);
#2925 = EDGE_CURVE('',#2917,#2926,#2928,.T.);
#2926 = VERTEX_POINT('',#2927);
#2927 = CARTESIAN_POINT('',(3.,0.84,5.551115123126E-17));
#2928 = LINE('',#2929,#2930);
#2929 = CARTESIAN_POINT('',(2.65,0.84,5.551115123126E-17));
#2930 = VECTOR('',#2931,1.);
#2931 = DIRECTION('',(1.,2.22044604925E-16,0.));
#2932 = ORIENTED_EDGE('',*,*,#2933,.T.);
#2933 = EDGE_CURVE('',#2926,#2934,#2936,.T.);
#2934 = VERTEX_POINT('',#2935);
#2935 = CARTESIAN_POINT('',(3.,0.84,0.2));
#2936 = LINE('',#2937,#2938);
#2937 = CARTESIAN_POINT('',(3.,0.84,5.551115123126E-17));
#2938 = VECTOR('',#2939,1.);
#2939 = DIRECTION('',(0.,0.,1.));
#2940 = ORIENTED_EDGE('',*,*,#2941,.T.);
#2941 = EDGE_CURVE('',#2934,#2942,#2944,.T.);
#2942 = VERTEX_POINT('',#2943);
#2943 = CARTESIAN_POINT('',(2.65,0.84,0.2));
#2944 = LINE('',#2945,#2946);
#2945 = CARTESIAN_POINT('',(3.,0.84,0.2));
#2946 = VECTOR('',#2947,1.);
#2947 = DIRECTION('',(-1.,-2.22044604925E-16,0.));
#2948 = ORIENTED_EDGE('',*,*,#2949,.T.);
#2949 = EDGE_CURVE('',#2942,#2950,#2952,.T.);
#2950 = VERTEX_POINT('',#2951);
#2951 = CARTESIAN_POINT('',(2.55,0.84,0.3));
#2952 = CIRCLE('',#2953,0.1);
#2953 = AXIS2_PLACEMENT_3D('',#2954,#2955,#2956);
#2954 = CARTESIAN_POINT('',(2.65,0.84,0.3));
#2955 = DIRECTION('',(-2.22044604925E-16,1.,0.));
#2956 = DIRECTION('',(0.,0.,-1.));
#2957 = ORIENTED_EDGE('',*,*,#2958,.T.);
#2958 = EDGE_CURVE('',#2950,#2959,#2961,.T.);
#2959 = VERTEX_POINT('',#2960);
#2960 = CARTESIAN_POINT('',(2.55,0.84,0.725));
#2961 = LINE('',#2962,#2963);
#2962 = CARTESIAN_POINT('',(2.55,0.84,0.3));
#2963 = VECTOR('',#2964,1.);
#2964 = DIRECTION('',(0.,0.,1.));
#2965 = ORIENTED_EDGE('',*,*,#2966,.T.);
#2966 = EDGE_CURVE('',#2959,#2967,#2969,.T.);
#2967 = VERTEX_POINT('',#2968);
#2968 = CARTESIAN_POINT('',(2.25,0.84,1.025));
#2969 = CIRCLE('',#2970,0.3);
#2970 = AXIS2_PLACEMENT_3D('',#2971,#2972,#2973);
#2971 = CARTESIAN_POINT('',(2.25,0.84,0.725));
#2972 = DIRECTION('',(2.22044604925E-16,-1.,0.));
#2973 = DIRECTION('',(1.,2.22044604925E-16,3.700743415417E-16));
#2974 = ORIENTED_EDGE('',*,*,#2975,.T.);
#2975 = EDGE_CURVE('',#2967,#2433,#2976,.T.);
#2976 = LINE('',#2977,#2978);
#2977 = CARTESIAN_POINT('',(2.25,0.84,1.025));
#2978 = VECTOR('',#2979,1.);
#2979 = DIRECTION('',(-1.,-2.22044604925E-16,0.));
#2980 = PLANE('',#2981);
#2981 = AXIS2_PLACEMENT_3D('',#2982,#2983,#2984);
#2982 = CARTESIAN_POINT('',(2.41578967201,0.84,0.532659657565));
#2983 = DIRECTION('',(2.22044604925E-16,-1.,0.));
#2984 = DIRECTION('',(0.,0.,1.));
#2985 = ADVANCED_FACE('',(#2986),#3003,.F.);
#2986 = FACE_BOUND('',#2987,.F.);
#2987 = EDGE_LOOP('',(#2988,#2989,#2990,#2998));
#2988 = ORIENTED_EDGE('',*,*,#2454,.T.);
#2989 = ORIENTED_EDGE('',*,*,#2527,.T.);
#2990 = ORIENTED_EDGE('',*,*,#2991,.F.);
#2991 = EDGE_CURVE('',#2992,#2520,#2994,.T.);
#2992 = VERTEX_POINT('',#2993);
#2993 = CARTESIAN_POINT('',(-1.775,2.45,0.825));
#2994 = LINE('',#2995,#2996);
#2995 = CARTESIAN_POINT('',(-1.775,2.45,0.825));
#2996 = VECTOR('',#2997,1.);
#2997 = DIRECTION('',(1.,2.22044604925E-16,0.));
#2998 = ORIENTED_EDGE('',*,*,#2999,.F.);
#2999 = EDGE_CURVE('',#2455,#2992,#3000,.T.);
#3000 = B_SPLINE_CURVE_WITH_KNOTS('',1,(#3001,#3002),.UNSPECIFIED.,.F.,
  .F.,(2,2),(0.,1.),.PIECEWISE_BEZIER_KNOTS.);
#3001 = CARTESIAN_POINT('',(-1.717585640382,2.335171280765,0.1));
#3002 = CARTESIAN_POINT('',(-1.775,2.45,0.825));
#3003 = B_SPLINE_SURFACE_WITH_KNOTS('',1,1,(
    (#3004,#3005)
    ,(#3006,#3007
    )),.UNSPECIFIED.,.F.,.F.,.F.,(2,2),(2,2),(0.,3.55),(0.,1.),
  .PIECEWISE_BEZIER_KNOTS.);
#3004 = CARTESIAN_POINT('',(-1.717585640382,2.335171280765,0.1));
#3005 = CARTESIAN_POINT('',(-1.775,2.45,0.825));
#3006 = CARTESIAN_POINT('',(1.717585640382,2.335171280765,0.1));
#3007 = CARTESIAN_POINT('',(1.775,2.45,0.825));
#3008 = ADVANCED_FACE('',(#3009),#3026,.F.);
#3009 = FACE_BOUND('',#3010,.F.);
#3010 = EDGE_LOOP('',(#3011,#3012,#3019,#3025));
#3011 = ORIENTED_EDGE('',*,*,#2479,.T.);
#3012 = ORIENTED_EDGE('',*,*,#3013,.T.);
#3013 = EDGE_CURVE('',#2480,#3014,#3016,.T.);
#3014 = VERTEX_POINT('',#3015);
#3015 = CARTESIAN_POINT('',(-1.775,-2.45,0.825));
#3016 = B_SPLINE_CURVE_WITH_KNOTS('',1,(#3017,#3018),.UNSPECIFIED.,.F.,
  .F.,(2,2),(0.,1.),.PIECEWISE_BEZIER_KNOTS.);
#3017 = CARTESIAN_POINT('',(-1.717585640382,-2.335171280765,0.1));
#3018 = CARTESIAN_POINT('',(-1.775,-2.45,0.825));
#3019 = ORIENTED_EDGE('',*,*,#3020,.F.);
#3020 = EDGE_CURVE('',#2542,#3014,#3021,.T.);
#3021 = LINE('',#3022,#3023);
#3022 = CARTESIAN_POINT('',(1.775,-2.45,0.825));
#3023 = VECTOR('',#3024,1.);
#3024 = DIRECTION('',(-1.,-2.22044604925E-16,0.));
#3025 = ORIENTED_EDGE('',*,*,#2541,.F.);
#3026 = B_SPLINE_SURFACE_WITH_KNOTS('',1,1,(
    (#3027,#3028)
    ,(#3029,#3030
    )),.UNSPECIFIED.,.F.,.F.,.F.,(2,2),(2,2),(0.,3.55),(0.,1.),
  .PIECEWISE_BEZIER_KNOTS.);
#3027 = CARTESIAN_POINT('',(1.717585640382,-2.335171280765,0.1));
#3028 = CARTESIAN_POINT('',(1.775,-2.45,0.825));
#3029 = CARTESIAN_POINT('',(-1.717585640382,-2.335171280765,0.1));
#3030 = CARTESIAN_POINT('',(-1.775,-2.45,0.825));
#3031 = ADVANCED_FACE('',(#3032),#3049,.F.);
#3032 = FACE_BOUND('',#3033,.F.);
#3033 = EDGE_LOOP('',(#3034,#3035,#3042,#3048));
#3034 = ORIENTED_EDGE('',*,*,#2487,.T.);
#3035 = ORIENTED_EDGE('',*,*,#3036,.T.);
#3036 = EDGE_CURVE('',#2488,#3037,#3039,.T.);
#3037 = VERTEX_POINT('',#3038);
#3038 = CARTESIAN_POINT('',(-1.95,-2.275,0.825));
#3039 = B_SPLINE_CURVE_WITH_KNOTS('',1,(#3040,#3041),.UNSPECIFIED.,.F.,
  .F.,(2,2),(0.,1.),.PIECEWISE_BEZIER_KNOTS.);
#3040 = CARTESIAN_POINT('',(-1.835171280765,-2.217585640382,0.1));
#3041 = CARTESIAN_POINT('',(-1.95,-2.275,0.825));
#3042 = ORIENTED_EDGE('',*,*,#3043,.F.);
#3043 = EDGE_CURVE('',#3014,#3037,#3044,.T.);
#3044 = LINE('',#3045,#3046);
#3045 = CARTESIAN_POINT('',(-1.775,-2.45,0.825));
#3046 = VECTOR('',#3047,1.);
#3047 = DIRECTION('',(-0.707106781187,0.707106781187,0.));
#3048 = ORIENTED_EDGE('',*,*,#3013,.F.);
#3049 = B_SPLINE_SURFACE_WITH_KNOTS('',1,1,(
    (#3050,#3051)
    ,(#3052,#3053
    )),.UNSPECIFIED.,.F.,.F.,.F.,(2,2),(2,2),(0.,0.247487373415),(0.,1.)
  ,.PIECEWISE_BEZIER_KNOTS.);
#3050 = CARTESIAN_POINT('',(-1.717585640382,-2.335171280765,0.1));
#3051 = CARTESIAN_POINT('',(-1.775,-2.45,0.825));
#3052 = CARTESIAN_POINT('',(-1.835171280765,-2.217585640382,0.1));
#3053 = CARTESIAN_POINT('',(-1.95,-2.275,0.825));
#3054 = ADVANCED_FACE('',(#3055),#3136,.F.);
#3055 = FACE_BOUND('',#3056,.F.);
#3056 = EDGE_LOOP('',(#3057,#3058,#3065,#3073,#3081,#3089,#3097,#3105,
    #3113,#3121,#3129,#3135));
#3057 = ORIENTED_EDGE('',*,*,#2495,.T.);
#3058 = ORIENTED_EDGE('',*,*,#3059,.T.);
#3059 = EDGE_CURVE('',#2496,#3060,#3062,.T.);
#3060 = VERTEX_POINT('',#3061);
#3061 = CARTESIAN_POINT('',(-1.95,2.275,0.825));
#3062 = B_SPLINE_CURVE_WITH_KNOTS('',1,(#3063,#3064),.UNSPECIFIED.,.F.,
  .F.,(2,2),(0.,1.),.PIECEWISE_BEZIER_KNOTS.);
#3063 = CARTESIAN_POINT('',(-1.835171280765,2.217585640382,0.1));
#3064 = CARTESIAN_POINT('',(-1.95,2.275,0.825));
#3065 = ORIENTED_EDGE('',*,*,#3066,.F.);
#3066 = EDGE_CURVE('',#3067,#3060,#3069,.T.);
#3067 = VERTEX_POINT('',#3068);
#3068 = CARTESIAN_POINT('',(-1.95,2.11,0.825));
#3069 = LINE('',#3070,#3071);
#3070 = CARTESIAN_POINT('',(-1.95,-2.275,0.825));
#3071 = VECTOR('',#3072,1.);
#3072 = DIRECTION('',(-2.22044604925E-16,1.,0.));
#3073 = ORIENTED_EDGE('',*,*,#3074,.F.);
#3074 = EDGE_CURVE('',#3075,#3067,#3077,.T.);
#3075 = VERTEX_POINT('',#3076);
#3076 = CARTESIAN_POINT('',(-1.95,1.7,0.825));
#3077 = LINE('',#3078,#3079);
#3078 = CARTESIAN_POINT('',(-1.95,-2.275,0.825));
#3079 = VECTOR('',#3080,1.);
#3080 = DIRECTION('',(-2.22044604925E-16,1.,0.));
#3081 = ORIENTED_EDGE('',*,*,#3082,.F.);
#3082 = EDGE_CURVE('',#3083,#3075,#3085,.T.);
#3083 = VERTEX_POINT('',#3084);
#3084 = CARTESIAN_POINT('',(-1.95,0.84,0.825));
#3085 = LINE('',#3086,#3087);
#3086 = CARTESIAN_POINT('',(-1.95,-2.275,0.825));
#3087 = VECTOR('',#3088,1.);
#3088 = DIRECTION('',(-2.22044604925E-16,1.,0.));
#3089 = ORIENTED_EDGE('',*,*,#3090,.F.);
#3090 = EDGE_CURVE('',#3091,#3083,#3093,.T.);
#3091 = VERTEX_POINT('',#3092);
#3092 = CARTESIAN_POINT('',(-1.95,0.43,0.825));
#3093 = LINE('',#3094,#3095);
#3094 = CARTESIAN_POINT('',(-1.95,-2.275,0.825));
#3095 = VECTOR('',#3096,1.);
#3096 = DIRECTION('',(-2.22044604925E-16,1.,0.));
#3097 = ORIENTED_EDGE('',*,*,#3098,.F.);
#3098 = EDGE_CURVE('',#3099,#3091,#3101,.T.);
#3099 = VERTEX_POINT('',#3100);
#3100 = CARTESIAN_POINT('',(-1.95,-0.43,0.825));
#3101 = LINE('',#3102,#3103);
#3102 = CARTESIAN_POINT('',(-1.95,-2.275,0.825));
#3103 = VECTOR('',#3104,1.);
#3104 = DIRECTION('',(-2.22044604925E-16,1.,0.));
#3105 = ORIENTED_EDGE('',*,*,#3106,.F.);
#3106 = EDGE_CURVE('',#3107,#3099,#3109,.T.);
#3107 = VERTEX_POINT('',#3108);
#3108 = CARTESIAN_POINT('',(-1.95,-0.84,0.825));
#3109 = LINE('',#3110,#3111);
#3110 = CARTESIAN_POINT('',(-1.95,-2.275,0.825));
#3111 = VECTOR('',#3112,1.);
#3112 = DIRECTION('',(-2.22044604925E-16,1.,0.));
#3113 = ORIENTED_EDGE('',*,*,#3114,.F.);
#3114 = EDGE_CURVE('',#3115,#3107,#3117,.T.);
#3115 = VERTEX_POINT('',#3116);
#3116 = CARTESIAN_POINT('',(-1.95,-1.7,0.825));
#3117 = LINE('',#3118,#3119);
#3118 = CARTESIAN_POINT('',(-1.95,-2.275,0.825));
#3119 = VECTOR('',#3120,1.);
#3120 = DIRECTION('',(-2.22044604925E-16,1.,0.));
#3121 = ORIENTED_EDGE('',*,*,#3122,.F.);
#3122 = EDGE_CURVE('',#3123,#3115,#3125,.T.);
#3123 = VERTEX_POINT('',#3124);
#3124 = CARTESIAN_POINT('',(-1.95,-2.11,0.825));
#3125 = LINE('',#3126,#3127);
#3126 = CARTESIAN_POINT('',(-1.95,-2.275,0.825));
#3127 = VECTOR('',#3128,1.);
#3128 = DIRECTION('',(-2.22044604925E-16,1.,0.));
#3129 = ORIENTED_EDGE('',*,*,#3130,.F.);
#3130 = EDGE_CURVE('',#3037,#3123,#3131,.T.);
#3131 = LINE('',#3132,#3133);
#3132 = CARTESIAN_POINT('',(-1.95,-2.275,0.825));
#3133 = VECTOR('',#3134,1.);
#3134 = DIRECTION('',(-2.22044604925E-16,1.,0.));
#3135 = ORIENTED_EDGE('',*,*,#3036,.F.);
#3136 = B_SPLINE_SURFACE_WITH_KNOTS('',1,1,(
    (#3137,#3138)
    ,(#3139,#3140
    )),.UNSPECIFIED.,.F.,.F.,.F.,(2,2),(2,2),(0.,4.55),(0.,1.),
  .PIECEWISE_BEZIER_KNOTS.);
#3137 = CARTESIAN_POINT('',(-1.835171280765,-2.217585640382,0.1));
#3138 = CARTESIAN_POINT('',(-1.95,-2.275,0.825));
#3139 = CARTESIAN_POINT('',(-1.835171280765,2.217585640382,0.1));
#3140 = CARTESIAN_POINT('',(-1.95,2.275,0.825));
#3141 = ADVANCED_FACE('',(#3142),#3153,.F.);
#3142 = FACE_BOUND('',#3143,.F.);
#3143 = EDGE_LOOP('',(#3144,#3145,#3146,#3152));
#3144 = ORIENTED_EDGE('',*,*,#2503,.T.);
#3145 = ORIENTED_EDGE('',*,*,#2999,.T.);
#3146 = ORIENTED_EDGE('',*,*,#3147,.F.);
#3147 = EDGE_CURVE('',#3060,#2992,#3148,.T.);
#3148 = LINE('',#3149,#3150);
#3149 = CARTESIAN_POINT('',(-1.95,2.275,0.825));
#3150 = VECTOR('',#3151,1.);
#3151 = DIRECTION('',(0.707106781187,0.707106781187,0.));
#3152 = ORIENTED_EDGE('',*,*,#3059,.F.);
#3153 = B_SPLINE_SURFACE_WITH_KNOTS('',1,1,(
    (#3154,#3155)
    ,(#3156,#3157
    )),.UNSPECIFIED.,.F.,.F.,.F.,(2,2),(2,2),(0.,0.247487373415),(0.,1.)
  ,.PIECEWISE_BEZIER_KNOTS.);
#3154 = CARTESIAN_POINT('',(-1.835171280765,2.217585640382,0.1));
#3155 = CARTESIAN_POINT('',(-1.95,2.275,0.825));
#3156 = CARTESIAN_POINT('',(-1.717585640382,2.335171280765,0.1));
#3157 = CARTESIAN_POINT('',(-1.775,2.45,0.825));
#3158 = ADVANCED_FACE('',(#3159),#3176,.F.);
#3159 = FACE_BOUND('',#3160,.F.);
#3160 = EDGE_LOOP('',(#3161,#3162,#3169,#3175));
#3161 = ORIENTED_EDGE('',*,*,#2548,.T.);
#3162 = ORIENTED_EDGE('',*,*,#3163,.T.);
#3163 = EDGE_CURVE('',#2542,#3164,#3166,.T.);
#3164 = VERTEX_POINT('',#3165);
#3165 = CARTESIAN_POINT('',(1.775,-2.45,1.025));
#3166 = B_SPLINE_CURVE_WITH_KNOTS('',1,(#3167,#3168),.UNSPECIFIED.,.F.,
  .F.,(2,2),(0.,1.),.PIECEWISE_BEZIER_KNOTS.);
#3167 = CARTESIAN_POINT('',(1.775,-2.45,0.825));
#3168 = CARTESIAN_POINT('',(1.775,-2.45,1.025));
#3169 = ORIENTED_EDGE('',*,*,#3170,.F.);
#3170 = EDGE_CURVE('',#2573,#3164,#3171,.T.);
#3171 = LINE('',#3172,#3173);
#3172 = CARTESIAN_POINT('',(1.95,-2.275,1.025));
#3173 = VECTOR('',#3174,1.);
#3174 = DIRECTION('',(-0.707106781187,-0.707106781187,0.));
#3175 = ORIENTED_EDGE('',*,*,#2572,.F.);
#3176 = PLANE('',#3177);
#3177 = AXIS2_PLACEMENT_3D('',#3178,#3179,#3180);
#3178 = CARTESIAN_POINT('',(1.95,-2.275,1.025));
#3179 = DIRECTION('',(-0.707106781187,0.707106781187,0.));
#3180 = DIRECTION('',(-0.707106781187,-0.707106781187,0.));
#3181 = ADVANCED_FACE('',(#3182),#3268,.T.);
#3182 = FACE_BOUND('',#3183,.T.);
#3183 = EDGE_LOOP('',(#3184,#3185,#3186,#3195,#3203,#3212,#3220,#3228,
    #3236,#3245,#3253,#3262));
#3184 = ORIENTED_EDGE('',*,*,#2563,.F.);
#3185 = ORIENTED_EDGE('',*,*,#2602,.T.);
#3186 = ORIENTED_EDGE('',*,*,#3187,.T.);
#3187 = EDGE_CURVE('',#2603,#3188,#3190,.T.);
#3188 = VERTEX_POINT('',#3189);
#3189 = CARTESIAN_POINT('',(2.35,-2.11,0.725));
#3190 = CIRCLE('',#3191,0.1);
#3191 = AXIS2_PLACEMENT_3D('',#3192,#3193,#3194);
#3192 = CARTESIAN_POINT('',(2.25,-2.11,0.725));
#3193 = DIRECTION('',(-2.22044604925E-16,1.,0.));
#3194 = DIRECTION('',(4.440892098501E-15,9.860761315262E-31,1.));
#3195 = ORIENTED_EDGE('',*,*,#3196,.T.);
#3196 = EDGE_CURVE('',#3188,#3197,#3199,.T.);
#3197 = VERTEX_POINT('',#3198);
#3198 = CARTESIAN_POINT('',(2.35,-2.11,0.3));
#3199 = LINE('',#3200,#3201);
#3200 = CARTESIAN_POINT('',(2.35,-2.11,0.725));
#3201 = VECTOR('',#3202,1.);
#3202 = DIRECTION('',(1.044915787883E-15,2.320179133003E-31,-1.));
#3203 = ORIENTED_EDGE('',*,*,#3204,.T.);
#3204 = EDGE_CURVE('',#3197,#3205,#3207,.T.);
#3205 = VERTEX_POINT('',#3206);
#3206 = CARTESIAN_POINT('',(2.65,-2.11,5.551115123126E-17));
#3207 = CIRCLE('',#3208,0.3);
#3208 = AXIS2_PLACEMENT_3D('',#3209,#3210,#3211);
#3209 = CARTESIAN_POINT('',(2.65,-2.11,0.3));
#3210 = DIRECTION('',(2.22044604925E-16,-1.,0.));
#3211 = DIRECTION('',(-1.,-2.22044604925E-16,3.515706244646E-15));
#3212 = ORIENTED_EDGE('',*,*,#3213,.T.);
#3213 = EDGE_CURVE('',#3205,#3214,#3216,.T.);
#3214 = VERTEX_POINT('',#3215);
#3215 = CARTESIAN_POINT('',(3.,-2.11,5.551115123126E-17));
#3216 = LINE('',#3217,#3218);
#3217 = CARTESIAN_POINT('',(2.65,-2.11,5.551115123126E-17));
#3218 = VECTOR('',#3219,1.);
#3219 = DIRECTION('',(1.,2.22044604925E-16,0.));
#3220 = ORIENTED_EDGE('',*,*,#3221,.T.);
#3221 = EDGE_CURVE('',#3214,#3222,#3224,.T.);
#3222 = VERTEX_POINT('',#3223);
#3223 = CARTESIAN_POINT('',(3.,-2.11,0.2));
#3224 = LINE('',#3225,#3226);
#3225 = CARTESIAN_POINT('',(3.,-2.11,5.551115123126E-17));
#3226 = VECTOR('',#3227,1.);
#3227 = DIRECTION('',(0.,0.,1.));
#3228 = ORIENTED_EDGE('',*,*,#3229,.T.);
#3229 = EDGE_CURVE('',#3222,#3230,#3232,.T.);
#3230 = VERTEX_POINT('',#3231);
#3231 = CARTESIAN_POINT('',(2.65,-2.11,0.2));
#3232 = LINE('',#3233,#3234);
#3233 = CARTESIAN_POINT('',(3.,-2.11,0.2));
#3234 = VECTOR('',#3235,1.);
#3235 = DIRECTION('',(-1.,-2.22044604925E-16,0.));
#3236 = ORIENTED_EDGE('',*,*,#3237,.T.);
#3237 = EDGE_CURVE('',#3230,#3238,#3240,.T.);
#3238 = VERTEX_POINT('',#3239);
#3239 = CARTESIAN_POINT('',(2.55,-2.11,0.3));
#3240 = CIRCLE('',#3241,0.1);
#3241 = AXIS2_PLACEMENT_3D('',#3242,#3243,#3244);
#3242 = CARTESIAN_POINT('',(2.65,-2.11,0.3));
#3243 = DIRECTION('',(-2.22044604925E-16,1.,0.));
#3244 = DIRECTION('',(0.,0.,-1.));
#3245 = ORIENTED_EDGE('',*,*,#3246,.T.);
#3246 = EDGE_CURVE('',#3238,#3247,#3249,.T.);
#3247 = VERTEX_POINT('',#3248);
#3248 = CARTESIAN_POINT('',(2.55,-2.11,0.725));
#3249 = LINE('',#3250,#3251);
#3250 = CARTESIAN_POINT('',(2.55,-2.11,0.3));
#3251 = VECTOR('',#3252,1.);
#3252 = DIRECTION('',(0.,0.,1.));
#3253 = ORIENTED_EDGE('',*,*,#3254,.T.);
#3254 = EDGE_CURVE('',#3247,#3255,#3257,.T.);
#3255 = VERTEX_POINT('',#3256);
#3256 = CARTESIAN_POINT('',(2.25,-2.11,1.025));
#3257 = CIRCLE('',#3258,0.3);
#3258 = AXIS2_PLACEMENT_3D('',#3259,#3260,#3261);
#3259 = CARTESIAN_POINT('',(2.25,-2.11,0.725));
#3260 = DIRECTION('',(2.22044604925E-16,-1.,0.));
#3261 = DIRECTION('',(1.,2.22044604925E-16,3.700743415417E-16));
#3262 = ORIENTED_EDGE('',*,*,#3263,.T.);
#3263 = EDGE_CURVE('',#3255,#2564,#3264,.T.);
#3264 = LINE('',#3265,#3266);
#3265 = CARTESIAN_POINT('',(2.25,-2.11,1.025));
#3266 = VECTOR('',#3267,1.);
#3267 = DIRECTION('',(-1.,-2.22044604925E-16,0.));
#3268 = PLANE('',#3269);
#3269 = AXIS2_PLACEMENT_3D('',#3270,#3271,#3272);
#3270 = CARTESIAN_POINT('',(2.41578967201,-2.11,0.532659657565));
#3271 = DIRECTION('',(2.22044604925E-16,-1.,0.));
#3272 = DIRECTION('',(0.,0.,1.));
#3273 = ADVANCED_FACE('',(#3274),#3289,.F.);
#3274 = FACE_BOUND('',#3275,.F.);
#3275 = EDGE_LOOP('',(#3276,#3282,#3283,#3288));
#3276 = ORIENTED_EDGE('',*,*,#3277,.F.);
#3277 = EDGE_CURVE('',#2564,#2837,#3278,.T.);
#3278 = LINE('',#3279,#3280);
#3279 = CARTESIAN_POINT('',(2.25,-2.11,1.025));
#3280 = VECTOR('',#3281,1.);
#3281 = DIRECTION('',(-1.,-2.22044604925E-16,0.));
#3282 = ORIENTED_EDGE('',*,*,#2579,.T.);
#3283 = ORIENTED_EDGE('',*,*,#3284,.T.);
#3284 = EDGE_CURVE('',#2573,#2845,#3285,.T.);
#3285 = B_SPLINE_CURVE_WITH_KNOTS('',1,(#3286,#3287),.UNSPECIFIED.,.F.,
  .F.,(2,2),(0.,1.),.PIECEWISE_BEZIER_KNOTS.);
#3286 = CARTESIAN_POINT('',(1.95,-2.275,1.025));
#3287 = CARTESIAN_POINT('',(1.875,-2.2375,1.025));
#3288 = ORIENTED_EDGE('',*,*,#2844,.F.);
#3289 = B_SPLINE_SURFACE_WITH_KNOTS('',1,1,(
    (#3290,#3291)
    ,(#3292,#3293
    )),.UNSPECIFIED.,.F.,.F.,.F.,(2,2),(2,2),(0.,4.55),(0.,1.),
  .PIECEWISE_BEZIER_KNOTS.);
#3290 = CARTESIAN_POINT('',(1.95,2.275,1.025));
#3291 = CARTESIAN_POINT('',(1.875,2.2375,1.025));
#3292 = CARTESIAN_POINT('',(1.95,-2.275,1.025));
#3293 = CARTESIAN_POINT('',(1.875,-2.2375,1.025));
#3294 = ADVANCED_FACE('',(#3295),#3381,.F.);
#3295 = FACE_BOUND('',#3296,.F.);
#3296 = EDGE_LOOP('',(#3297,#3298,#3299,#3308,#3316,#3325,#3333,#3341,
    #3349,#3358,#3366,#3375));
#3297 = ORIENTED_EDGE('',*,*,#2633,.F.);
#3298 = ORIENTED_EDGE('',*,*,#2593,.T.);
#3299 = ORIENTED_EDGE('',*,*,#3300,.T.);
#3300 = EDGE_CURVE('',#2594,#3301,#3303,.T.);
#3301 = VERTEX_POINT('',#3302);
#3302 = CARTESIAN_POINT('',(2.35,-1.7,0.725));
#3303 = CIRCLE('',#3304,0.1);
#3304 = AXIS2_PLACEMENT_3D('',#3305,#3306,#3307);
#3305 = CARTESIAN_POINT('',(2.25,-1.7,0.725));
#3306 = DIRECTION('',(-2.22044604925E-16,1.,0.));
#3307 = DIRECTION('',(4.440892098501E-15,9.860761315262E-31,1.));
#3308 = ORIENTED_EDGE('',*,*,#3309,.T.);
#3309 = EDGE_CURVE('',#3301,#3310,#3312,.T.);
#3310 = VERTEX_POINT('',#3311);
#3311 = CARTESIAN_POINT('',(2.35,-1.7,0.3));
#3312 = LINE('',#3313,#3314);
#3313 = CARTESIAN_POINT('',(2.35,-1.7,0.725));
#3314 = VECTOR('',#3315,1.);
#3315 = DIRECTION('',(1.044915787883E-15,2.320179133003E-31,-1.));
#3316 = ORIENTED_EDGE('',*,*,#3317,.T.);
#3317 = EDGE_CURVE('',#3310,#3318,#3320,.T.);
#3318 = VERTEX_POINT('',#3319);
#3319 = CARTESIAN_POINT('',(2.65,-1.7,5.551115123126E-17));
#3320 = CIRCLE('',#3321,0.3);
#3321 = AXIS2_PLACEMENT_3D('',#3322,#3323,#3324);
#3322 = CARTESIAN_POINT('',(2.65,-1.7,0.3));
#3323 = DIRECTION('',(2.22044604925E-16,-1.,0.));
#3324 = DIRECTION('',(-1.,-2.22044604925E-16,3.515706244646E-15));
#3325 = ORIENTED_EDGE('',*,*,#3326,.T.);
#3326 = EDGE_CURVE('',#3318,#3327,#3329,.T.);
#3327 = VERTEX_POINT('',#3328);
#3328 = CARTESIAN_POINT('',(3.,-1.7,5.551115123126E-17));
#3329 = LINE('',#3330,#3331);
#3330 = CARTESIAN_POINT('',(2.65,-1.7,5.551115123126E-17));
#3331 = VECTOR('',#3332,1.);
#3332 = DIRECTION('',(1.,2.22044604925E-16,0.));
#3333 = ORIENTED_EDGE('',*,*,#3334,.T.);
#3334 = EDGE_CURVE('',#3327,#3335,#3337,.T.);
#3335 = VERTEX_POINT('',#3336);
#3336 = CARTESIAN_POINT('',(3.,-1.7,0.2));
#3337 = LINE('',#3338,#3339);
#3338 = CARTESIAN_POINT('',(3.,-1.7,5.551115123126E-17));
#3339 = VECTOR('',#3340,1.);
#3340 = DIRECTION('',(0.,0.,1.));
#3341 = ORIENTED_EDGE('',*,*,#3342,.T.);
#3342 = EDGE_CURVE('',#3335,#3343,#3345,.T.);
#3343 = VERTEX_POINT('',#3344);
#3344 = CARTESIAN_POINT('',(2.65,-1.7,0.2));
#3345 = LINE('',#3346,#3347);
#3346 = CARTESIAN_POINT('',(3.,-1.7,0.2));
#3347 = VECTOR('',#3348,1.);
#3348 = DIRECTION('',(-1.,-2.22044604925E-16,0.));
#3349 = ORIENTED_EDGE('',*,*,#3350,.T.);
#3350 = EDGE_CURVE('',#3343,#3351,#3353,.T.);
#3351 = VERTEX_POINT('',#3352);
#3352 = CARTESIAN_POINT('',(2.55,-1.7,0.3));
#3353 = CIRCLE('',#3354,0.1);
#3354 = AXIS2_PLACEMENT_3D('',#3355,#3356,#3357);
#3355 = CARTESIAN_POINT('',(2.65,-1.7,0.3));
#3356 = DIRECTION('',(-2.22044604925E-16,1.,0.));
#3357 = DIRECTION('',(0.,0.,-1.));
#3358 = ORIENTED_EDGE('',*,*,#3359,.T.);
#3359 = EDGE_CURVE('',#3351,#3360,#3362,.T.);
#3360 = VERTEX_POINT('',#3361);
#3361 = CARTESIAN_POINT('',(2.55,-1.7,0.725));
#3362 = LINE('',#3363,#3364);
#3363 = CARTESIAN_POINT('',(2.55,-1.7,0.3));
#3364 = VECTOR('',#3365,1.);
#3365 = DIRECTION('',(0.,0.,1.));
#3366 = ORIENTED_EDGE('',*,*,#3367,.T.);
#3367 = EDGE_CURVE('',#3360,#3368,#3370,.T.);
#3368 = VERTEX_POINT('',#3369);
#3369 = CARTESIAN_POINT('',(2.25,-1.7,1.025));
#3370 = CIRCLE('',#3371,0.3);
#3371 = AXIS2_PLACEMENT_3D('',#3372,#3373,#3374);
#3372 = CARTESIAN_POINT('',(2.25,-1.7,0.725));
#3373 = DIRECTION('',(2.22044604925E-16,-1.,0.));
#3374 = DIRECTION('',(1.,2.22044604925E-16,3.700743415417E-16));
#3375 = ORIENTED_EDGE('',*,*,#3376,.T.);
#3376 = EDGE_CURVE('',#3368,#2634,#3377,.T.);
#3377 = LINE('',#3378,#3379);
#3378 = CARTESIAN_POINT('',(2.25,-1.7,1.025));
#3379 = VECTOR('',#3380,1.);
#3380 = DIRECTION('',(-1.,-2.22044604925E-16,0.));
#3381 = PLANE('',#3382);
#3382 = AXIS2_PLACEMENT_3D('',#3383,#3384,#3385);
#3383 = CARTESIAN_POINT('',(2.41578967201,-1.7,0.532659657565));
#3384 = DIRECTION('',(2.22044604925E-16,-1.,0.));
#3385 = DIRECTION('',(0.,0.,1.));
#3386 = ADVANCED_FACE('',(#3387),#3398,.F.);
#3387 = FACE_BOUND('',#3388,.F.);
#3388 = EDGE_LOOP('',(#3389,#3390,#3391,#3397));
#3389 = ORIENTED_EDGE('',*,*,#2610,.T.);
#3390 = ORIENTED_EDGE('',*,*,#3187,.T.);
#3391 = ORIENTED_EDGE('',*,*,#3392,.F.);
#3392 = EDGE_CURVE('',#3301,#3188,#3393,.T.);
#3393 = LINE('',#3394,#3395);
#3394 = CARTESIAN_POINT('',(2.35,-1.7,0.725));
#3395 = VECTOR('',#3396,1.);
#3396 = DIRECTION('',(2.22044604925E-16,-1.,0.));
#3397 = ORIENTED_EDGE('',*,*,#3300,.F.);
#3398 = CYLINDRICAL_SURFACE('',#3399,0.1);
#3399 = AXIS2_PLACEMENT_3D('',#3400,#3401,#3402);
#3400 = CARTESIAN_POINT('',(2.25,-1.7,0.725));
#3401 = DIRECTION('',(-2.22044604925E-16,1.,0.));
#3402 = DIRECTION('',(4.440892098501E-15,9.860761315262E-31,1.));
#3403 = ADVANCED_FACE('',(#3404),#3490,.T.);
#3404 = FACE_BOUND('',#3405,.T.);
#3405 = EDGE_LOOP('',(#3406,#3407,#3408,#3417,#3425,#3434,#3442,#3450,
    #3458,#3467,#3475,#3484));
#3406 = ORIENTED_EDGE('',*,*,#2624,.F.);
#3407 = ORIENTED_EDGE('',*,*,#2695,.T.);
#3408 = ORIENTED_EDGE('',*,*,#3409,.T.);
#3409 = EDGE_CURVE('',#2696,#3410,#3412,.T.);
#3410 = VERTEX_POINT('',#3411);
#3411 = CARTESIAN_POINT('',(2.35,-0.84,0.725));
#3412 = CIRCLE('',#3413,0.1);
#3413 = AXIS2_PLACEMENT_3D('',#3414,#3415,#3416);
#3414 = CARTESIAN_POINT('',(2.25,-0.84,0.725));
#3415 = DIRECTION('',(-2.22044604925E-16,1.,0.));
#3416 = DIRECTION('',(4.440892098501E-15,9.860761315262E-31,1.));
#3417 = ORIENTED_EDGE('',*,*,#3418,.T.);
#3418 = EDGE_CURVE('',#3410,#3419,#3421,.T.);
#3419 = VERTEX_POINT('',#3420);
#3420 = CARTESIAN_POINT('',(2.35,-0.84,0.3));
#3421 = LINE('',#3422,#3423);
#3422 = CARTESIAN_POINT('',(2.35,-0.84,0.725));
#3423 = VECTOR('',#3424,1.);
#3424 = DIRECTION('',(1.044915787883E-15,2.320179133003E-31,-1.));
#3425 = ORIENTED_EDGE('',*,*,#3426,.T.);
#3426 = EDGE_CURVE('',#3419,#3427,#3429,.T.);
#3427 = VERTEX_POINT('',#3428);
#3428 = CARTESIAN_POINT('',(2.65,-0.84,5.551115123126E-17));
#3429 = CIRCLE('',#3430,0.3);
#3430 = AXIS2_PLACEMENT_3D('',#3431,#3432,#3433);
#3431 = CARTESIAN_POINT('',(2.65,-0.84,0.3));
#3432 = DIRECTION('',(2.22044604925E-16,-1.,0.));
#3433 = DIRECTION('',(-1.,-2.22044604925E-16,3.515706244646E-15));
#3434 = ORIENTED_EDGE('',*,*,#3435,.T.);
#3435 = EDGE_CURVE('',#3427,#3436,#3438,.T.);
#3436 = VERTEX_POINT('',#3437);
#3437 = CARTESIAN_POINT('',(3.,-0.84,5.551115123126E-17));
#3438 = LINE('',#3439,#3440);
#3439 = CARTESIAN_POINT('',(2.65,-0.84,5.551115123126E-17));
#3440 = VECTOR('',#3441,1.);
#3441 = DIRECTION('',(1.,2.22044604925E-16,0.));
#3442 = ORIENTED_EDGE('',*,*,#3443,.T.);
#3443 = EDGE_CURVE('',#3436,#3444,#3446,.T.);
#3444 = VERTEX_POINT('',#3445);
#3445 = CARTESIAN_POINT('',(3.,-0.84,0.2));
#3446 = LINE('',#3447,#3448);
#3447 = CARTESIAN_POINT('',(3.,-0.84,5.551115123126E-17));
#3448 = VECTOR('',#3449,1.);
#3449 = DIRECTION('',(0.,0.,1.));
#3450 = ORIENTED_EDGE('',*,*,#3451,.T.);
#3451 = EDGE_CURVE('',#3444,#3452,#3454,.T.);
#3452 = VERTEX_POINT('',#3453);
#3453 = CARTESIAN_POINT('',(2.65,-0.84,0.2));
#3454 = LINE('',#3455,#3456);
#3455 = CARTESIAN_POINT('',(3.,-0.84,0.2));
#3456 = VECTOR('',#3457,1.);
#3457 = DIRECTION('',(-1.,-2.22044604925E-16,0.));
#3458 = ORIENTED_EDGE('',*,*,#3459,.T.);
#3459 = EDGE_CURVE('',#3452,#3460,#3462,.T.);
#3460 = VERTEX_POINT('',#3461);
#3461 = CARTESIAN_POINT('',(2.55,-0.84,0.3));
#3462 = CIRCLE('',#3463,0.1);
#3463 = AXIS2_PLACEMENT_3D('',#3464,#3465,#3466);
#3464 = CARTESIAN_POINT('',(2.65,-0.84,0.3));
#3465 = DIRECTION('',(-2.22044604925E-16,1.,0.));
#3466 = DIRECTION('',(0.,0.,-1.));
#3467 = ORIENTED_EDGE('',*,*,#3468,.T.);
#3468 = EDGE_CURVE('',#3460,#3469,#3471,.T.);
#3469 = VERTEX_POINT('',#3470);
#3470 = CARTESIAN_POINT('',(2.55,-0.84,0.725));
#3471 = LINE('',#3472,#3473);
#3472 = CARTESIAN_POINT('',(2.55,-0.84,0.3));
#3473 = VECTOR('',#3474,1.);
#3474 = DIRECTION('',(0.,0.,1.));
#3475 = ORIENTED_EDGE('',*,*,#3476,.T.);
#3476 = EDGE_CURVE('',#3469,#3477,#3479,.T.);
#3477 = VERTEX_POINT('',#3478);
#3478 = CARTESIAN_POINT('',(2.25,-0.84,1.025));
#3479 = CIRCLE('',#3480,0.3);
#3480 = AXIS2_PLACEMENT_3D('',#3481,#3482,#3483);
#3481 = CARTESIAN_POINT('',(2.25,-0.84,0.725));
#3482 = DIRECTION('',(2.22044604925E-16,-1.,0.));
#3483 = DIRECTION('',(1.,2.22044604925E-16,3.700743415417E-16));
#3484 = ORIENTED_EDGE('',*,*,#3485,.T.);
#3485 = EDGE_CURVE('',#3477,#2625,#3486,.T.);
#3486 = LINE('',#3487,#3488);
#3487 = CARTESIAN_POINT('',(2.25,-0.84,1.025));
#3488 = VECTOR('',#3489,1.);
#3489 = DIRECTION('',(-1.,-2.22044604925E-16,0.));
#3490 = PLANE('',#3491);
#3491 = AXIS2_PLACEMENT_3D('',#3492,#3493,#3494);
#3492 = CARTESIAN_POINT('',(2.41578967201,-0.84,0.532659657565));
#3493 = DIRECTION('',(2.22044604925E-16,-1.,0.));
#3494 = DIRECTION('',(0.,0.,1.));
#3495 = ADVANCED_FACE('',(#3496),#3512,.F.);
#3496 = FACE_BOUND('',#3497,.F.);
#3497 = EDGE_LOOP('',(#3498,#3504,#3505,#3511));
#3498 = ORIENTED_EDGE('',*,*,#3499,.F.);
#3499 = EDGE_CURVE('',#2625,#2821,#3500,.T.);
#3500 = LINE('',#3501,#3502);
#3501 = CARTESIAN_POINT('',(2.25,-0.84,1.025));
#3502 = VECTOR('',#3503,1.);
#3503 = DIRECTION('',(-1.,-2.22044604925E-16,0.));
#3504 = ORIENTED_EDGE('',*,*,#2641,.T.);
#3505 = ORIENTED_EDGE('',*,*,#3506,.T.);
#3506 = EDGE_CURVE('',#2634,#2829,#3507,.T.);
#3507 = LINE('',#3508,#3509);
#3508 = CARTESIAN_POINT('',(2.25,-1.7,1.025));
#3509 = VECTOR('',#3510,1.);
#3510 = DIRECTION('',(-1.,-2.22044604925E-16,0.));
#3511 = ORIENTED_EDGE('',*,*,#2828,.F.);
#3512 = B_SPLINE_SURFACE_WITH_KNOTS('',1,1,(
    (#3513,#3514)
    ,(#3515,#3516
    )),.UNSPECIFIED.,.F.,.F.,.F.,(2,2),(2,2),(0.,4.55),(0.,1.),
  .PIECEWISE_BEZIER_KNOTS.);
#3513 = CARTESIAN_POINT('',(1.95,2.275,1.025));
#3514 = CARTESIAN_POINT('',(1.875,2.2375,1.025));
#3515 = CARTESIAN_POINT('',(1.95,-2.275,1.025));
#3516 = CARTESIAN_POINT('',(1.875,-2.2375,1.025));
#3517 = ADVANCED_FACE('',(#3518),#3537,.F.);
#3518 = FACE_BOUND('',#3519,.F.);
#3519 = EDGE_LOOP('',(#3520,#3521,#3530,#3536));
#3520 = ORIENTED_EDGE('',*,*,#2672,.T.);
#3521 = ORIENTED_EDGE('',*,*,#3522,.T.);
#3522 = EDGE_CURVE('',#2665,#3523,#3525,.T.);
#3523 = VERTEX_POINT('',#3524);
#3524 = CARTESIAN_POINT('',(2.35,0.43,0.725));
#3525 = CIRCLE('',#3526,0.1);
#3526 = AXIS2_PLACEMENT_3D('',#3527,#3528,#3529);
#3527 = CARTESIAN_POINT('',(2.25,0.43,0.725));
#3528 = DIRECTION('',(-2.22044604925E-16,1.,0.));
#3529 = DIRECTION('',(4.440892098501E-15,9.860761315262E-31,1.));
#3530 = ORIENTED_EDGE('',*,*,#3531,.F.);
#3531 = EDGE_CURVE('',#2900,#3523,#3532,.T.);
#3532 = LINE('',#3533,#3534);
#3533 = CARTESIAN_POINT('',(2.35,0.84,0.725));
#3534 = VECTOR('',#3535,1.);
#3535 = DIRECTION('',(2.22044604925E-16,-1.,0.));
#3536 = ORIENTED_EDGE('',*,*,#2899,.F.);
#3537 = CYLINDRICAL_SURFACE('',#3538,0.1);
#3538 = AXIS2_PLACEMENT_3D('',#3539,#3540,#3541);
#3539 = CARTESIAN_POINT('',(2.25,0.84,0.725));
#3540 = DIRECTION('',(-2.22044604925E-16,1.,0.));
#3541 = DIRECTION('',(4.440892098501E-15,9.860761315262E-31,1.));
#3542 = ADVANCED_FACE('',(#3543),#3621,.T.);
#3543 = FACE_BOUND('',#3544,.T.);
#3544 = EDGE_LOOP('',(#3545,#3546,#3547,#3548,#3556,#3565,#3573,#3581,
    #3589,#3598,#3606,#3615));
#3545 = ORIENTED_EDGE('',*,*,#2717,.F.);
#3546 = ORIENTED_EDGE('',*,*,#2664,.T.);
#3547 = ORIENTED_EDGE('',*,*,#3522,.T.);
#3548 = ORIENTED_EDGE('',*,*,#3549,.T.);
#3549 = EDGE_CURVE('',#3523,#3550,#3552,.T.);
#3550 = VERTEX_POINT('',#3551);
#3551 = CARTESIAN_POINT('',(2.35,0.43,0.3));
#3552 = LINE('',#3553,#3554);
#3553 = CARTESIAN_POINT('',(2.35,0.43,0.725));
#3554 = VECTOR('',#3555,1.);
#3555 = DIRECTION('',(1.044915787883E-15,2.320179133003E-31,-1.));
#3556 = ORIENTED_EDGE('',*,*,#3557,.T.);
#3557 = EDGE_CURVE('',#3550,#3558,#3560,.T.);
#3558 = VERTEX_POINT('',#3559);
#3559 = CARTESIAN_POINT('',(2.65,0.43,5.551115123126E-17));
#3560 = CIRCLE('',#3561,0.3);
#3561 = AXIS2_PLACEMENT_3D('',#3562,#3563,#3564);
#3562 = CARTESIAN_POINT('',(2.65,0.43,0.3));
#3563 = DIRECTION('',(2.22044604925E-16,-1.,0.));
#3564 = DIRECTION('',(-1.,-2.22044604925E-16,3.515706244646E-15));
#3565 = ORIENTED_EDGE('',*,*,#3566,.T.);
#3566 = EDGE_CURVE('',#3558,#3567,#3569,.T.);
#3567 = VERTEX_POINT('',#3568);
#3568 = CARTESIAN_POINT('',(3.,0.43,5.551115123126E-17));
#3569 = LINE('',#3570,#3571);
#3570 = CARTESIAN_POINT('',(2.65,0.43,5.551115123126E-17));
#3571 = VECTOR('',#3572,1.);
#3572 = DIRECTION('',(1.,2.22044604925E-16,0.));
#3573 = ORIENTED_EDGE('',*,*,#3574,.T.);
#3574 = EDGE_CURVE('',#3567,#3575,#3577,.T.);
#3575 = VERTEX_POINT('',#3576);
#3576 = CARTESIAN_POINT('',(3.,0.43,0.2));
#3577 = LINE('',#3578,#3579);
#3578 = CARTESIAN_POINT('',(3.,0.43,5.551115123126E-17));
#3579 = VECTOR('',#3580,1.);
#3580 = DIRECTION('',(0.,0.,1.));
#3581 = ORIENTED_EDGE('',*,*,#3582,.T.);
#3582 = EDGE_CURVE('',#3575,#3583,#3585,.T.);
#3583 = VERTEX_POINT('',#3584);
#3584 = CARTESIAN_POINT('',(2.65,0.43,0.2));
#3585 = LINE('',#3586,#3587);
#3586 = CARTESIAN_POINT('',(3.,0.43,0.2));
#3587 = VECTOR('',#3588,1.);
#3588 = DIRECTION('',(-1.,-2.22044604925E-16,0.));
#3589 = ORIENTED_EDGE('',*,*,#3590,.T.);
#3590 = EDGE_CURVE('',#3583,#3591,#3593,.T.);
#3591 = VERTEX_POINT('',#3592);
#3592 = CARTESIAN_POINT('',(2.55,0.43,0.3));
#3593 = CIRCLE('',#3594,0.1);
#3594 = AXIS2_PLACEMENT_3D('',#3595,#3596,#3597);
#3595 = CARTESIAN_POINT('',(2.65,0.43,0.3));
#3596 = DIRECTION('',(-2.22044604925E-16,1.,0.));
#3597 = DIRECTION('',(0.,0.,-1.));
#3598 = ORIENTED_EDGE('',*,*,#3599,.T.);
#3599 = EDGE_CURVE('',#3591,#3600,#3602,.T.);
#3600 = VERTEX_POINT('',#3601);
#3601 = CARTESIAN_POINT('',(2.55,0.43,0.725));
#3602 = LINE('',#3603,#3604);
#3603 = CARTESIAN_POINT('',(2.55,0.43,0.3));
#3604 = VECTOR('',#3605,1.);
#3605 = DIRECTION('',(0.,0.,1.));
#3606 = ORIENTED_EDGE('',*,*,#3607,.T.);
#3607 = EDGE_CURVE('',#3600,#3608,#3610,.T.);
#3608 = VERTEX_POINT('',#3609);
#3609 = CARTESIAN_POINT('',(2.25,0.43,1.025));
#3610 = CIRCLE('',#3611,0.3);
#3611 = AXIS2_PLACEMENT_3D('',#3612,#3613,#3614);
#3612 = CARTESIAN_POINT('',(2.25,0.43,0.725));
#3613 = DIRECTION('',(2.22044604925E-16,-1.,0.));
#3614 = DIRECTION('',(1.,2.22044604925E-16,3.700743415417E-16));
#3615 = ORIENTED_EDGE('',*,*,#3616,.T.);
#3616 = EDGE_CURVE('',#3608,#2718,#3617,.T.);
#3617 = LINE('',#3618,#3619);
#3618 = CARTESIAN_POINT('',(2.25,0.43,1.025));
#3619 = VECTOR('',#3620,1.);
#3620 = DIRECTION('',(-1.,-2.22044604925E-16,0.));
#3621 = PLANE('',#3622);
#3622 = AXIS2_PLACEMENT_3D('',#3623,#3624,#3625);
#3623 = CARTESIAN_POINT('',(2.41578967201,0.43,0.532659657565));
#3624 = DIRECTION('',(2.22044604925E-16,-1.,0.));
#3625 = DIRECTION('',(0.,0.,1.));
#3626 = ADVANCED_FACE('',(#3627),#3713,.F.);
#3627 = FACE_BOUND('',#3628,.F.);
#3628 = EDGE_LOOP('',(#3629,#3630,#3631,#3640,#3648,#3657,#3665,#3673,
    #3681,#3690,#3698,#3707));
#3629 = ORIENTED_EDGE('',*,*,#2726,.F.);
#3630 = ORIENTED_EDGE('',*,*,#2686,.T.);
#3631 = ORIENTED_EDGE('',*,*,#3632,.T.);
#3632 = EDGE_CURVE('',#2687,#3633,#3635,.T.);
#3633 = VERTEX_POINT('',#3634);
#3634 = CARTESIAN_POINT('',(2.35,-0.43,0.725));
#3635 = CIRCLE('',#3636,0.1);
#3636 = AXIS2_PLACEMENT_3D('',#3637,#3638,#3639);
#3637 = CARTESIAN_POINT('',(2.25,-0.43,0.725));
#3638 = DIRECTION('',(-2.22044604925E-16,1.,0.));
#3639 = DIRECTION('',(4.440892098501E-15,9.860761315262E-31,1.));
#3640 = ORIENTED_EDGE('',*,*,#3641,.T.);
#3641 = EDGE_CURVE('',#3633,#3642,#3644,.T.);
#3642 = VERTEX_POINT('',#3643);
#3643 = CARTESIAN_POINT('',(2.35,-0.43,0.3));
#3644 = LINE('',#3645,#3646);
#3645 = CARTESIAN_POINT('',(2.35,-0.43,0.725));
#3646 = VECTOR('',#3647,1.);
#3647 = DIRECTION('',(1.044915787883E-15,2.320179133003E-31,-1.));
#3648 = ORIENTED_EDGE('',*,*,#3649,.T.);
#3649 = EDGE_CURVE('',#3642,#3650,#3652,.T.);
#3650 = VERTEX_POINT('',#3651);
#3651 = CARTESIAN_POINT('',(2.65,-0.43,5.551115123126E-17));
#3652 = CIRCLE('',#3653,0.3);
#3653 = AXIS2_PLACEMENT_3D('',#3654,#3655,#3656);
#3654 = CARTESIAN_POINT('',(2.65,-0.43,0.3));
#3655 = DIRECTION('',(2.22044604925E-16,-1.,0.));
#3656 = DIRECTION('',(-1.,-2.22044604925E-16,3.515706244646E-15));
#3657 = ORIENTED_EDGE('',*,*,#3658,.T.);
#3658 = EDGE_CURVE('',#3650,#3659,#3661,.T.);
#3659 = VERTEX_POINT('',#3660);
#3660 = CARTESIAN_POINT('',(3.,-0.43,5.551115123126E-17));
#3661 = LINE('',#3662,#3663);
#3662 = CARTESIAN_POINT('',(2.65,-0.43,5.551115123126E-17));
#3663 = VECTOR('',#3664,1.);
#3664 = DIRECTION('',(1.,2.22044604925E-16,0.));
#3665 = ORIENTED_EDGE('',*,*,#3666,.T.);
#3666 = EDGE_CURVE('',#3659,#3667,#3669,.T.);
#3667 = VERTEX_POINT('',#3668);
#3668 = CARTESIAN_POINT('',(3.,-0.43,0.2));
#3669 = LINE('',#3670,#3671);
#3670 = CARTESIAN_POINT('',(3.,-0.43,5.551115123126E-17));
#3671 = VECTOR('',#3672,1.);
#3672 = DIRECTION('',(0.,0.,1.));
#3673 = ORIENTED_EDGE('',*,*,#3674,.T.);
#3674 = EDGE_CURVE('',#3667,#3675,#3677,.T.);
#3675 = VERTEX_POINT('',#3676);
#3676 = CARTESIAN_POINT('',(2.65,-0.43,0.2));
#3677 = LINE('',#3678,#3679);
#3678 = CARTESIAN_POINT('',(3.,-0.43,0.2));
#3679 = VECTOR('',#3680,1.);
#3680 = DIRECTION('',(-1.,-2.22044604925E-16,0.));
#3681 = ORIENTED_EDGE('',*,*,#3682,.T.);
#3682 = EDGE_CURVE('',#3675,#3683,#3685,.T.);
#3683 = VERTEX_POINT('',#3684);
#3684 = CARTESIAN_POINT('',(2.55,-0.43,0.3));
#3685 = CIRCLE('',#3686,0.1);
#3686 = AXIS2_PLACEMENT_3D('',#3687,#3688,#3689);
#3687 = CARTESIAN_POINT('',(2.65,-0.43,0.3));
#3688 = DIRECTION('',(-2.22044604925E-16,1.,0.));
#3689 = DIRECTION('',(0.,0.,-1.));
#3690 = ORIENTED_EDGE('',*,*,#3691,.T.);
#3691 = EDGE_CURVE('',#3683,#3692,#3694,.T.);
#3692 = VERTEX_POINT('',#3693);
#3693 = CARTESIAN_POINT('',(2.55,-0.43,0.725));
#3694 = LINE('',#3695,#3696);
#3695 = CARTESIAN_POINT('',(2.55,-0.43,0.3));
#3696 = VECTOR('',#3697,1.);
#3697 = DIRECTION('',(0.,0.,1.));
#3698 = ORIENTED_EDGE('',*,*,#3699,.T.);
#3699 = EDGE_CURVE('',#3692,#3700,#3702,.T.);
#3700 = VERTEX_POINT('',#3701);
#3701 = CARTESIAN_POINT('',(2.25,-0.43,1.025));
#3702 = CIRCLE('',#3703,0.3);
#3703 = AXIS2_PLACEMENT_3D('',#3704,#3705,#3706);
#3704 = CARTESIAN_POINT('',(2.25,-0.43,0.725));
#3705 = DIRECTION('',(2.22044604925E-16,-1.,0.));
#3706 = DIRECTION('',(1.,2.22044604925E-16,3.700743415417E-16));
#3707 = ORIENTED_EDGE('',*,*,#3708,.T.);
#3708 = EDGE_CURVE('',#3700,#2727,#3709,.T.);
#3709 = LINE('',#3710,#3711);
#3710 = CARTESIAN_POINT('',(2.25,-0.43,1.025));
#3711 = VECTOR('',#3712,1.);
#3712 = DIRECTION('',(-1.,-2.22044604925E-16,0.));
#3713 = PLANE('',#3714);
#3714 = AXIS2_PLACEMENT_3D('',#3715,#3716,#3717);
#3715 = CARTESIAN_POINT('',(2.41578967201,-0.43,0.532659657565));
#3716 = DIRECTION('',(2.22044604925E-16,-1.,0.));
#3717 = DIRECTION('',(0.,0.,1.));
#3718 = ADVANCED_FACE('',(#3719),#3730,.F.);
#3719 = FACE_BOUND('',#3720,.F.);
#3720 = EDGE_LOOP('',(#3721,#3722,#3723,#3729));
#3721 = ORIENTED_EDGE('',*,*,#2703,.T.);
#3722 = ORIENTED_EDGE('',*,*,#3409,.T.);
#3723 = ORIENTED_EDGE('',*,*,#3724,.F.);
#3724 = EDGE_CURVE('',#3633,#3410,#3725,.T.);
#3725 = LINE('',#3726,#3727);
#3726 = CARTESIAN_POINT('',(2.35,-0.43,0.725));
#3727 = VECTOR('',#3728,1.);
#3728 = DIRECTION('',(2.22044604925E-16,-1.,0.));
#3729 = ORIENTED_EDGE('',*,*,#3632,.F.);
#3730 = CYLINDRICAL_SURFACE('',#3731,0.1);
#3731 = AXIS2_PLACEMENT_3D('',#3732,#3733,#3734);
#3732 = CARTESIAN_POINT('',(2.25,-0.43,0.725));
#3733 = DIRECTION('',(-2.22044604925E-16,1.,0.));
#3734 = DIRECTION('',(4.440892098501E-15,9.860761315262E-31,1.));
#3735 = ADVANCED_FACE('',(#3736),#3752,.F.);
#3736 = FACE_BOUND('',#3737,.F.);
#3737 = EDGE_LOOP('',(#3738,#3744,#3745,#3751));
#3738 = ORIENTED_EDGE('',*,*,#3739,.F.);
#3739 = EDGE_CURVE('',#2718,#2805,#3740,.T.);
#3740 = LINE('',#3741,#3742);
#3741 = CARTESIAN_POINT('',(2.25,0.43,1.025));
#3742 = VECTOR('',#3743,1.);
#3743 = DIRECTION('',(-1.,-2.22044604925E-16,0.));
#3744 = ORIENTED_EDGE('',*,*,#2734,.T.);
#3745 = ORIENTED_EDGE('',*,*,#3746,.T.);
#3746 = EDGE_CURVE('',#2727,#2813,#3747,.T.);
#3747 = LINE('',#3748,#3749);
#3748 = CARTESIAN_POINT('',(2.25,-0.43,1.025));
#3749 = VECTOR('',#3750,1.);
#3750 = DIRECTION('',(-1.,-2.22044604925E-16,0.));
#3751 = ORIENTED_EDGE('',*,*,#2812,.F.);
#3752 = B_SPLINE_SURFACE_WITH_KNOTS('',1,1,(
    (#3753,#3754)
    ,(#3755,#3756
    )),.UNSPECIFIED.,.F.,.F.,.F.,(2,2),(2,2),(0.,4.55),(0.,1.),
  .PIECEWISE_BEZIER_KNOTS.);
#3753 = CARTESIAN_POINT('',(1.95,2.275,1.025));
#3754 = CARTESIAN_POINT('',(1.875,2.2375,1.025));
#3755 = CARTESIAN_POINT('',(1.95,-2.275,1.025));
#3756 = CARTESIAN_POINT('',(1.875,-2.2375,1.025));
#3757 = ADVANCED_FACE('',(#3758),#3775,.F.);
#3758 = FACE_BOUND('',#3759,.F.);
#3759 = EDGE_LOOP('',(#3760,#3761,#3762,#3770));
#3760 = ORIENTED_EDGE('',*,*,#2750,.T.);
#3761 = ORIENTED_EDGE('',*,*,#2771,.T.);
#3762 = ORIENTED_EDGE('',*,*,#3763,.F.);
#3763 = EDGE_CURVE('',#3764,#2772,#3766,.T.);
#3764 = VERTEX_POINT('',#3765);
#3765 = CARTESIAN_POINT('',(1.7375,2.375,1.025));
#3766 = LINE('',#3767,#3768);
#3767 = CARTESIAN_POINT('',(1.7375,2.375,1.025));
#3768 = VECTOR('',#3769,1.);
#3769 = DIRECTION('',(0.707106781187,-0.707106781187,0.));
#3770 = ORIENTED_EDGE('',*,*,#3771,.F.);
#3771 = EDGE_CURVE('',#2751,#3764,#3772,.T.);
#3772 = B_SPLINE_CURVE_WITH_KNOTS('',1,(#3773,#3774),.UNSPECIFIED.,.F.,
  .F.,(2,2),(0.,1.),.PIECEWISE_BEZIER_KNOTS.);
#3773 = CARTESIAN_POINT('',(1.775,2.45,1.025));
#3774 = CARTESIAN_POINT('',(1.7375,2.375,1.025));
#3775 = B_SPLINE_SURFACE_WITH_KNOTS('',1,1,(
    (#3776,#3777)
    ,(#3778,#3779
    )),.UNSPECIFIED.,.F.,.F.,.F.,(2,2),(2,2),(0.,0.247487373415),(0.,1.)
  ,.PIECEWISE_BEZIER_KNOTS.);
#3776 = CARTESIAN_POINT('',(1.775,2.45,1.025));
#3777 = CARTESIAN_POINT('',(1.7375,2.375,1.025));
#3778 = CARTESIAN_POINT('',(1.95,2.275,1.025));
#3779 = CARTESIAN_POINT('',(1.875,2.2375,1.025));
#3780 = ADVANCED_FACE('',(#3781),#3798,.F.);
#3781 = FACE_BOUND('',#3782,.F.);
#3782 = EDGE_LOOP('',(#3783,#3784,#3785,#3793));
#3783 = ORIENTED_EDGE('',*,*,#2991,.T.);
#3784 = ORIENTED_EDGE('',*,*,#2758,.T.);
#3785 = ORIENTED_EDGE('',*,*,#3786,.F.);
#3786 = EDGE_CURVE('',#3787,#2751,#3789,.T.);
#3787 = VERTEX_POINT('',#3788);
#3788 = CARTESIAN_POINT('',(-1.775,2.45,1.025));
#3789 = LINE('',#3790,#3791);
#3790 = CARTESIAN_POINT('',(-1.775,2.45,1.025));
#3791 = VECTOR('',#3792,1.);
#3792 = DIRECTION('',(1.,2.22044604925E-16,0.));
#3793 = ORIENTED_EDGE('',*,*,#3794,.F.);
#3794 = EDGE_CURVE('',#2992,#3787,#3795,.T.);
#3795 = B_SPLINE_CURVE_WITH_KNOTS('',1,(#3796,#3797),.UNSPECIFIED.,.F.,
  .F.,(2,2),(0.,1.),.PIECEWISE_BEZIER_KNOTS.);
#3796 = CARTESIAN_POINT('',(-1.775,2.45,0.825));
#3797 = CARTESIAN_POINT('',(-1.775,2.45,1.025));
#3798 = PLANE('',#3799);
#3799 = AXIS2_PLACEMENT_3D('',#3800,#3801,#3802);
#3800 = CARTESIAN_POINT('',(-1.775,2.45,1.025));
#3801 = DIRECTION('',(2.22044604925E-16,-1.,0.));
#3802 = DIRECTION('',(1.,2.22044604925E-16,0.));
#3803 = ADVANCED_FACE('',(#3804),#3821,.F.);
#3804 = FACE_BOUND('',#3805,.F.);
#3805 = EDGE_LOOP('',(#3806,#3807,#3808,#3816));
#3806 = ORIENTED_EDGE('',*,*,#3763,.T.);
#3807 = ORIENTED_EDGE('',*,*,#2867,.T.);
#3808 = ORIENTED_EDGE('',*,*,#3809,.F.);
#3809 = EDGE_CURVE('',#3810,#2860,#3812,.T.);
#3810 = VERTEX_POINT('',#3811);
#3811 = CARTESIAN_POINT('',(1.680085640382,2.260171280765,1.75));
#3812 = LINE('',#3813,#3814);
#3813 = CARTESIAN_POINT('',(1.680085640382,2.260171280765,1.75));
#3814 = VECTOR('',#3815,1.);
#3815 = DIRECTION('',(0.707106781187,-0.707106781187,0.));
#3816 = ORIENTED_EDGE('',*,*,#3817,.F.);
#3817 = EDGE_CURVE('',#3764,#3810,#3818,.T.);
#3818 = B_SPLINE_CURVE_WITH_KNOTS('',1,(#3819,#3820),.UNSPECIFIED.,.F.,
  .F.,(2,2),(0.,1.),.PIECEWISE_BEZIER_KNOTS.);
#3819 = CARTESIAN_POINT('',(1.7375,2.375,1.025));
#3820 = CARTESIAN_POINT('',(1.680085640382,2.260171280765,1.75));
#3821 = B_SPLINE_SURFACE_WITH_KNOTS('',1,1,(
    (#3822,#3823)
    ,(#3824,#3825
    )),.UNSPECIFIED.,.F.,.F.,.F.,(2,2),(2,2),(0.,0.194454364826),(0.,1.)
  ,.PIECEWISE_BEZIER_KNOTS.);
#3822 = CARTESIAN_POINT('',(1.7375,2.375,1.025));
#3823 = CARTESIAN_POINT('',(1.680085640382,2.260171280765,1.75));
#3824 = CARTESIAN_POINT('',(1.875,2.2375,1.025));
#3825 = CARTESIAN_POINT('',(1.760171280765,2.180085640382,1.75));
#3826 = ADVANCED_FACE('',(#3827,#3877),#3888,.F.);
#3827 = FACE_BOUND('',#3828,.F.);
#3828 = EDGE_LOOP('',(#3829,#3837,#3838,#3839,#3847,#3855,#3863,#3871));
#3829 = ORIENTED_EDGE('',*,*,#3830,.T.);
#3830 = EDGE_CURVE('',#3831,#3810,#3833,.T.);
#3831 = VERTEX_POINT('',#3832);
#3832 = CARTESIAN_POINT('',(-1.680085640382,2.260171280765,1.75));
#3833 = LINE('',#3834,#3835);
#3834 = CARTESIAN_POINT('',(-1.680085640382,2.260171280765,1.75));
#3835 = VECTOR('',#3836,1.);
#3836 = DIRECTION('',(1.,2.22044604925E-16,0.));
#3837 = ORIENTED_EDGE('',*,*,#3809,.T.);
#3838 = ORIENTED_EDGE('',*,*,#2859,.T.);
#3839 = ORIENTED_EDGE('',*,*,#3840,.T.);
#3840 = EDGE_CURVE('',#2853,#3841,#3843,.T.);
#3841 = VERTEX_POINT('',#3842);
#3842 = CARTESIAN_POINT('',(1.680085640382,-2.260171280765,1.75));
#3843 = LINE('',#3844,#3845);
#3844 = CARTESIAN_POINT('',(1.760171280765,-2.180085640382,1.75));
#3845 = VECTOR('',#3846,1.);
#3846 = DIRECTION('',(-0.707106781187,-0.707106781187,0.));
#3847 = ORIENTED_EDGE('',*,*,#3848,.T.);
#3848 = EDGE_CURVE('',#3841,#3849,#3851,.T.);
#3849 = VERTEX_POINT('',#3850);
#3850 = CARTESIAN_POINT('',(-1.680085640382,-2.260171280765,1.75));
#3851 = LINE('',#3852,#3853);
#3852 = CARTESIAN_POINT('',(1.680085640382,-2.260171280765,1.75));
#3853 = VECTOR('',#3854,1.);
#3854 = DIRECTION('',(-1.,-2.22044604925E-16,0.));
#3855 = ORIENTED_EDGE('',*,*,#3856,.T.);
#3856 = EDGE_CURVE('',#3849,#3857,#3859,.T.);
#3857 = VERTEX_POINT('',#3858);
#3858 = CARTESIAN_POINT('',(-1.760171280765,-2.180085640382,1.75));
#3859 = LINE('',#3860,#3861);
#3860 = CARTESIAN_POINT('',(-1.680085640382,-2.260171280765,1.75));
#3861 = VECTOR('',#3862,1.);
#3862 = DIRECTION('',(-0.707106781187,0.707106781187,0.));
#3863 = ORIENTED_EDGE('',*,*,#3864,.T.);
#3864 = EDGE_CURVE('',#3857,#3865,#3867,.T.);
#3865 = VERTEX_POINT('',#3866);
#3866 = CARTESIAN_POINT('',(-1.760171280765,2.180085640382,1.75));
#3867 = LINE('',#3868,#3869);
#3868 = CARTESIAN_POINT('',(-1.760171280765,-2.180085640382,1.75));
#3869 = VECTOR('',#3870,1.);
#3870 = DIRECTION('',(-2.22044604925E-16,1.,0.));
#3871 = ORIENTED_EDGE('',*,*,#3872,.T.);
#3872 = EDGE_CURVE('',#3865,#3831,#3873,.T.);
#3873 = LINE('',#3874,#3875);
#3874 = CARTESIAN_POINT('',(-1.760171280765,2.180085640382,1.75));
#3875 = VECTOR('',#3876,1.);
#3876 = DIRECTION('',(0.707106781187,0.707106781187,0.));
#3877 = FACE_BOUND('',#3878,.F.);
#3878 = EDGE_LOOP('',(#3879));
#3879 = ORIENTED_EDGE('',*,*,#3880,.T.);
#3880 = EDGE_CURVE('',#3881,#3881,#3883,.T.);
#3881 = VERTEX_POINT('',#3882);
#3882 = CARTESIAN_POINT('',(-1.110171280765,1.310171280765,1.75));
#3883 = CIRCLE('',#3884,0.3);
#3884 = AXIS2_PLACEMENT_3D('',#3885,#3886,#3887);
#3885 = CARTESIAN_POINT('',(-1.110171280765,1.610171280765,1.75));
#3886 = DIRECTION('',(-0.,0.,1.));
#3887 = DIRECTION('',(2.22044604925E-16,-1.,0.));
#3888 = PLANE('',#3889);
#3889 = AXIS2_PLACEMENT_3D('',#3890,#3891,#3892);
#3890 = CARTESIAN_POINT('',(-1.680085640382,2.260171280765,1.75));
#3891 = DIRECTION('',(0.,0.,-1.));
#3892 = DIRECTION('',(0.596575959062,-0.802556617983,0.));
#3893 = ADVANCED_FACE('',(#3894),#3911,.F.);
#3894 = FACE_BOUND('',#3895,.F.);
#3895 = EDGE_LOOP('',(#3896,#3904,#3909,#3910));
#3896 = ORIENTED_EDGE('',*,*,#3897,.T.);
#3897 = EDGE_CURVE('',#2845,#3898,#3900,.T.);
#3898 = VERTEX_POINT('',#3899);
#3899 = CARTESIAN_POINT('',(1.7375,-2.375,1.025));
#3900 = LINE('',#3901,#3902);
#3901 = CARTESIAN_POINT('',(1.875,-2.2375,1.025));
#3902 = VECTOR('',#3903,1.);
#3903 = DIRECTION('',(-0.707106781187,-0.707106781187,0.));
#3904 = ORIENTED_EDGE('',*,*,#3905,.T.);
#3905 = EDGE_CURVE('',#3898,#3841,#3906,.T.);
#3906 = B_SPLINE_CURVE_WITH_KNOTS('',1,(#3907,#3908),.UNSPECIFIED.,.F.,
  .F.,(2,2),(0.,1.),.PIECEWISE_BEZIER_KNOTS.);
#3907 = CARTESIAN_POINT('',(1.7375,-2.375,1.025));
#3908 = CARTESIAN_POINT('',(1.680085640382,-2.260171280765,1.75));
#3909 = ORIENTED_EDGE('',*,*,#3840,.F.);
#3910 = ORIENTED_EDGE('',*,*,#2852,.F.);
#3911 = B_SPLINE_SURFACE_WITH_KNOTS('',1,1,(
    (#3912,#3913)
    ,(#3914,#3915
    )),.UNSPECIFIED.,.F.,.F.,.F.,(2,2),(2,2),(0.,0.194454364826),(0.,1.)
  ,.PIECEWISE_BEZIER_KNOTS.);
#3912 = CARTESIAN_POINT('',(1.875,-2.2375,1.025));
#3913 = CARTESIAN_POINT('',(1.760171280765,-2.180085640382,1.75));
#3914 = CARTESIAN_POINT('',(1.7375,-2.375,1.025));
#3915 = CARTESIAN_POINT('',(1.680085640382,-2.260171280765,1.75));
#3916 = ADVANCED_FACE('',(#3917),#3930,.F.);
#3917 = FACE_BOUND('',#3918,.F.);
#3918 = EDGE_LOOP('',(#3919,#3920,#3926,#3927,#3928,#3929));
#3919 = ORIENTED_EDGE('',*,*,#2975,.F.);
#3920 = ORIENTED_EDGE('',*,*,#3921,.T.);
#3921 = EDGE_CURVE('',#2967,#3608,#3922,.T.);
#3922 = LINE('',#3923,#3924);
#3923 = CARTESIAN_POINT('',(2.25,0.84,1.025));
#3924 = VECTOR('',#3925,1.);
#3925 = DIRECTION('',(2.22044604925E-16,-1.,0.));
#3926 = ORIENTED_EDGE('',*,*,#3616,.T.);
#3927 = ORIENTED_EDGE('',*,*,#3739,.T.);
#3928 = ORIENTED_EDGE('',*,*,#2804,.F.);
#3929 = ORIENTED_EDGE('',*,*,#2882,.F.);
#3930 = PLANE('',#3931);
#3931 = AXIS2_PLACEMENT_3D('',#3932,#3933,#3934);
#3932 = CARTESIAN_POINT('',(2.25,0.84,1.025));
#3933 = DIRECTION('',(0.,0.,-1.));
#3934 = DIRECTION('',(-1.,-2.22044604925E-16,-0.));
#3935 = ADVANCED_FACE('',(#3936),#3949,.F.);
#3936 = FACE_BOUND('',#3937,.F.);
#3937 = EDGE_LOOP('',(#3938,#3939,#3945,#3946,#3947,#3948));
#3938 = ORIENTED_EDGE('',*,*,#3376,.F.);
#3939 = ORIENTED_EDGE('',*,*,#3940,.T.);
#3940 = EDGE_CURVE('',#3368,#3255,#3941,.T.);
#3941 = LINE('',#3942,#3943);
#3942 = CARTESIAN_POINT('',(2.25,-1.7,1.025));
#3943 = VECTOR('',#3944,1.);
#3944 = DIRECTION('',(2.22044604925E-16,-1.,0.));
#3945 = ORIENTED_EDGE('',*,*,#3263,.T.);
#3946 = ORIENTED_EDGE('',*,*,#3277,.T.);
#3947 = ORIENTED_EDGE('',*,*,#2836,.F.);
#3948 = ORIENTED_EDGE('',*,*,#3506,.F.);
#3949 = PLANE('',#3950);
#3950 = AXIS2_PLACEMENT_3D('',#3951,#3952,#3953);
#3951 = CARTESIAN_POINT('',(2.25,-1.7,1.025));
#3952 = DIRECTION('',(0.,0.,-1.));
#3953 = DIRECTION('',(-1.,-2.22044604925E-16,-0.));
#3954 = ADVANCED_FACE('',(#3955),#3968,.F.);
#3955 = FACE_BOUND('',#3956,.F.);
#3956 = EDGE_LOOP('',(#3957,#3958,#3964,#3965,#3966,#3967));
#3957 = ORIENTED_EDGE('',*,*,#3708,.F.);
#3958 = ORIENTED_EDGE('',*,*,#3959,.T.);
#3959 = EDGE_CURVE('',#3700,#3477,#3960,.T.);
#3960 = LINE('',#3961,#3962);
#3961 = CARTESIAN_POINT('',(2.25,-0.43,1.025));
#3962 = VECTOR('',#3963,1.);
#3963 = DIRECTION('',(2.22044604925E-16,-1.,0.));
#3964 = ORIENTED_EDGE('',*,*,#3485,.T.);
#3965 = ORIENTED_EDGE('',*,*,#3499,.T.);
#3966 = ORIENTED_EDGE('',*,*,#2820,.F.);
#3967 = ORIENTED_EDGE('',*,*,#3746,.F.);
#3968 = PLANE('',#3969);
#3969 = AXIS2_PLACEMENT_3D('',#3970,#3971,#3972);
#3970 = CARTESIAN_POINT('',(2.25,-0.43,1.025));
#3971 = DIRECTION('',(0.,0.,-1.));
#3972 = DIRECTION('',(-1.,-2.22044604925E-16,-0.));
#3973 = ADVANCED_FACE('',(#3974),#3985,.T.);
#3974 = FACE_BOUND('',#3975,.T.);
#3975 = EDGE_LOOP('',(#3976,#3977,#3978,#3979));
#3976 = ORIENTED_EDGE('',*,*,#2966,.T.);
#3977 = ORIENTED_EDGE('',*,*,#3921,.T.);
#3978 = ORIENTED_EDGE('',*,*,#3607,.F.);
#3979 = ORIENTED_EDGE('',*,*,#3980,.F.);
#3980 = EDGE_CURVE('',#2959,#3600,#3981,.T.);
#3981 = LINE('',#3982,#3983);
#3982 = CARTESIAN_POINT('',(2.55,0.84,0.725));
#3983 = VECTOR('',#3984,1.);
#3984 = DIRECTION('',(2.22044604925E-16,-1.,0.));
#3985 = CYLINDRICAL_SURFACE('',#3986,0.3);
#3986 = AXIS2_PLACEMENT_3D('',#3987,#3988,#3989);
#3987 = CARTESIAN_POINT('',(2.25,0.84,0.725));
#3988 = DIRECTION('',(-2.22044604925E-16,1.,-0.));
#3989 = DIRECTION('',(1.,2.22044604925E-16,3.700743415417E-16));
#3990 = ADVANCED_FACE('',(#3991),#4002,.F.);
#3991 = FACE_BOUND('',#3992,.F.);
#3992 = EDGE_LOOP('',(#3993,#3999,#4000,#4001));
#3993 = ORIENTED_EDGE('',*,*,#3994,.T.);
#3994 = EDGE_CURVE('',#2950,#3591,#3995,.T.);
#3995 = LINE('',#3996,#3997);
#3996 = CARTESIAN_POINT('',(2.55,0.84,0.3));
#3997 = VECTOR('',#3998,1.);
#3998 = DIRECTION('',(2.22044604925E-16,-1.,0.));
#3999 = ORIENTED_EDGE('',*,*,#3599,.T.);
#4000 = ORIENTED_EDGE('',*,*,#3980,.F.);
#4001 = ORIENTED_EDGE('',*,*,#2958,.F.);
#4002 = PLANE('',#4003);
#4003 = AXIS2_PLACEMENT_3D('',#4004,#4005,#4006);
#4004 = CARTESIAN_POINT('',(2.55,0.84,0.3));
#4005 = DIRECTION('',(-1.,-2.22044604925E-16,0.));
#4006 = DIRECTION('',(0.,0.,1.));
#4007 = ADVANCED_FACE('',(#4008),#4019,.F.);
#4008 = FACE_BOUND('',#4009,.F.);
#4009 = EDGE_LOOP('',(#4010,#4016,#4017,#4018));
#4010 = ORIENTED_EDGE('',*,*,#4011,.T.);
#4011 = EDGE_CURVE('',#2942,#3583,#4012,.T.);
#4012 = LINE('',#4013,#4014);
#4013 = CARTESIAN_POINT('',(2.65,0.84,0.2));
#4014 = VECTOR('',#4015,1.);
#4015 = DIRECTION('',(2.22044604925E-16,-1.,0.));
#4016 = ORIENTED_EDGE('',*,*,#3590,.T.);
#4017 = ORIENTED_EDGE('',*,*,#3994,.F.);
#4018 = ORIENTED_EDGE('',*,*,#2949,.F.);
#4019 = CYLINDRICAL_SURFACE('',#4020,0.1);
#4020 = AXIS2_PLACEMENT_3D('',#4021,#4022,#4023);
#4021 = CARTESIAN_POINT('',(2.65,0.84,0.3));
#4022 = DIRECTION('',(-2.22044604925E-16,1.,0.));
#4023 = DIRECTION('',(0.,0.,-1.));
#4024 = ADVANCED_FACE('',(#4025),#4036,.F.);
#4025 = FACE_BOUND('',#4026,.F.);
#4026 = EDGE_LOOP('',(#4027,#4033,#4034,#4035));
#4027 = ORIENTED_EDGE('',*,*,#4028,.T.);
#4028 = EDGE_CURVE('',#2934,#3575,#4029,.T.);
#4029 = LINE('',#4030,#4031);
#4030 = CARTESIAN_POINT('',(3.,0.84,0.2));
#4031 = VECTOR('',#4032,1.);
#4032 = DIRECTION('',(2.22044604925E-16,-1.,0.));
#4033 = ORIENTED_EDGE('',*,*,#3582,.T.);
#4034 = ORIENTED_EDGE('',*,*,#4011,.F.);
#4035 = ORIENTED_EDGE('',*,*,#2941,.F.);
#4036 = PLANE('',#4037);
#4037 = AXIS2_PLACEMENT_3D('',#4038,#4039,#4040);
#4038 = CARTESIAN_POINT('',(3.,0.84,0.2));
#4039 = DIRECTION('',(0.,0.,-1.));
#4040 = DIRECTION('',(-1.,-2.22044604925E-16,-0.));
#4041 = ADVANCED_FACE('',(#4042),#4053,.F.);
#4042 = FACE_BOUND('',#4043,.F.);
#4043 = EDGE_LOOP('',(#4044,#4050,#4051,#4052));
#4044 = ORIENTED_EDGE('',*,*,#4045,.T.);
#4045 = EDGE_CURVE('',#2926,#3567,#4046,.T.);
#4046 = LINE('',#4047,#4048);
#4047 = CARTESIAN_POINT('',(3.,0.84,5.551115123126E-17));
#4048 = VECTOR('',#4049,1.);
#4049 = DIRECTION('',(2.22044604925E-16,-1.,0.));
#4050 = ORIENTED_EDGE('',*,*,#3574,.T.);
#4051 = ORIENTED_EDGE('',*,*,#4028,.F.);
#4052 = ORIENTED_EDGE('',*,*,#2933,.F.);
#4053 = PLANE('',#4054);
#4054 = AXIS2_PLACEMENT_3D('',#4055,#4056,#4057);
#4055 = CARTESIAN_POINT('',(3.,0.84,5.551115123126E-17));
#4056 = DIRECTION('',(-1.,-2.22044604925E-16,0.));
#4057 = DIRECTION('',(0.,0.,1.));
#4058 = ADVANCED_FACE('',(#4059),#4070,.F.);
#4059 = FACE_BOUND('',#4060,.F.);
#4060 = EDGE_LOOP('',(#4061,#4067,#4068,#4069));
#4061 = ORIENTED_EDGE('',*,*,#4062,.T.);
#4062 = EDGE_CURVE('',#2917,#3558,#4063,.T.);
#4063 = LINE('',#4064,#4065);
#4064 = CARTESIAN_POINT('',(2.65,0.84,5.551115123126E-17));
#4065 = VECTOR('',#4066,1.);
#4066 = DIRECTION('',(2.22044604925E-16,-1.,0.));
#4067 = ORIENTED_EDGE('',*,*,#3566,.T.);
#4068 = ORIENTED_EDGE('',*,*,#4045,.F.);
#4069 = ORIENTED_EDGE('',*,*,#2925,.F.);
#4070 = PLANE('',#4071);
#4071 = AXIS2_PLACEMENT_3D('',#4072,#4073,#4074);
#4072 = CARTESIAN_POINT('',(2.65,0.84,5.551115123126E-17));
#4073 = DIRECTION('',(0.,0.,1.));
#4074 = DIRECTION('',(1.,2.22044604925E-16,-0.));
#4075 = ADVANCED_FACE('',(#4076),#4087,.T.);
#4076 = FACE_BOUND('',#4077,.T.);
#4077 = EDGE_LOOP('',(#4078,#4079,#4080,#4081));
#4078 = ORIENTED_EDGE('',*,*,#2916,.T.);
#4079 = ORIENTED_EDGE('',*,*,#4062,.T.);
#4080 = ORIENTED_EDGE('',*,*,#3557,.F.);
#4081 = ORIENTED_EDGE('',*,*,#4082,.F.);
#4082 = EDGE_CURVE('',#2909,#3550,#4083,.T.);
#4083 = LINE('',#4084,#4085);
#4084 = CARTESIAN_POINT('',(2.35,0.84,0.3));
#4085 = VECTOR('',#4086,1.);
#4086 = DIRECTION('',(2.22044604925E-16,-1.,0.));
#4087 = CYLINDRICAL_SURFACE('',#4088,0.3);
#4088 = AXIS2_PLACEMENT_3D('',#4089,#4090,#4091);
#4089 = CARTESIAN_POINT('',(2.65,0.84,0.3));
#4090 = DIRECTION('',(-2.22044604925E-16,1.,-0.));
#4091 = DIRECTION('',(-1.,-2.22044604925E-16,3.515706244646E-15));
#4092 = ADVANCED_FACE('',(#4093),#4099,.F.);
#4093 = FACE_BOUND('',#4094,.F.);
#4094 = EDGE_LOOP('',(#4095,#4096,#4097,#4098));
#4095 = ORIENTED_EDGE('',*,*,#3531,.T.);
#4096 = ORIENTED_EDGE('',*,*,#3549,.T.);
#4097 = ORIENTED_EDGE('',*,*,#4082,.F.);
#4098 = ORIENTED_EDGE('',*,*,#2908,.F.);
#4099 = PLANE('',#4100);
#4100 = AXIS2_PLACEMENT_3D('',#4101,#4102,#4103);
#4101 = CARTESIAN_POINT('',(2.35,0.84,0.725));
#4102 = DIRECTION('',(1.,2.22044604925E-16,1.044915787883E-15));
#4103 = DIRECTION('',(1.044915787883E-15,2.320179133003E-31,-1.));
#4104 = ADVANCED_FACE('',(#4105),#4122,.F.);
#4105 = FACE_BOUND('',#4106,.F.);
#4106 = EDGE_LOOP('',(#4107,#4108,#4115,#4121));
#4107 = ORIENTED_EDGE('',*,*,#3020,.T.);
#4108 = ORIENTED_EDGE('',*,*,#4109,.T.);
#4109 = EDGE_CURVE('',#3014,#4110,#4112,.T.);
#4110 = VERTEX_POINT('',#4111);
#4111 = CARTESIAN_POINT('',(-1.775,-2.45,1.025));
#4112 = B_SPLINE_CURVE_WITH_KNOTS('',1,(#4113,#4114),.UNSPECIFIED.,.F.,
  .F.,(2,2),(0.,1.),.PIECEWISE_BEZIER_KNOTS.);
#4113 = CARTESIAN_POINT('',(-1.775,-2.45,0.825));
#4114 = CARTESIAN_POINT('',(-1.775,-2.45,1.025));
#4115 = ORIENTED_EDGE('',*,*,#4116,.F.);
#4116 = EDGE_CURVE('',#3164,#4110,#4117,.T.);
#4117 = LINE('',#4118,#4119);
#4118 = CARTESIAN_POINT('',(1.775,-2.45,1.025));
#4119 = VECTOR('',#4120,1.);
#4120 = DIRECTION('',(-1.,-2.22044604925E-16,0.));
#4121 = ORIENTED_EDGE('',*,*,#3163,.F.);
#4122 = PLANE('',#4123);
#4123 = AXIS2_PLACEMENT_3D('',#4124,#4125,#4126);
#4124 = CARTESIAN_POINT('',(1.775,-2.45,1.025));
#4125 = DIRECTION('',(-2.22044604925E-16,1.,0.));
#4126 = DIRECTION('',(-1.,-2.22044604925E-16,0.));
#4127 = ADVANCED_FACE('',(#4128),#4145,.F.);
#4128 = FACE_BOUND('',#4129,.F.);
#4129 = EDGE_LOOP('',(#4130,#4131,#4138,#4144));
#4130 = ORIENTED_EDGE('',*,*,#3043,.T.);
#4131 = ORIENTED_EDGE('',*,*,#4132,.T.);
#4132 = EDGE_CURVE('',#3037,#4133,#4135,.T.);
#4133 = VERTEX_POINT('',#4134);
#4134 = CARTESIAN_POINT('',(-1.95,-2.275,1.025));
#4135 = B_SPLINE_CURVE_WITH_KNOTS('',1,(#4136,#4137),.UNSPECIFIED.,.F.,
  .F.,(2,2),(0.,1.),.PIECEWISE_BEZIER_KNOTS.);
#4136 = CARTESIAN_POINT('',(-1.95,-2.275,0.825));
#4137 = CARTESIAN_POINT('',(-1.95,-2.275,1.025));
#4138 = ORIENTED_EDGE('',*,*,#4139,.F.);
#4139 = EDGE_CURVE('',#4110,#4133,#4140,.T.);
#4140 = LINE('',#4141,#4142);
#4141 = CARTESIAN_POINT('',(-1.775,-2.45,1.025));
#4142 = VECTOR('',#4143,1.);
#4143 = DIRECTION('',(-0.707106781187,0.707106781187,0.));
#4144 = ORIENTED_EDGE('',*,*,#4109,.F.);
#4145 = PLANE('',#4146);
#4146 = AXIS2_PLACEMENT_3D('',#4147,#4148,#4149);
#4147 = CARTESIAN_POINT('',(-1.775,-2.45,1.025));
#4148 = DIRECTION('',(0.707106781187,0.707106781187,0.));
#4149 = DIRECTION('',(-0.707106781187,0.707106781187,0.));
#4150 = ADVANCED_FACE('',(#4151),#4169,.F.);
#4151 = FACE_BOUND('',#4152,.F.);
#4152 = EDGE_LOOP('',(#4153,#4154,#4155,#4163));
#4153 = ORIENTED_EDGE('',*,*,#4132,.F.);
#4154 = ORIENTED_EDGE('',*,*,#3130,.T.);
#4155 = ORIENTED_EDGE('',*,*,#4156,.T.);
#4156 = EDGE_CURVE('',#3123,#4157,#4159,.T.);
#4157 = VERTEX_POINT('',#4158);
#4158 = CARTESIAN_POINT('',(-1.95,-2.11,1.025));
#4159 = LINE('',#4160,#4161);
#4160 = CARTESIAN_POINT('',(-1.95,-2.11,0.778829828783));
#4161 = VECTOR('',#4162,1.);
#4162 = DIRECTION('',(0.,0.,1.));
#4163 = ORIENTED_EDGE('',*,*,#4164,.F.);
#4164 = EDGE_CURVE('',#4133,#4157,#4165,.T.);
#4165 = LINE('',#4166,#4167);
#4166 = CARTESIAN_POINT('',(-1.95,-2.275,1.025));
#4167 = VECTOR('',#4168,1.);
#4168 = DIRECTION('',(-2.22044604925E-16,1.,0.));
#4169 = PLANE('',#4170);
#4170 = AXIS2_PLACEMENT_3D('',#4171,#4172,#4173);
#4171 = CARTESIAN_POINT('',(-1.95,-2.275,1.025));
#4172 = DIRECTION('',(1.,2.22044604925E-16,0.));
#4173 = DIRECTION('',(-2.22044604925E-16,1.,0.));
#4174 = ADVANCED_FACE('',(#4175),#4199,.F.);
#4175 = FACE_BOUND('',#4176,.F.);
#4176 = EDGE_LOOP('',(#4177,#4185,#4186,#4193));
#4177 = ORIENTED_EDGE('',*,*,#4178,.F.);
#4178 = EDGE_CURVE('',#3067,#4179,#4181,.T.);
#4179 = VERTEX_POINT('',#4180);
#4180 = CARTESIAN_POINT('',(-1.95,2.11,1.025));
#4181 = LINE('',#4182,#4183);
#4182 = CARTESIAN_POINT('',(-1.95,2.11,0.778829828783));
#4183 = VECTOR('',#4184,1.);
#4184 = DIRECTION('',(0.,0.,1.));
#4185 = ORIENTED_EDGE('',*,*,#3066,.T.);
#4186 = ORIENTED_EDGE('',*,*,#4187,.T.);
#4187 = EDGE_CURVE('',#3060,#4188,#4190,.T.);
#4188 = VERTEX_POINT('',#4189);
#4189 = CARTESIAN_POINT('',(-1.95,2.275,1.025));
#4190 = B_SPLINE_CURVE_WITH_KNOTS('',1,(#4191,#4192),.UNSPECIFIED.,.F.,
  .F.,(2,2),(0.,1.),.PIECEWISE_BEZIER_KNOTS.);
#4191 = CARTESIAN_POINT('',(-1.95,2.275,0.825));
#4192 = CARTESIAN_POINT('',(-1.95,2.275,1.025));
#4193 = ORIENTED_EDGE('',*,*,#4194,.F.);
#4194 = EDGE_CURVE('',#4179,#4188,#4195,.T.);
#4195 = LINE('',#4196,#4197);
#4196 = CARTESIAN_POINT('',(-1.95,-2.275,1.025));
#4197 = VECTOR('',#4198,1.);
#4198 = DIRECTION('',(-2.22044604925E-16,1.,0.));
#4199 = PLANE('',#4200);
#4200 = AXIS2_PLACEMENT_3D('',#4201,#4202,#4203);
#4201 = CARTESIAN_POINT('',(-1.95,-2.275,1.025));
#4202 = DIRECTION('',(1.,2.22044604925E-16,0.));
#4203 = DIRECTION('',(-2.22044604925E-16,1.,0.));
#4204 = ADVANCED_FACE('',(#4205),#4230,.F.);
#4205 = FACE_BOUND('',#4206,.F.);
#4206 = EDGE_LOOP('',(#4207,#4215,#4216,#4224));
#4207 = ORIENTED_EDGE('',*,*,#4208,.F.);
#4208 = EDGE_CURVE('',#3123,#4209,#4211,.T.);
#4209 = VERTEX_POINT('',#4210);
#4210 = CARTESIAN_POINT('',(-2.25,-2.11,0.825));
#4211 = LINE('',#4212,#4213);
#4212 = CARTESIAN_POINT('',(-1.8,-2.11,0.825));
#4213 = VECTOR('',#4214,1.);
#4214 = DIRECTION('',(-1.,-9.95799250103E-17,0.));
#4215 = ORIENTED_EDGE('',*,*,#3122,.T.);
#4216 = ORIENTED_EDGE('',*,*,#4217,.T.);
#4217 = EDGE_CURVE('',#3115,#4218,#4220,.T.);
#4218 = VERTEX_POINT('',#4219);
#4219 = CARTESIAN_POINT('',(-2.25,-1.7,0.825));
#4220 = LINE('',#4221,#4222);
#4221 = CARTESIAN_POINT('',(-1.8,-1.7,0.825));
#4222 = VECTOR('',#4223,1.);
#4223 = DIRECTION('',(-1.,-9.95799250103E-17,0.));
#4224 = ORIENTED_EDGE('',*,*,#4225,.F.);
#4225 = EDGE_CURVE('',#4209,#4218,#4226,.T.);
#4226 = LINE('',#4227,#4228);
#4227 = CARTESIAN_POINT('',(-2.25,-2.11,0.825));
#4228 = VECTOR('',#4229,1.);
#4229 = DIRECTION('',(-9.95799250103E-17,1.,0.));
#4230 = PLANE('',#4231);
#4231 = AXIS2_PLACEMENT_3D('',#4232,#4233,#4234);
#4232 = CARTESIAN_POINT('',(-1.8,-2.11,0.825));
#4233 = DIRECTION('',(0.,0.,1.));
#4234 = DIRECTION('',(-1.,-9.95799250103E-17,0.));
#4235 = ADVANCED_FACE('',(#4236),#4261,.F.);
#4236 = FACE_BOUND('',#4237,.F.);
#4237 = EDGE_LOOP('',(#4238,#4246,#4247,#4255));
#4238 = ORIENTED_EDGE('',*,*,#4239,.F.);
#4239 = EDGE_CURVE('',#3075,#4240,#4242,.T.);
#4240 = VERTEX_POINT('',#4241);
#4241 = CARTESIAN_POINT('',(-2.25,1.7,0.825));
#4242 = LINE('',#4243,#4244);
#4243 = CARTESIAN_POINT('',(-1.8,1.7,0.825));
#4244 = VECTOR('',#4245,1.);
#4245 = DIRECTION('',(-1.,-9.95799250103E-17,0.));
#4246 = ORIENTED_EDGE('',*,*,#3074,.T.);
#4247 = ORIENTED_EDGE('',*,*,#4248,.T.);
#4248 = EDGE_CURVE('',#3067,#4249,#4251,.T.);
#4249 = VERTEX_POINT('',#4250);
#4250 = CARTESIAN_POINT('',(-2.25,2.11,0.825));
#4251 = LINE('',#4252,#4253);
#4252 = CARTESIAN_POINT('',(-1.8,2.11,0.825));
#4253 = VECTOR('',#4254,1.);
#4254 = DIRECTION('',(-1.,-9.95799250103E-17,0.));
#4255 = ORIENTED_EDGE('',*,*,#4256,.F.);
#4256 = EDGE_CURVE('',#4240,#4249,#4257,.T.);
#4257 = LINE('',#4258,#4259);
#4258 = CARTESIAN_POINT('',(-2.25,1.7,0.825));
#4259 = VECTOR('',#4260,1.);
#4260 = DIRECTION('',(-9.95799250103E-17,1.,0.));
#4261 = PLANE('',#4262);
#4262 = AXIS2_PLACEMENT_3D('',#4263,#4264,#4265);
#4263 = CARTESIAN_POINT('',(-1.8,1.7,0.825));
#4264 = DIRECTION('',(0.,0.,1.));
#4265 = DIRECTION('',(-1.,-9.95799250103E-17,0.));
#4266 = ADVANCED_FACE('',(#4267),#4292,.F.);
#4267 = FACE_BOUND('',#4268,.F.);
#4268 = EDGE_LOOP('',(#4269,#4277,#4278,#4286));
#4269 = ORIENTED_EDGE('',*,*,#4270,.F.);
#4270 = EDGE_CURVE('',#3115,#4271,#4273,.T.);
#4271 = VERTEX_POINT('',#4272);
#4272 = CARTESIAN_POINT('',(-1.95,-1.7,1.025));
#4273 = LINE('',#4274,#4275);
#4274 = CARTESIAN_POINT('',(-1.95,-1.7,0.778829828783));
#4275 = VECTOR('',#4276,1.);
#4276 = DIRECTION('',(0.,0.,1.));
#4277 = ORIENTED_EDGE('',*,*,#3114,.T.);
#4278 = ORIENTED_EDGE('',*,*,#4279,.T.);
#4279 = EDGE_CURVE('',#3107,#4280,#4282,.T.);
#4280 = VERTEX_POINT('',#4281);
#4281 = CARTESIAN_POINT('',(-1.95,-0.84,1.025));
#4282 = LINE('',#4283,#4284);
#4283 = CARTESIAN_POINT('',(-1.95,-0.84,0.778829828783));
#4284 = VECTOR('',#4285,1.);
#4285 = DIRECTION('',(0.,0.,1.));
#4286 = ORIENTED_EDGE('',*,*,#4287,.F.);
#4287 = EDGE_CURVE('',#4271,#4280,#4288,.T.);
#4288 = LINE('',#4289,#4290);
#4289 = CARTESIAN_POINT('',(-1.95,-2.275,1.025));
#4290 = VECTOR('',#4291,1.);
#4291 = DIRECTION('',(-2.22044604925E-16,1.,0.));
#4292 = PLANE('',#4293);
#4293 = AXIS2_PLACEMENT_3D('',#4294,#4295,#4296);
#4294 = CARTESIAN_POINT('',(-1.95,-2.275,1.025));
#4295 = DIRECTION('',(1.,2.22044604925E-16,0.));
#4296 = DIRECTION('',(-2.22044604925E-16,1.,0.));
#4297 = ADVANCED_FACE('',(#4298),#4323,.F.);
#4298 = FACE_BOUND('',#4299,.F.);
#4299 = EDGE_LOOP('',(#4300,#4308,#4309,#4317));
#4300 = ORIENTED_EDGE('',*,*,#4301,.F.);
#4301 = EDGE_CURVE('',#3083,#4302,#4304,.T.);
#4302 = VERTEX_POINT('',#4303);
#4303 = CARTESIAN_POINT('',(-1.95,0.84,1.025));
#4304 = LINE('',#4305,#4306);
#4305 = CARTESIAN_POINT('',(-1.95,0.84,0.778829828783));
#4306 = VECTOR('',#4307,1.);
#4307 = DIRECTION('',(0.,0.,1.));
#4308 = ORIENTED_EDGE('',*,*,#3082,.T.);
#4309 = ORIENTED_EDGE('',*,*,#4310,.T.);
#4310 = EDGE_CURVE('',#3075,#4311,#4313,.T.);
#4311 = VERTEX_POINT('',#4312);
#4312 = CARTESIAN_POINT('',(-1.95,1.7,1.025));
#4313 = LINE('',#4314,#4315);
#4314 = CARTESIAN_POINT('',(-1.95,1.7,0.778829828783));
#4315 = VECTOR('',#4316,1.);
#4316 = DIRECTION('',(0.,0.,1.));
#4317 = ORIENTED_EDGE('',*,*,#4318,.F.);
#4318 = EDGE_CURVE('',#4302,#4311,#4319,.T.);
#4319 = LINE('',#4320,#4321);
#4320 = CARTESIAN_POINT('',(-1.95,-2.275,1.025));
#4321 = VECTOR('',#4322,1.);
#4322 = DIRECTION('',(-2.22044604925E-16,1.,0.));
#4323 = PLANE('',#4324);
#4324 = AXIS2_PLACEMENT_3D('',#4325,#4326,#4327);
#4325 = CARTESIAN_POINT('',(-1.95,-2.275,1.025));
#4326 = DIRECTION('',(1.,2.22044604925E-16,0.));
#4327 = DIRECTION('',(-2.22044604925E-16,1.,0.));
#4328 = ADVANCED_FACE('',(#4329),#4354,.F.);
#4329 = FACE_BOUND('',#4330,.F.);
#4330 = EDGE_LOOP('',(#4331,#4339,#4340,#4348));
#4331 = ORIENTED_EDGE('',*,*,#4332,.F.);
#4332 = EDGE_CURVE('',#3107,#4333,#4335,.T.);
#4333 = VERTEX_POINT('',#4334);
#4334 = CARTESIAN_POINT('',(-2.25,-0.84,0.825));
#4335 = LINE('',#4336,#4337);
#4336 = CARTESIAN_POINT('',(-1.8,-0.84,0.825));
#4337 = VECTOR('',#4338,1.);
#4338 = DIRECTION('',(-1.,-9.95799250103E-17,0.));
#4339 = ORIENTED_EDGE('',*,*,#3106,.T.);
#4340 = ORIENTED_EDGE('',*,*,#4341,.T.);
#4341 = EDGE_CURVE('',#3099,#4342,#4344,.T.);
#4342 = VERTEX_POINT('',#4343);
#4343 = CARTESIAN_POINT('',(-2.25,-0.43,0.825));
#4344 = LINE('',#4345,#4346);
#4345 = CARTESIAN_POINT('',(-1.8,-0.43,0.825));
#4346 = VECTOR('',#4347,1.);
#4347 = DIRECTION('',(-1.,-9.95799250103E-17,0.));
#4348 = ORIENTED_EDGE('',*,*,#4349,.F.);
#4349 = EDGE_CURVE('',#4333,#4342,#4350,.T.);
#4350 = LINE('',#4351,#4352);
#4351 = CARTESIAN_POINT('',(-2.25,-0.84,0.825));
#4352 = VECTOR('',#4353,1.);
#4353 = DIRECTION('',(-9.95799250103E-17,1.,0.));
#4354 = PLANE('',#4355);
#4355 = AXIS2_PLACEMENT_3D('',#4356,#4357,#4358);
#4356 = CARTESIAN_POINT('',(-1.8,-0.84,0.825));
#4357 = DIRECTION('',(0.,0.,1.));
#4358 = DIRECTION('',(-1.,-9.95799250103E-17,0.));
#4359 = ADVANCED_FACE('',(#4360),#4385,.F.);
#4360 = FACE_BOUND('',#4361,.F.);
#4361 = EDGE_LOOP('',(#4362,#4370,#4371,#4379));
#4362 = ORIENTED_EDGE('',*,*,#4363,.F.);
#4363 = EDGE_CURVE('',#3091,#4364,#4366,.T.);
#4364 = VERTEX_POINT('',#4365);
#4365 = CARTESIAN_POINT('',(-2.25,0.43,0.825));
#4366 = LINE('',#4367,#4368);
#4367 = CARTESIAN_POINT('',(-1.8,0.43,0.825));
#4368 = VECTOR('',#4369,1.);
#4369 = DIRECTION('',(-1.,-9.95799250103E-17,0.));
#4370 = ORIENTED_EDGE('',*,*,#3090,.T.);
#4371 = ORIENTED_EDGE('',*,*,#4372,.T.);
#4372 = EDGE_CURVE('',#3083,#4373,#4375,.T.);
#4373 = VERTEX_POINT('',#4374);
#4374 = CARTESIAN_POINT('',(-2.25,0.84,0.825));
#4375 = LINE('',#4376,#4377);
#4376 = CARTESIAN_POINT('',(-1.8,0.84,0.825));
#4377 = VECTOR('',#4378,1.);
#4378 = DIRECTION('',(-1.,-9.95799250103E-17,0.));
#4379 = ORIENTED_EDGE('',*,*,#4380,.F.);
#4380 = EDGE_CURVE('',#4364,#4373,#4381,.T.);
#4381 = LINE('',#4382,#4383);
#4382 = CARTESIAN_POINT('',(-2.25,0.43,0.825));
#4383 = VECTOR('',#4384,1.);
#4384 = DIRECTION('',(-9.95799250103E-17,1.,0.));
#4385 = PLANE('',#4386);
#4386 = AXIS2_PLACEMENT_3D('',#4387,#4388,#4389);
#4387 = CARTESIAN_POINT('',(-1.8,0.43,0.825));
#4388 = DIRECTION('',(0.,0.,1.));
#4389 = DIRECTION('',(-1.,-9.95799250103E-17,0.));
#4390 = ADVANCED_FACE('',(#4391),#4416,.F.);
#4391 = FACE_BOUND('',#4392,.F.);
#4392 = EDGE_LOOP('',(#4393,#4401,#4402,#4410));
#4393 = ORIENTED_EDGE('',*,*,#4394,.F.);
#4394 = EDGE_CURVE('',#3099,#4395,#4397,.T.);
#4395 = VERTEX_POINT('',#4396);
#4396 = CARTESIAN_POINT('',(-1.95,-0.43,1.025));
#4397 = LINE('',#4398,#4399);
#4398 = CARTESIAN_POINT('',(-1.95,-0.43,0.778829828783));
#4399 = VECTOR('',#4400,1.);
#4400 = DIRECTION('',(0.,0.,1.));
#4401 = ORIENTED_EDGE('',*,*,#3098,.T.);
#4402 = ORIENTED_EDGE('',*,*,#4403,.T.);
#4403 = EDGE_CURVE('',#3091,#4404,#4406,.T.);
#4404 = VERTEX_POINT('',#4405);
#4405 = CARTESIAN_POINT('',(-1.95,0.43,1.025));
#4406 = LINE('',#4407,#4408);
#4407 = CARTESIAN_POINT('',(-1.95,0.43,0.778829828783));
#4408 = VECTOR('',#4409,1.);
#4409 = DIRECTION('',(0.,0.,1.));
#4410 = ORIENTED_EDGE('',*,*,#4411,.F.);
#4411 = EDGE_CURVE('',#4395,#4404,#4412,.T.);
#4412 = LINE('',#4413,#4414);
#4413 = CARTESIAN_POINT('',(-1.95,-2.275,1.025));
#4414 = VECTOR('',#4415,1.);
#4415 = DIRECTION('',(-2.22044604925E-16,1.,0.));
#4416 = PLANE('',#4417);
#4417 = AXIS2_PLACEMENT_3D('',#4418,#4419,#4420);
#4418 = CARTESIAN_POINT('',(-1.95,-2.275,1.025));
#4419 = DIRECTION('',(1.,2.22044604925E-16,0.));
#4420 = DIRECTION('',(-2.22044604925E-16,1.,0.));
#4421 = ADVANCED_FACE('',(#4422),#4433,.F.);
#4422 = FACE_BOUND('',#4423,.F.);
#4423 = EDGE_LOOP('',(#4424,#4425,#4426,#4432));
#4424 = ORIENTED_EDGE('',*,*,#3147,.T.);
#4425 = ORIENTED_EDGE('',*,*,#3794,.T.);
#4426 = ORIENTED_EDGE('',*,*,#4427,.F.);
#4427 = EDGE_CURVE('',#4188,#3787,#4428,.T.);
#4428 = LINE('',#4429,#4430);
#4429 = CARTESIAN_POINT('',(-1.95,2.275,1.025));
#4430 = VECTOR('',#4431,1.);
#4431 = DIRECTION('',(0.707106781187,0.707106781187,0.));
#4432 = ORIENTED_EDGE('',*,*,#4187,.F.);
#4433 = PLANE('',#4434);
#4434 = AXIS2_PLACEMENT_3D('',#4435,#4436,#4437);
#4435 = CARTESIAN_POINT('',(-1.95,2.275,1.025));
#4436 = DIRECTION('',(0.707106781187,-0.707106781187,0.));
#4437 = DIRECTION('',(0.707106781187,0.707106781187,0.));
#4438 = ADVANCED_FACE('',(#4439),#4449,.F.);
#4439 = FACE_BOUND('',#4440,.F.);
#4440 = EDGE_LOOP('',(#4441,#4442,#4447,#4448));
#4441 = ORIENTED_EDGE('',*,*,#3170,.T.);
#4442 = ORIENTED_EDGE('',*,*,#4443,.T.);
#4443 = EDGE_CURVE('',#3164,#3898,#4444,.T.);
#4444 = B_SPLINE_CURVE_WITH_KNOTS('',1,(#4445,#4446),.UNSPECIFIED.,.F.,
  .F.,(2,2),(0.,1.),.PIECEWISE_BEZIER_KNOTS.);
#4445 = CARTESIAN_POINT('',(1.775,-2.45,1.025));
#4446 = CARTESIAN_POINT('',(1.7375,-2.375,1.025));
#4447 = ORIENTED_EDGE('',*,*,#3897,.F.);
#4448 = ORIENTED_EDGE('',*,*,#3284,.F.);
#4449 = B_SPLINE_SURFACE_WITH_KNOTS('',1,1,(
    (#4450,#4451)
    ,(#4452,#4453
    )),.UNSPECIFIED.,.F.,.F.,.F.,(2,2),(2,2),(0.,0.247487373415),(0.,1.)
  ,.PIECEWISE_BEZIER_KNOTS.);
#4450 = CARTESIAN_POINT('',(1.95,-2.275,1.025));
#4451 = CARTESIAN_POINT('',(1.875,-2.2375,1.025));
#4452 = CARTESIAN_POINT('',(1.775,-2.45,1.025));
#4453 = CARTESIAN_POINT('',(1.7375,-2.375,1.025));
#4454 = ADVANCED_FACE('',(#4455),#4466,.T.);
#4455 = FACE_BOUND('',#4456,.T.);
#4456 = EDGE_LOOP('',(#4457,#4458,#4459,#4460));
#4457 = ORIENTED_EDGE('',*,*,#3367,.T.);
#4458 = ORIENTED_EDGE('',*,*,#3940,.T.);
#4459 = ORIENTED_EDGE('',*,*,#3254,.F.);
#4460 = ORIENTED_EDGE('',*,*,#4461,.F.);
#4461 = EDGE_CURVE('',#3360,#3247,#4462,.T.);
#4462 = LINE('',#4463,#4464);
#4463 = CARTESIAN_POINT('',(2.55,-1.7,0.725));
#4464 = VECTOR('',#4465,1.);
#4465 = DIRECTION('',(2.22044604925E-16,-1.,0.));
#4466 = CYLINDRICAL_SURFACE('',#4467,0.3);
#4467 = AXIS2_PLACEMENT_3D('',#4468,#4469,#4470);
#4468 = CARTESIAN_POINT('',(2.25,-1.7,0.725));
#4469 = DIRECTION('',(-2.22044604925E-16,1.,-0.));
#4470 = DIRECTION('',(1.,2.22044604925E-16,3.700743415417E-16));
#4471 = ADVANCED_FACE('',(#4472),#4483,.F.);
#4472 = FACE_BOUND('',#4473,.F.);
#4473 = EDGE_LOOP('',(#4474,#4480,#4481,#4482));
#4474 = ORIENTED_EDGE('',*,*,#4475,.T.);
#4475 = EDGE_CURVE('',#3351,#3238,#4476,.T.);
#4476 = LINE('',#4477,#4478);
#4477 = CARTESIAN_POINT('',(2.55,-1.7,0.3));
#4478 = VECTOR('',#4479,1.);
#4479 = DIRECTION('',(2.22044604925E-16,-1.,0.));
#4480 = ORIENTED_EDGE('',*,*,#3246,.T.);
#4481 = ORIENTED_EDGE('',*,*,#4461,.F.);
#4482 = ORIENTED_EDGE('',*,*,#3359,.F.);
#4483 = PLANE('',#4484);
#4484 = AXIS2_PLACEMENT_3D('',#4485,#4486,#4487);
#4485 = CARTESIAN_POINT('',(2.55,-1.7,0.3));
#4486 = DIRECTION('',(-1.,-2.22044604925E-16,0.));
#4487 = DIRECTION('',(0.,0.,1.));
#4488 = ADVANCED_FACE('',(#4489),#4500,.F.);
#4489 = FACE_BOUND('',#4490,.F.);
#4490 = EDGE_LOOP('',(#4491,#4497,#4498,#4499));
#4491 = ORIENTED_EDGE('',*,*,#4492,.T.);
#4492 = EDGE_CURVE('',#3343,#3230,#4493,.T.);
#4493 = LINE('',#4494,#4495);
#4494 = CARTESIAN_POINT('',(2.65,-1.7,0.2));
#4495 = VECTOR('',#4496,1.);
#4496 = DIRECTION('',(2.22044604925E-16,-1.,0.));
#4497 = ORIENTED_EDGE('',*,*,#3237,.T.);
#4498 = ORIENTED_EDGE('',*,*,#4475,.F.);
#4499 = ORIENTED_EDGE('',*,*,#3350,.F.);
#4500 = CYLINDRICAL_SURFACE('',#4501,0.1);
#4501 = AXIS2_PLACEMENT_3D('',#4502,#4503,#4504);
#4502 = CARTESIAN_POINT('',(2.65,-1.7,0.3));
#4503 = DIRECTION('',(-2.22044604925E-16,1.,0.));
#4504 = DIRECTION('',(0.,0.,-1.));
#4505 = ADVANCED_FACE('',(#4506),#4517,.F.);
#4506 = FACE_BOUND('',#4507,.F.);
#4507 = EDGE_LOOP('',(#4508,#4514,#4515,#4516));
#4508 = ORIENTED_EDGE('',*,*,#4509,.T.);
#4509 = EDGE_CURVE('',#3335,#3222,#4510,.T.);
#4510 = LINE('',#4511,#4512);
#4511 = CARTESIAN_POINT('',(3.,-1.7,0.2));
#4512 = VECTOR('',#4513,1.);
#4513 = DIRECTION('',(2.22044604925E-16,-1.,0.));
#4514 = ORIENTED_EDGE('',*,*,#3229,.T.);
#4515 = ORIENTED_EDGE('',*,*,#4492,.F.);
#4516 = ORIENTED_EDGE('',*,*,#3342,.F.);
#4517 = PLANE('',#4518);
#4518 = AXIS2_PLACEMENT_3D('',#4519,#4520,#4521);
#4519 = CARTESIAN_POINT('',(3.,-1.7,0.2));
#4520 = DIRECTION('',(0.,0.,-1.));
#4521 = DIRECTION('',(-1.,-2.22044604925E-16,-0.));
#4522 = ADVANCED_FACE('',(#4523),#4534,.F.);
#4523 = FACE_BOUND('',#4524,.F.);
#4524 = EDGE_LOOP('',(#4525,#4531,#4532,#4533));
#4525 = ORIENTED_EDGE('',*,*,#4526,.T.);
#4526 = EDGE_CURVE('',#3327,#3214,#4527,.T.);
#4527 = LINE('',#4528,#4529);
#4528 = CARTESIAN_POINT('',(3.,-1.7,5.551115123126E-17));
#4529 = VECTOR('',#4530,1.);
#4530 = DIRECTION('',(2.22044604925E-16,-1.,0.));
#4531 = ORIENTED_EDGE('',*,*,#3221,.T.);
#4532 = ORIENTED_EDGE('',*,*,#4509,.F.);
#4533 = ORIENTED_EDGE('',*,*,#3334,.F.);
#4534 = PLANE('',#4535);
#4535 = AXIS2_PLACEMENT_3D('',#4536,#4537,#4538);
#4536 = CARTESIAN_POINT('',(3.,-1.7,5.551115123126E-17));
#4537 = DIRECTION('',(-1.,-2.22044604925E-16,0.));
#4538 = DIRECTION('',(0.,0.,1.));
#4539 = ADVANCED_FACE('',(#4540),#4551,.F.);
#4540 = FACE_BOUND('',#4541,.F.);
#4541 = EDGE_LOOP('',(#4542,#4548,#4549,#4550));
#4542 = ORIENTED_EDGE('',*,*,#4543,.T.);
#4543 = EDGE_CURVE('',#3318,#3205,#4544,.T.);
#4544 = LINE('',#4545,#4546);
#4545 = CARTESIAN_POINT('',(2.65,-1.7,5.551115123126E-17));
#4546 = VECTOR('',#4547,1.);
#4547 = DIRECTION('',(2.22044604925E-16,-1.,0.));
#4548 = ORIENTED_EDGE('',*,*,#3213,.T.);
#4549 = ORIENTED_EDGE('',*,*,#4526,.F.);
#4550 = ORIENTED_EDGE('',*,*,#3326,.F.);
#4551 = PLANE('',#4552);
#4552 = AXIS2_PLACEMENT_3D('',#4553,#4554,#4555);
#4553 = CARTESIAN_POINT('',(2.65,-1.7,5.551115123126E-17));
#4554 = DIRECTION('',(0.,0.,1.));
#4555 = DIRECTION('',(1.,2.22044604925E-16,-0.));
#4556 = ADVANCED_FACE('',(#4557),#4568,.T.);
#4557 = FACE_BOUND('',#4558,.T.);
#4558 = EDGE_LOOP('',(#4559,#4560,#4561,#4562));
#4559 = ORIENTED_EDGE('',*,*,#3317,.T.);
#4560 = ORIENTED_EDGE('',*,*,#4543,.T.);
#4561 = ORIENTED_EDGE('',*,*,#3204,.F.);
#4562 = ORIENTED_EDGE('',*,*,#4563,.F.);
#4563 = EDGE_CURVE('',#3310,#3197,#4564,.T.);
#4564 = LINE('',#4565,#4566);
#4565 = CARTESIAN_POINT('',(2.35,-1.7,0.3));
#4566 = VECTOR('',#4567,1.);
#4567 = DIRECTION('',(2.22044604925E-16,-1.,0.));
#4568 = CYLINDRICAL_SURFACE('',#4569,0.3);
#4569 = AXIS2_PLACEMENT_3D('',#4570,#4571,#4572);
#4570 = CARTESIAN_POINT('',(2.65,-1.7,0.3));
#4571 = DIRECTION('',(-2.22044604925E-16,1.,-0.));
#4572 = DIRECTION('',(-1.,-2.22044604925E-16,3.515706244646E-15));
#4573 = ADVANCED_FACE('',(#4574),#4580,.F.);
#4574 = FACE_BOUND('',#4575,.F.);
#4575 = EDGE_LOOP('',(#4576,#4577,#4578,#4579));
#4576 = ORIENTED_EDGE('',*,*,#3392,.T.);
#4577 = ORIENTED_EDGE('',*,*,#3196,.T.);
#4578 = ORIENTED_EDGE('',*,*,#4563,.F.);
#4579 = ORIENTED_EDGE('',*,*,#3309,.F.);
#4580 = PLANE('',#4581);
#4581 = AXIS2_PLACEMENT_3D('',#4582,#4583,#4584);
#4582 = CARTESIAN_POINT('',(2.35,-1.7,0.725));
#4583 = DIRECTION('',(1.,2.22044604925E-16,1.044915787883E-15));
#4584 = DIRECTION('',(1.044915787883E-15,2.320179133003E-31,-1.));
#4585 = ADVANCED_FACE('',(#4586),#4597,.T.);
#4586 = FACE_BOUND('',#4587,.T.);
#4587 = EDGE_LOOP('',(#4588,#4589,#4590,#4591));
#4588 = ORIENTED_EDGE('',*,*,#3699,.T.);
#4589 = ORIENTED_EDGE('',*,*,#3959,.T.);
#4590 = ORIENTED_EDGE('',*,*,#3476,.F.);
#4591 = ORIENTED_EDGE('',*,*,#4592,.F.);
#4592 = EDGE_CURVE('',#3692,#3469,#4593,.T.);
#4593 = LINE('',#4594,#4595);
#4594 = CARTESIAN_POINT('',(2.55,-0.43,0.725));
#4595 = VECTOR('',#4596,1.);
#4596 = DIRECTION('',(2.22044604925E-16,-1.,0.));
#4597 = CYLINDRICAL_SURFACE('',#4598,0.3);
#4598 = AXIS2_PLACEMENT_3D('',#4599,#4600,#4601);
#4599 = CARTESIAN_POINT('',(2.25,-0.43,0.725));
#4600 = DIRECTION('',(-2.22044604925E-16,1.,-0.));
#4601 = DIRECTION('',(1.,2.22044604925E-16,3.700743415417E-16));
#4602 = ADVANCED_FACE('',(#4603),#4614,.F.);
#4603 = FACE_BOUND('',#4604,.F.);
#4604 = EDGE_LOOP('',(#4605,#4611,#4612,#4613));
#4605 = ORIENTED_EDGE('',*,*,#4606,.T.);
#4606 = EDGE_CURVE('',#3683,#3460,#4607,.T.);
#4607 = LINE('',#4608,#4609);
#4608 = CARTESIAN_POINT('',(2.55,-0.43,0.3));
#4609 = VECTOR('',#4610,1.);
#4610 = DIRECTION('',(2.22044604925E-16,-1.,0.));
#4611 = ORIENTED_EDGE('',*,*,#3468,.T.);
#4612 = ORIENTED_EDGE('',*,*,#4592,.F.);
#4613 = ORIENTED_EDGE('',*,*,#3691,.F.);
#4614 = PLANE('',#4615);
#4615 = AXIS2_PLACEMENT_3D('',#4616,#4617,#4618);
#4616 = CARTESIAN_POINT('',(2.55,-0.43,0.3));
#4617 = DIRECTION('',(-1.,-2.22044604925E-16,0.));
#4618 = DIRECTION('',(0.,0.,1.));
#4619 = ADVANCED_FACE('',(#4620),#4631,.F.);
#4620 = FACE_BOUND('',#4621,.F.);
#4621 = EDGE_LOOP('',(#4622,#4628,#4629,#4630));
#4622 = ORIENTED_EDGE('',*,*,#4623,.T.);
#4623 = EDGE_CURVE('',#3675,#3452,#4624,.T.);
#4624 = LINE('',#4625,#4626);
#4625 = CARTESIAN_POINT('',(2.65,-0.43,0.2));
#4626 = VECTOR('',#4627,1.);
#4627 = DIRECTION('',(2.22044604925E-16,-1.,0.));
#4628 = ORIENTED_EDGE('',*,*,#3459,.T.);
#4629 = ORIENTED_EDGE('',*,*,#4606,.F.);
#4630 = ORIENTED_EDGE('',*,*,#3682,.F.);
#4631 = CYLINDRICAL_SURFACE('',#4632,0.1);
#4632 = AXIS2_PLACEMENT_3D('',#4633,#4634,#4635);
#4633 = CARTESIAN_POINT('',(2.65,-0.43,0.3));
#4634 = DIRECTION('',(-2.22044604925E-16,1.,0.));
#4635 = DIRECTION('',(0.,0.,-1.));
#4636 = ADVANCED_FACE('',(#4637),#4648,.F.);
#4637 = FACE_BOUND('',#4638,.F.);
#4638 = EDGE_LOOP('',(#4639,#4645,#4646,#4647));
#4639 = ORIENTED_EDGE('',*,*,#4640,.T.);
#4640 = EDGE_CURVE('',#3667,#3444,#4641,.T.);
#4641 = LINE('',#4642,#4643);
#4642 = CARTESIAN_POINT('',(3.,-0.43,0.2));
#4643 = VECTOR('',#4644,1.);
#4644 = DIRECTION('',(2.22044604925E-16,-1.,0.));
#4645 = ORIENTED_EDGE('',*,*,#3451,.T.);
#4646 = ORIENTED_EDGE('',*,*,#4623,.F.);
#4647 = ORIENTED_EDGE('',*,*,#3674,.F.);
#4648 = PLANE('',#4649);
#4649 = AXIS2_PLACEMENT_3D('',#4650,#4651,#4652);
#4650 = CARTESIAN_POINT('',(3.,-0.43,0.2));
#4651 = DIRECTION('',(0.,0.,-1.));
#4652 = DIRECTION('',(-1.,-2.22044604925E-16,-0.));
#4653 = ADVANCED_FACE('',(#4654),#4665,.F.);
#4654 = FACE_BOUND('',#4655,.F.);
#4655 = EDGE_LOOP('',(#4656,#4662,#4663,#4664));
#4656 = ORIENTED_EDGE('',*,*,#4657,.T.);
#4657 = EDGE_CURVE('',#3659,#3436,#4658,.T.);
#4658 = LINE('',#4659,#4660);
#4659 = CARTESIAN_POINT('',(3.,-0.43,5.551115123126E-17));
#4660 = VECTOR('',#4661,1.);
#4661 = DIRECTION('',(2.22044604925E-16,-1.,0.));
#4662 = ORIENTED_EDGE('',*,*,#3443,.T.);
#4663 = ORIENTED_EDGE('',*,*,#4640,.F.);
#4664 = ORIENTED_EDGE('',*,*,#3666,.F.);
#4665 = PLANE('',#4666);
#4666 = AXIS2_PLACEMENT_3D('',#4667,#4668,#4669);
#4667 = CARTESIAN_POINT('',(3.,-0.43,5.551115123126E-17));
#4668 = DIRECTION('',(-1.,-2.22044604925E-16,0.));
#4669 = DIRECTION('',(0.,0.,1.));
#4670 = ADVANCED_FACE('',(#4671),#4682,.F.);
#4671 = FACE_BOUND('',#4672,.F.);
#4672 = EDGE_LOOP('',(#4673,#4679,#4680,#4681));
#4673 = ORIENTED_EDGE('',*,*,#4674,.T.);
#4674 = EDGE_CURVE('',#3650,#3427,#4675,.T.);
#4675 = LINE('',#4676,#4677);
#4676 = CARTESIAN_POINT('',(2.65,-0.43,5.551115123126E-17));
#4677 = VECTOR('',#4678,1.);
#4678 = DIRECTION('',(2.22044604925E-16,-1.,0.));
#4679 = ORIENTED_EDGE('',*,*,#3435,.T.);
#4680 = ORIENTED_EDGE('',*,*,#4657,.F.);
#4681 = ORIENTED_EDGE('',*,*,#3658,.F.);
#4682 = PLANE('',#4683);
#4683 = AXIS2_PLACEMENT_3D('',#4684,#4685,#4686);
#4684 = CARTESIAN_POINT('',(2.65,-0.43,5.551115123126E-17));
#4685 = DIRECTION('',(0.,0.,1.));
#4686 = DIRECTION('',(1.,2.22044604925E-16,-0.));
#4687 = ADVANCED_FACE('',(#4688),#4699,.T.);
#4688 = FACE_BOUND('',#4689,.T.);
#4689 = EDGE_LOOP('',(#4690,#4691,#4692,#4693));
#4690 = ORIENTED_EDGE('',*,*,#3649,.T.);
#4691 = ORIENTED_EDGE('',*,*,#4674,.T.);
#4692 = ORIENTED_EDGE('',*,*,#3426,.F.);
#4693 = ORIENTED_EDGE('',*,*,#4694,.F.);
#4694 = EDGE_CURVE('',#3642,#3419,#4695,.T.);
#4695 = LINE('',#4696,#4697);
#4696 = CARTESIAN_POINT('',(2.35,-0.43,0.3));
#4697 = VECTOR('',#4698,1.);
#4698 = DIRECTION('',(2.22044604925E-16,-1.,0.));
#4699 = CYLINDRICAL_SURFACE('',#4700,0.3);
#4700 = AXIS2_PLACEMENT_3D('',#4701,#4702,#4703);
#4701 = CARTESIAN_POINT('',(2.65,-0.43,0.3));
#4702 = DIRECTION('',(-2.22044604925E-16,1.,-0.));
#4703 = DIRECTION('',(-1.,-2.22044604925E-16,3.515706244646E-15));
#4704 = ADVANCED_FACE('',(#4705),#4711,.F.);
#4705 = FACE_BOUND('',#4706,.F.);
#4706 = EDGE_LOOP('',(#4707,#4708,#4709,#4710));
#4707 = ORIENTED_EDGE('',*,*,#3724,.T.);
#4708 = ORIENTED_EDGE('',*,*,#3418,.T.);
#4709 = ORIENTED_EDGE('',*,*,#4694,.F.);
#4710 = ORIENTED_EDGE('',*,*,#3641,.F.);
#4711 = PLANE('',#4712);
#4712 = AXIS2_PLACEMENT_3D('',#4713,#4714,#4715);
#4713 = CARTESIAN_POINT('',(2.35,-0.43,0.725));
#4714 = DIRECTION('',(1.,2.22044604925E-16,1.044915787883E-15));
#4715 = DIRECTION('',(1.044915787883E-15,2.320179133003E-31,-1.));
#4716 = ADVANCED_FACE('',(#4717),#4734,.F.);
#4717 = FACE_BOUND('',#4718,.F.);
#4718 = EDGE_LOOP('',(#4719,#4720,#4721,#4729));
#4719 = ORIENTED_EDGE('',*,*,#3786,.T.);
#4720 = ORIENTED_EDGE('',*,*,#3771,.T.);
#4721 = ORIENTED_EDGE('',*,*,#4722,.F.);
#4722 = EDGE_CURVE('',#4723,#3764,#4725,.T.);
#4723 = VERTEX_POINT('',#4724);
#4724 = CARTESIAN_POINT('',(-1.7375,2.375,1.025));
#4725 = LINE('',#4726,#4727);
#4726 = CARTESIAN_POINT('',(-1.7375,2.375,1.025));
#4727 = VECTOR('',#4728,1.);
#4728 = DIRECTION('',(1.,2.22044604925E-16,0.));
#4729 = ORIENTED_EDGE('',*,*,#4730,.F.);
#4730 = EDGE_CURVE('',#3787,#4723,#4731,.T.);
#4731 = B_SPLINE_CURVE_WITH_KNOTS('',1,(#4732,#4733),.UNSPECIFIED.,.F.,
  .F.,(2,2),(0.,1.),.PIECEWISE_BEZIER_KNOTS.);
#4732 = CARTESIAN_POINT('',(-1.775,2.45,1.025));
#4733 = CARTESIAN_POINT('',(-1.7375,2.375,1.025));
#4734 = B_SPLINE_SURFACE_WITH_KNOTS('',1,1,(
    (#4735,#4736)
    ,(#4737,#4738
    )),.UNSPECIFIED.,.F.,.F.,.F.,(2,2),(2,2),(0.,3.55),(0.,1.),
  .PIECEWISE_BEZIER_KNOTS.);
#4735 = CARTESIAN_POINT('',(-1.775,2.45,1.025));
#4736 = CARTESIAN_POINT('',(-1.7375,2.375,1.025));
#4737 = CARTESIAN_POINT('',(1.775,2.45,1.025));
#4738 = CARTESIAN_POINT('',(1.7375,2.375,1.025));
#4739 = ADVANCED_FACE('',(#4740),#4750,.F.);
#4740 = FACE_BOUND('',#4741,.F.);
#4741 = EDGE_LOOP('',(#4742,#4743,#4744,#4745));
#4742 = ORIENTED_EDGE('',*,*,#4722,.T.);
#4743 = ORIENTED_EDGE('',*,*,#3817,.T.);
#4744 = ORIENTED_EDGE('',*,*,#3830,.F.);
#4745 = ORIENTED_EDGE('',*,*,#4746,.F.);
#4746 = EDGE_CURVE('',#4723,#3831,#4747,.T.);
#4747 = B_SPLINE_CURVE_WITH_KNOTS('',1,(#4748,#4749),.UNSPECIFIED.,.F.,
  .F.,(2,2),(0.,1.),.PIECEWISE_BEZIER_KNOTS.);
#4748 = CARTESIAN_POINT('',(-1.7375,2.375,1.025));
#4749 = CARTESIAN_POINT('',(-1.680085640382,2.260171280765,1.75));
#4750 = B_SPLINE_SURFACE_WITH_KNOTS('',1,1,(
    (#4751,#4752)
    ,(#4753,#4754
    )),.UNSPECIFIED.,.F.,.F.,.F.,(2,2),(2,2),(0.,3.475),(0.,1.),
  .PIECEWISE_BEZIER_KNOTS.);
#4751 = CARTESIAN_POINT('',(-1.7375,2.375,1.025));
#4752 = CARTESIAN_POINT('',(-1.680085640382,2.260171280765,1.75));
#4753 = CARTESIAN_POINT('',(1.7375,2.375,1.025));
#4754 = CARTESIAN_POINT('',(1.680085640382,2.260171280765,1.75));
#4755 = ADVANCED_FACE('',(#4756),#4773,.F.);
#4756 = FACE_BOUND('',#4757,.F.);
#4757 = EDGE_LOOP('',(#4758,#4766,#4767,#4768));
#4758 = ORIENTED_EDGE('',*,*,#4759,.T.);
#4759 = EDGE_CURVE('',#4760,#4723,#4762,.T.);
#4760 = VERTEX_POINT('',#4761);
#4761 = CARTESIAN_POINT('',(-1.875,2.2375,1.025));
#4762 = LINE('',#4763,#4764);
#4763 = CARTESIAN_POINT('',(-1.875,2.2375,1.025));
#4764 = VECTOR('',#4765,1.);
#4765 = DIRECTION('',(0.707106781187,0.707106781187,0.));
#4766 = ORIENTED_EDGE('',*,*,#4746,.T.);
#4767 = ORIENTED_EDGE('',*,*,#3872,.F.);
#4768 = ORIENTED_EDGE('',*,*,#4769,.F.);
#4769 = EDGE_CURVE('',#4760,#3865,#4770,.T.);
#4770 = B_SPLINE_CURVE_WITH_KNOTS('',1,(#4771,#4772),.UNSPECIFIED.,.F.,
  .F.,(2,2),(0.,1.),.PIECEWISE_BEZIER_KNOTS.);
#4771 = CARTESIAN_POINT('',(-1.875,2.2375,1.025));
#4772 = CARTESIAN_POINT('',(-1.760171280765,2.180085640382,1.75));
#4773 = B_SPLINE_SURFACE_WITH_KNOTS('',1,1,(
    (#4774,#4775)
    ,(#4776,#4777
    )),.UNSPECIFIED.,.F.,.F.,.F.,(2,2),(2,2),(0.,0.194454364826),(0.,1.)
  ,.PIECEWISE_BEZIER_KNOTS.);
#4774 = CARTESIAN_POINT('',(-1.875,2.2375,1.025));
#4775 = CARTESIAN_POINT('',(-1.760171280765,2.180085640382,1.75));
#4776 = CARTESIAN_POINT('',(-1.7375,2.375,1.025));
#4777 = CARTESIAN_POINT('',(-1.680085640382,2.260171280765,1.75));
#4778 = ADVANCED_FACE('',(#4779),#4860,.F.);
#4779 = FACE_BOUND('',#4780,.F.);
#4780 = EDGE_LOOP('',(#4781,#4791,#4799,#4807,#4815,#4823,#4831,#4839,
    #4847,#4853,#4854,#4855));
#4781 = ORIENTED_EDGE('',*,*,#4782,.T.);
#4782 = EDGE_CURVE('',#4783,#4785,#4787,.T.);
#4783 = VERTEX_POINT('',#4784);
#4784 = CARTESIAN_POINT('',(-1.875,-2.2375,1.025));
#4785 = VERTEX_POINT('',#4786);
#4786 = CARTESIAN_POINT('',(-1.875,-2.11,1.025));
#4787 = LINE('',#4788,#4789);
#4788 = CARTESIAN_POINT('',(-1.875,-2.2375,1.025));
#4789 = VECTOR('',#4790,1.);
#4790 = DIRECTION('',(-2.22044604925E-16,1.,0.));
#4791 = ORIENTED_EDGE('',*,*,#4792,.T.);
#4792 = EDGE_CURVE('',#4785,#4793,#4795,.T.);
#4793 = VERTEX_POINT('',#4794);
#4794 = CARTESIAN_POINT('',(-1.875,-1.7,1.025));
#4795 = LINE('',#4796,#4797);
#4796 = CARTESIAN_POINT('',(-1.875,-2.2375,1.025));
#4797 = VECTOR('',#4798,1.);
#4798 = DIRECTION('',(-2.22044604925E-16,1.,0.));
#4799 = ORIENTED_EDGE('',*,*,#4800,.T.);
#4800 = EDGE_CURVE('',#4793,#4801,#4803,.T.);
#4801 = VERTEX_POINT('',#4802);
#4802 = CARTESIAN_POINT('',(-1.875,-0.84,1.025));
#4803 = LINE('',#4804,#4805);
#4804 = CARTESIAN_POINT('',(-1.875,-2.2375,1.025));
#4805 = VECTOR('',#4806,1.);
#4806 = DIRECTION('',(-2.22044604925E-16,1.,0.));
#4807 = ORIENTED_EDGE('',*,*,#4808,.T.);
#4808 = EDGE_CURVE('',#4801,#4809,#4811,.T.);
#4809 = VERTEX_POINT('',#4810);
#4810 = CARTESIAN_POINT('',(-1.875,-0.43,1.025));
#4811 = LINE('',#4812,#4813);
#4812 = CARTESIAN_POINT('',(-1.875,-2.2375,1.025));
#4813 = VECTOR('',#4814,1.);
#4814 = DIRECTION('',(-2.22044604925E-16,1.,0.));
#4815 = ORIENTED_EDGE('',*,*,#4816,.T.);
#4816 = EDGE_CURVE('',#4809,#4817,#4819,.T.);
#4817 = VERTEX_POINT('',#4818);
#4818 = CARTESIAN_POINT('',(-1.875,0.43,1.025));
#4819 = LINE('',#4820,#4821);
#4820 = CARTESIAN_POINT('',(-1.875,-2.2375,1.025));
#4821 = VECTOR('',#4822,1.);
#4822 = DIRECTION('',(-2.22044604925E-16,1.,0.));
#4823 = ORIENTED_EDGE('',*,*,#4824,.T.);
#4824 = EDGE_CURVE('',#4817,#4825,#4827,.T.);
#4825 = VERTEX_POINT('',#4826);
#4826 = CARTESIAN_POINT('',(-1.875,0.84,1.025));
#4827 = LINE('',#4828,#4829);
#4828 = CARTESIAN_POINT('',(-1.875,-2.2375,1.025));
#4829 = VECTOR('',#4830,1.);
#4830 = DIRECTION('',(-2.22044604925E-16,1.,0.));
#4831 = ORIENTED_EDGE('',*,*,#4832,.T.);
#4832 = EDGE_CURVE('',#4825,#4833,#4835,.T.);
#4833 = VERTEX_POINT('',#4834);
#4834 = CARTESIAN_POINT('',(-1.875,1.7,1.025));
#4835 = LINE('',#4836,#4837);
#4836 = CARTESIAN_POINT('',(-1.875,-2.2375,1.025));
#4837 = VECTOR('',#4838,1.);
#4838 = DIRECTION('',(-2.22044604925E-16,1.,0.));
#4839 = ORIENTED_EDGE('',*,*,#4840,.T.);
#4840 = EDGE_CURVE('',#4833,#4841,#4843,.T.);
#4841 = VERTEX_POINT('',#4842);
#4842 = CARTESIAN_POINT('',(-1.875,2.11,1.025));
#4843 = LINE('',#4844,#4845);
#4844 = CARTESIAN_POINT('',(-1.875,-2.2375,1.025));
#4845 = VECTOR('',#4846,1.);
#4846 = DIRECTION('',(-2.22044604925E-16,1.,0.));
#4847 = ORIENTED_EDGE('',*,*,#4848,.T.);
#4848 = EDGE_CURVE('',#4841,#4760,#4849,.T.);
#4849 = LINE('',#4850,#4851);
#4850 = CARTESIAN_POINT('',(-1.875,-2.2375,1.025));
#4851 = VECTOR('',#4852,1.);
#4852 = DIRECTION('',(-2.22044604925E-16,1.,0.));
#4853 = ORIENTED_EDGE('',*,*,#4769,.T.);
#4854 = ORIENTED_EDGE('',*,*,#3864,.F.);
#4855 = ORIENTED_EDGE('',*,*,#4856,.F.);
#4856 = EDGE_CURVE('',#4783,#3857,#4857,.T.);
#4857 = B_SPLINE_CURVE_WITH_KNOTS('',1,(#4858,#4859),.UNSPECIFIED.,.F.,
  .F.,(2,2),(0.,1.),.PIECEWISE_BEZIER_KNOTS.);
#4858 = CARTESIAN_POINT('',(-1.875,-2.2375,1.025));
#4859 = CARTESIAN_POINT('',(-1.760171280765,-2.180085640382,1.75));
#4860 = B_SPLINE_SURFACE_WITH_KNOTS('',1,1,(
    (#4861,#4862)
    ,(#4863,#4864
    )),.UNSPECIFIED.,.F.,.F.,.F.,(2,2),(2,2),(0.,4.475),(0.,1.),
  .PIECEWISE_BEZIER_KNOTS.);
#4861 = CARTESIAN_POINT('',(-1.875,-2.2375,1.025));
#4862 = CARTESIAN_POINT('',(-1.760171280765,-2.180085640382,1.75));
#4863 = CARTESIAN_POINT('',(-1.875,2.2375,1.025));
#4864 = CARTESIAN_POINT('',(-1.760171280765,2.180085640382,1.75));
#4865 = ADVANCED_FACE('',(#4866),#4883,.F.);
#4866 = FACE_BOUND('',#4867,.F.);
#4867 = EDGE_LOOP('',(#4868,#4876,#4877,#4878));
#4868 = ORIENTED_EDGE('',*,*,#4869,.T.);
#4869 = EDGE_CURVE('',#4870,#4783,#4872,.T.);
#4870 = VERTEX_POINT('',#4871);
#4871 = CARTESIAN_POINT('',(-1.7375,-2.375,1.025));
#4872 = LINE('',#4873,#4874);
#4873 = CARTESIAN_POINT('',(-1.7375,-2.375,1.025));
#4874 = VECTOR('',#4875,1.);
#4875 = DIRECTION('',(-0.707106781187,0.707106781187,0.));
#4876 = ORIENTED_EDGE('',*,*,#4856,.T.);
#4877 = ORIENTED_EDGE('',*,*,#3856,.F.);
#4878 = ORIENTED_EDGE('',*,*,#4879,.F.);
#4879 = EDGE_CURVE('',#4870,#3849,#4880,.T.);
#4880 = B_SPLINE_CURVE_WITH_KNOTS('',1,(#4881,#4882),.UNSPECIFIED.,.F.,
  .F.,(2,2),(0.,1.),.PIECEWISE_BEZIER_KNOTS.);
#4881 = CARTESIAN_POINT('',(-1.7375,-2.375,1.025));
#4882 = CARTESIAN_POINT('',(-1.680085640382,-2.260171280765,1.75));
#4883 = B_SPLINE_SURFACE_WITH_KNOTS('',1,1,(
    (#4884,#4885)
    ,(#4886,#4887
    )),.UNSPECIFIED.,.F.,.F.,.F.,(2,2),(2,2),(0.,0.194454364826),(0.,1.)
  ,.PIECEWISE_BEZIER_KNOTS.);
#4884 = CARTESIAN_POINT('',(-1.7375,-2.375,1.025));
#4885 = CARTESIAN_POINT('',(-1.680085640382,-2.260171280765,1.75));
#4886 = CARTESIAN_POINT('',(-1.875,-2.2375,1.025));
#4887 = CARTESIAN_POINT('',(-1.760171280765,-2.180085640382,1.75));
#4888 = ADVANCED_FACE('',(#4889),#4900,.F.);
#4889 = FACE_BOUND('',#4890,.F.);
#4890 = EDGE_LOOP('',(#4891,#4897,#4898,#4899));
#4891 = ORIENTED_EDGE('',*,*,#4892,.T.);
#4892 = EDGE_CURVE('',#3898,#4870,#4893,.T.);
#4893 = LINE('',#4894,#4895);
#4894 = CARTESIAN_POINT('',(1.7375,-2.375,1.025));
#4895 = VECTOR('',#4896,1.);
#4896 = DIRECTION('',(-1.,-2.22044604925E-16,0.));
#4897 = ORIENTED_EDGE('',*,*,#4879,.T.);
#4898 = ORIENTED_EDGE('',*,*,#3848,.F.);
#4899 = ORIENTED_EDGE('',*,*,#3905,.F.);
#4900 = B_SPLINE_SURFACE_WITH_KNOTS('',1,1,(
    (#4901,#4902)
    ,(#4903,#4904
    )),.UNSPECIFIED.,.F.,.F.,.F.,(2,2),(2,2),(0.,3.475),(0.,1.),
  .PIECEWISE_BEZIER_KNOTS.);
#4901 = CARTESIAN_POINT('',(1.7375,-2.375,1.025));
#4902 = CARTESIAN_POINT('',(1.680085640382,-2.260171280765,1.75));
#4903 = CARTESIAN_POINT('',(-1.7375,-2.375,1.025));
#4904 = CARTESIAN_POINT('',(-1.680085640382,-2.260171280765,1.75));
#4905 = ADVANCED_FACE('',(#4906),#4925,.F.);
#4906 = FACE_BOUND('',#4907,.F.);
#4907 = EDGE_LOOP('',(#4908,#4917,#4923,#4924));
#4908 = ORIENTED_EDGE('',*,*,#4909,.T.);
#4909 = EDGE_CURVE('',#4910,#4910,#4912,.T.);
#4910 = VERTEX_POINT('',#4911);
#4911 = CARTESIAN_POINT('',(-1.110171280765,1.310171280765,1.7));
#4912 = CIRCLE('',#4913,0.3);
#4913 = AXIS2_PLACEMENT_3D('',#4914,#4915,#4916);
#4914 = CARTESIAN_POINT('',(-1.110171280765,1.610171280765,1.7));
#4915 = DIRECTION('',(-0.,0.,1.));
#4916 = DIRECTION('',(2.22044604925E-16,-1.,0.));
#4917 = ORIENTED_EDGE('',*,*,#4918,.F.);
#4918 = EDGE_CURVE('',#3881,#4910,#4919,.T.);
#4919 = LINE('',#4920,#4921);
#4920 = CARTESIAN_POINT('',(-1.110171280765,1.310171280765,1.75));
#4921 = VECTOR('',#4922,1.);
#4922 = DIRECTION('',(0.,-0.,-1.));
#4923 = ORIENTED_EDGE('',*,*,#3880,.F.);
#4924 = ORIENTED_EDGE('',*,*,#4918,.T.);
#4925 = CYLINDRICAL_SURFACE('',#4926,0.3);
#4926 = AXIS2_PLACEMENT_3D('',#4927,#4928,#4929);
#4927 = CARTESIAN_POINT('',(-1.110171280765,1.610171280765,1.75));
#4928 = DIRECTION('',(-0.,0.,-1.));
#4929 = DIRECTION('',(2.22044604925E-16,-1.,-0.));
#4930 = ADVANCED_FACE('',(#4931),#4941,.F.);
#4931 = FACE_BOUND('',#4932,.F.);
#4932 = EDGE_LOOP('',(#4933,#4934,#4939,#4940));
#4933 = ORIENTED_EDGE('',*,*,#4116,.T.);
#4934 = ORIENTED_EDGE('',*,*,#4935,.T.);
#4935 = EDGE_CURVE('',#4110,#4870,#4936,.T.);
#4936 = B_SPLINE_CURVE_WITH_KNOTS('',1,(#4937,#4938),.UNSPECIFIED.,.F.,
  .F.,(2,2),(0.,1.),.PIECEWISE_BEZIER_KNOTS.);
#4937 = CARTESIAN_POINT('',(-1.775,-2.45,1.025));
#4938 = CARTESIAN_POINT('',(-1.7375,-2.375,1.025));
#4939 = ORIENTED_EDGE('',*,*,#4892,.F.);
#4940 = ORIENTED_EDGE('',*,*,#4443,.F.);
#4941 = B_SPLINE_SURFACE_WITH_KNOTS('',1,1,(
    (#4942,#4943)
    ,(#4944,#4945
    )),.UNSPECIFIED.,.F.,.F.,.F.,(2,2),(2,2),(0.,3.55),(0.,1.),
  .PIECEWISE_BEZIER_KNOTS.);
#4942 = CARTESIAN_POINT('',(1.775,-2.45,1.025));
#4943 = CARTESIAN_POINT('',(1.7375,-2.375,1.025));
#4944 = CARTESIAN_POINT('',(-1.775,-2.45,1.025));
#4945 = CARTESIAN_POINT('',(-1.7375,-2.375,1.025));
#4946 = ADVANCED_FACE('',(#4947),#4957,.F.);
#4947 = FACE_BOUND('',#4948,.F.);
#4948 = EDGE_LOOP('',(#4949,#4950,#4955,#4956));
#4949 = ORIENTED_EDGE('',*,*,#4139,.T.);
#4950 = ORIENTED_EDGE('',*,*,#4951,.T.);
#4951 = EDGE_CURVE('',#4133,#4783,#4952,.T.);
#4952 = B_SPLINE_CURVE_WITH_KNOTS('',1,(#4953,#4954),.UNSPECIFIED.,.F.,
  .F.,(2,2),(0.,1.),.PIECEWISE_BEZIER_KNOTS.);
#4953 = CARTESIAN_POINT('',(-1.95,-2.275,1.025));
#4954 = CARTESIAN_POINT('',(-1.875,-2.2375,1.025));
#4955 = ORIENTED_EDGE('',*,*,#4869,.F.);
#4956 = ORIENTED_EDGE('',*,*,#4935,.F.);
#4957 = B_SPLINE_SURFACE_WITH_KNOTS('',1,1,(
    (#4958,#4959)
    ,(#4960,#4961
    )),.UNSPECIFIED.,.F.,.F.,.F.,(2,2),(2,2),(0.,0.247487373415),(0.,1.)
  ,.PIECEWISE_BEZIER_KNOTS.);
#4958 = CARTESIAN_POINT('',(-1.775,-2.45,1.025));
#4959 = CARTESIAN_POINT('',(-1.7375,-2.375,1.025));
#4960 = CARTESIAN_POINT('',(-1.95,-2.275,1.025));
#4961 = CARTESIAN_POINT('',(-1.875,-2.2375,1.025));
#4962 = ADVANCED_FACE('',(#4963),#4974,.F.);
#4963 = FACE_BOUND('',#4964,.F.);
#4964 = EDGE_LOOP('',(#4965,#4966,#4967,#4973));
#4965 = ORIENTED_EDGE('',*,*,#4951,.F.);
#4966 = ORIENTED_EDGE('',*,*,#4164,.T.);
#4967 = ORIENTED_EDGE('',*,*,#4968,.T.);
#4968 = EDGE_CURVE('',#4157,#4785,#4969,.T.);
#4969 = LINE('',#4970,#4971);
#4970 = CARTESIAN_POINT('',(-2.25,-2.11,1.025));
#4971 = VECTOR('',#4972,1.);
#4972 = DIRECTION('',(1.,9.95799250103E-17,0.));
#4973 = ORIENTED_EDGE('',*,*,#4782,.F.);
#4974 = B_SPLINE_SURFACE_WITH_KNOTS('',1,1,(
    (#4975,#4976)
    ,(#4977,#4978
    )),.UNSPECIFIED.,.F.,.F.,.F.,(2,2),(2,2),(0.,4.55),(0.,1.),
  .PIECEWISE_BEZIER_KNOTS.);
#4975 = CARTESIAN_POINT('',(-1.95,-2.275,1.025));
#4976 = CARTESIAN_POINT('',(-1.875,-2.2375,1.025));
#4977 = CARTESIAN_POINT('',(-1.95,2.275,1.025));
#4978 = CARTESIAN_POINT('',(-1.875,2.2375,1.025));
#4979 = ADVANCED_FACE('',(#4980),#5066,.F.);
#4980 = FACE_BOUND('',#4981,.F.);
#4981 = EDGE_LOOP('',(#4982,#4983,#4984,#4993,#5001,#5010,#5018,#5026,
    #5034,#5043,#5051,#5060));
#4982 = ORIENTED_EDGE('',*,*,#4156,.F.);
#4983 = ORIENTED_EDGE('',*,*,#4208,.T.);
#4984 = ORIENTED_EDGE('',*,*,#4985,.T.);
#4985 = EDGE_CURVE('',#4209,#4986,#4988,.T.);
#4986 = VERTEX_POINT('',#4987);
#4987 = CARTESIAN_POINT('',(-2.35,-2.11,0.725));
#4988 = CIRCLE('',#4989,0.1);
#4989 = AXIS2_PLACEMENT_3D('',#4990,#4991,#4992);
#4990 = CARTESIAN_POINT('',(-2.25,-2.11,0.725));
#4991 = DIRECTION('',(9.95799250103E-17,-1.,0.));
#4992 = DIRECTION('',(-4.440892098501E-15,-4.422237021476E-31,1.));
#4993 = ORIENTED_EDGE('',*,*,#4994,.T.);
#4994 = EDGE_CURVE('',#4986,#4995,#4997,.T.);
#4995 = VERTEX_POINT('',#4996);
#4996 = CARTESIAN_POINT('',(-2.35,-2.11,0.3));
#4997 = LINE('',#4998,#4999);
#4998 = CARTESIAN_POINT('',(-2.35,-2.11,0.725));
#4999 = VECTOR('',#5000,1.);
#5000 = DIRECTION('',(-1.044915787883E-15,-1.040526357994E-31,-1.));
#5001 = ORIENTED_EDGE('',*,*,#5002,.T.);
#5002 = EDGE_CURVE('',#4995,#5003,#5005,.T.);
#5003 = VERTEX_POINT('',#5004);
#5004 = CARTESIAN_POINT('',(-2.65,-2.11,5.551115123126E-17));
#5005 = CIRCLE('',#5006,0.3);
#5006 = AXIS2_PLACEMENT_3D('',#5007,#5008,#5009);
#5007 = CARTESIAN_POINT('',(-2.65,-2.11,0.3));
#5008 = DIRECTION('',(-9.95799250103E-17,1.,0.));
#5009 = DIRECTION('',(1.,9.95799250103E-17,3.515706244646E-15));
#5010 = ORIENTED_EDGE('',*,*,#5011,.T.);
#5011 = EDGE_CURVE('',#5003,#5012,#5014,.T.);
#5012 = VERTEX_POINT('',#5013);
#5013 = CARTESIAN_POINT('',(-3.,-2.11,5.551115123126E-17));
#5014 = LINE('',#5015,#5016);
#5015 = CARTESIAN_POINT('',(-2.65,-2.11,5.551115123126E-17));
#5016 = VECTOR('',#5017,1.);
#5017 = DIRECTION('',(-1.,-9.95799250103E-17,0.));
#5018 = ORIENTED_EDGE('',*,*,#5019,.T.);
#5019 = EDGE_CURVE('',#5012,#5020,#5022,.T.);
#5020 = VERTEX_POINT('',#5021);
#5021 = CARTESIAN_POINT('',(-3.,-2.11,0.2));
#5022 = LINE('',#5023,#5024);
#5023 = CARTESIAN_POINT('',(-3.,-2.11,5.551115123126E-17));
#5024 = VECTOR('',#5025,1.);
#5025 = DIRECTION('',(0.,0.,1.));
#5026 = ORIENTED_EDGE('',*,*,#5027,.T.);
#5027 = EDGE_CURVE('',#5020,#5028,#5030,.T.);
#5028 = VERTEX_POINT('',#5029);
#5029 = CARTESIAN_POINT('',(-2.65,-2.11,0.2));
#5030 = LINE('',#5031,#5032);
#5031 = CARTESIAN_POINT('',(-3.,-2.11,0.2));
#5032 = VECTOR('',#5033,1.);
#5033 = DIRECTION('',(1.,9.95799250103E-17,0.));
#5034 = ORIENTED_EDGE('',*,*,#5035,.T.);
#5035 = EDGE_CURVE('',#5028,#5036,#5038,.T.);
#5036 = VERTEX_POINT('',#5037);
#5037 = CARTESIAN_POINT('',(-2.55,-2.11,0.3));
#5038 = CIRCLE('',#5039,0.1);
#5039 = AXIS2_PLACEMENT_3D('',#5040,#5041,#5042);
#5040 = CARTESIAN_POINT('',(-2.65,-2.11,0.3));
#5041 = DIRECTION('',(9.95799250103E-17,-1.,-0.));
#5042 = DIRECTION('',(-0.,0.,-1.));
#5043 = ORIENTED_EDGE('',*,*,#5044,.T.);
#5044 = EDGE_CURVE('',#5036,#5045,#5047,.T.);
#5045 = VERTEX_POINT('',#5046);
#5046 = CARTESIAN_POINT('',(-2.55,-2.11,0.725));
#5047 = LINE('',#5048,#5049);
#5048 = CARTESIAN_POINT('',(-2.55,-2.11,0.3));
#5049 = VECTOR('',#5050,1.);
#5050 = DIRECTION('',(0.,0.,1.));
#5051 = ORIENTED_EDGE('',*,*,#5052,.T.);
#5052 = EDGE_CURVE('',#5045,#5053,#5055,.T.);
#5053 = VERTEX_POINT('',#5054);
#5054 = CARTESIAN_POINT('',(-2.25,-2.11,1.025));
#5055 = CIRCLE('',#5056,0.3);
#5056 = AXIS2_PLACEMENT_3D('',#5057,#5058,#5059);
#5057 = CARTESIAN_POINT('',(-2.25,-2.11,0.725));
#5058 = DIRECTION('',(-9.95799250103E-17,1.,0.));
#5059 = DIRECTION('',(-1.,-9.95799250103E-17,3.700743415417E-16));
#5060 = ORIENTED_EDGE('',*,*,#5061,.T.);
#5061 = EDGE_CURVE('',#5053,#4157,#5062,.T.);
#5062 = LINE('',#5063,#5064);
#5063 = CARTESIAN_POINT('',(-2.25,-2.11,1.025));
#5064 = VECTOR('',#5065,1.);
#5065 = DIRECTION('',(1.,9.95799250103E-17,0.));
#5066 = PLANE('',#5067);
#5067 = AXIS2_PLACEMENT_3D('',#5068,#5069,#5070);
#5068 = CARTESIAN_POINT('',(-2.41578967201,-2.11,0.532659657565));
#5069 = DIRECTION('',(-9.95799250103E-17,1.,0.));
#5070 = DIRECTION('',(0.,0.,1.));
#5071 = ADVANCED_FACE('',(#5072),#5158,.T.);
#5072 = FACE_BOUND('',#5073,.T.);
#5073 = EDGE_LOOP('',(#5074,#5075,#5076,#5085,#5093,#5102,#5110,#5118,
    #5126,#5135,#5143,#5152));
#5074 = ORIENTED_EDGE('',*,*,#4178,.F.);
#5075 = ORIENTED_EDGE('',*,*,#4248,.T.);
#5076 = ORIENTED_EDGE('',*,*,#5077,.T.);
#5077 = EDGE_CURVE('',#4249,#5078,#5080,.T.);
#5078 = VERTEX_POINT('',#5079);
#5079 = CARTESIAN_POINT('',(-2.35,2.11,0.725));
#5080 = CIRCLE('',#5081,0.1);
#5081 = AXIS2_PLACEMENT_3D('',#5082,#5083,#5084);
#5082 = CARTESIAN_POINT('',(-2.25,2.11,0.725));
#5083 = DIRECTION('',(9.95799250103E-17,-1.,0.));
#5084 = DIRECTION('',(-4.440892098501E-15,-4.422237021476E-31,1.));
#5085 = ORIENTED_EDGE('',*,*,#5086,.T.);
#5086 = EDGE_CURVE('',#5078,#5087,#5089,.T.);
#5087 = VERTEX_POINT('',#5088);
#5088 = CARTESIAN_POINT('',(-2.35,2.11,0.3));
#5089 = LINE('',#5090,#5091);
#5090 = CARTESIAN_POINT('',(-2.35,2.11,0.725));
#5091 = VECTOR('',#5092,1.);
#5092 = DIRECTION('',(-1.044915787883E-15,-1.040526357994E-31,-1.));
#5093 = ORIENTED_EDGE('',*,*,#5094,.T.);
#5094 = EDGE_CURVE('',#5087,#5095,#5097,.T.);
#5095 = VERTEX_POINT('',#5096);
#5096 = CARTESIAN_POINT('',(-2.65,2.11,5.551115123126E-17));
#5097 = CIRCLE('',#5098,0.3);
#5098 = AXIS2_PLACEMENT_3D('',#5099,#5100,#5101);
#5099 = CARTESIAN_POINT('',(-2.65,2.11,0.3));
#5100 = DIRECTION('',(-9.95799250103E-17,1.,0.));
#5101 = DIRECTION('',(1.,9.95799250103E-17,3.515706244646E-15));
#5102 = ORIENTED_EDGE('',*,*,#5103,.T.);
#5103 = EDGE_CURVE('',#5095,#5104,#5106,.T.);
#5104 = VERTEX_POINT('',#5105);
#5105 = CARTESIAN_POINT('',(-3.,2.11,5.551115123126E-17));
#5106 = LINE('',#5107,#5108);
#5107 = CARTESIAN_POINT('',(-2.65,2.11,5.551115123126E-17));
#5108 = VECTOR('',#5109,1.);
#5109 = DIRECTION('',(-1.,-9.95799250103E-17,0.));
#5110 = ORIENTED_EDGE('',*,*,#5111,.T.);
#5111 = EDGE_CURVE('',#5104,#5112,#5114,.T.);
#5112 = VERTEX_POINT('',#5113);
#5113 = CARTESIAN_POINT('',(-3.,2.11,0.2));
#5114 = LINE('',#5115,#5116);
#5115 = CARTESIAN_POINT('',(-3.,2.11,5.551115123126E-17));
#5116 = VECTOR('',#5117,1.);
#5117 = DIRECTION('',(0.,0.,1.));
#5118 = ORIENTED_EDGE('',*,*,#5119,.T.);
#5119 = EDGE_CURVE('',#5112,#5120,#5122,.T.);
#5120 = VERTEX_POINT('',#5121);
#5121 = CARTESIAN_POINT('',(-2.65,2.11,0.2));
#5122 = LINE('',#5123,#5124);
#5123 = CARTESIAN_POINT('',(-3.,2.11,0.2));
#5124 = VECTOR('',#5125,1.);
#5125 = DIRECTION('',(1.,9.95799250103E-17,0.));
#5126 = ORIENTED_EDGE('',*,*,#5127,.T.);
#5127 = EDGE_CURVE('',#5120,#5128,#5130,.T.);
#5128 = VERTEX_POINT('',#5129);
#5129 = CARTESIAN_POINT('',(-2.55,2.11,0.3));
#5130 = CIRCLE('',#5131,0.1);
#5131 = AXIS2_PLACEMENT_3D('',#5132,#5133,#5134);
#5132 = CARTESIAN_POINT('',(-2.65,2.11,0.3));
#5133 = DIRECTION('',(9.95799250103E-17,-1.,-0.));
#5134 = DIRECTION('',(-0.,0.,-1.));
#5135 = ORIENTED_EDGE('',*,*,#5136,.T.);
#5136 = EDGE_CURVE('',#5128,#5137,#5139,.T.);
#5137 = VERTEX_POINT('',#5138);
#5138 = CARTESIAN_POINT('',(-2.55,2.11,0.725));
#5139 = LINE('',#5140,#5141);
#5140 = CARTESIAN_POINT('',(-2.55,2.11,0.3));
#5141 = VECTOR('',#5142,1.);
#5142 = DIRECTION('',(0.,0.,1.));
#5143 = ORIENTED_EDGE('',*,*,#5144,.T.);
#5144 = EDGE_CURVE('',#5137,#5145,#5147,.T.);
#5145 = VERTEX_POINT('',#5146);
#5146 = CARTESIAN_POINT('',(-2.25,2.11,1.025));
#5147 = CIRCLE('',#5148,0.3);
#5148 = AXIS2_PLACEMENT_3D('',#5149,#5150,#5151);
#5149 = CARTESIAN_POINT('',(-2.25,2.11,0.725));
#5150 = DIRECTION('',(-9.95799250103E-17,1.,0.));
#5151 = DIRECTION('',(-1.,-9.95799250103E-17,3.700743415417E-16));
#5152 = ORIENTED_EDGE('',*,*,#5153,.T.);
#5153 = EDGE_CURVE('',#5145,#4179,#5154,.T.);
#5154 = LINE('',#5155,#5156);
#5155 = CARTESIAN_POINT('',(-2.25,2.11,1.025));
#5156 = VECTOR('',#5157,1.);
#5157 = DIRECTION('',(1.,9.95799250103E-17,0.));
#5158 = PLANE('',#5159);
#5159 = AXIS2_PLACEMENT_3D('',#5160,#5161,#5162);
#5160 = CARTESIAN_POINT('',(-2.41578967201,2.11,0.532659657565));
#5161 = DIRECTION('',(-9.95799250103E-17,1.,0.));
#5162 = DIRECTION('',(0.,0.,1.));
#5163 = ADVANCED_FACE('',(#5164),#5179,.F.);
#5164 = FACE_BOUND('',#5165,.F.);
#5165 = EDGE_LOOP('',(#5166,#5172,#5173,#5178));
#5166 = ORIENTED_EDGE('',*,*,#5167,.F.);
#5167 = EDGE_CURVE('',#4179,#4841,#5168,.T.);
#5168 = LINE('',#5169,#5170);
#5169 = CARTESIAN_POINT('',(-2.25,2.11,1.025));
#5170 = VECTOR('',#5171,1.);
#5171 = DIRECTION('',(1.,9.95799250103E-17,0.));
#5172 = ORIENTED_EDGE('',*,*,#4194,.T.);
#5173 = ORIENTED_EDGE('',*,*,#5174,.T.);
#5174 = EDGE_CURVE('',#4188,#4760,#5175,.T.);
#5175 = B_SPLINE_CURVE_WITH_KNOTS('',1,(#5176,#5177),.UNSPECIFIED.,.F.,
  .F.,(2,2),(0.,1.),.PIECEWISE_BEZIER_KNOTS.);
#5176 = CARTESIAN_POINT('',(-1.95,2.275,1.025));
#5177 = CARTESIAN_POINT('',(-1.875,2.2375,1.025));
#5178 = ORIENTED_EDGE('',*,*,#4848,.F.);
#5179 = B_SPLINE_SURFACE_WITH_KNOTS('',1,1,(
    (#5180,#5181)
    ,(#5182,#5183
    )),.UNSPECIFIED.,.F.,.F.,.F.,(2,2),(2,2),(0.,4.55),(0.,1.),
  .PIECEWISE_BEZIER_KNOTS.);
#5180 = CARTESIAN_POINT('',(-1.95,-2.275,1.025));
#5181 = CARTESIAN_POINT('',(-1.875,-2.2375,1.025));
#5182 = CARTESIAN_POINT('',(-1.95,2.275,1.025));
#5183 = CARTESIAN_POINT('',(-1.875,2.2375,1.025));
#5184 = ADVANCED_FACE('',(#5185),#5204,.F.);
#5185 = FACE_BOUND('',#5186,.F.);
#5186 = EDGE_LOOP('',(#5187,#5188,#5197,#5203));
#5187 = ORIENTED_EDGE('',*,*,#4225,.T.);
#5188 = ORIENTED_EDGE('',*,*,#5189,.T.);
#5189 = EDGE_CURVE('',#4218,#5190,#5192,.T.);
#5190 = VERTEX_POINT('',#5191);
#5191 = CARTESIAN_POINT('',(-2.35,-1.7,0.725));
#5192 = CIRCLE('',#5193,0.1);
#5193 = AXIS2_PLACEMENT_3D('',#5194,#5195,#5196);
#5194 = CARTESIAN_POINT('',(-2.25,-1.7,0.725));
#5195 = DIRECTION('',(9.95799250103E-17,-1.,0.));
#5196 = DIRECTION('',(-4.440892098501E-15,-4.422237021476E-31,1.));
#5197 = ORIENTED_EDGE('',*,*,#5198,.F.);
#5198 = EDGE_CURVE('',#4986,#5190,#5199,.T.);
#5199 = LINE('',#5200,#5201);
#5200 = CARTESIAN_POINT('',(-2.35,-2.11,0.725));
#5201 = VECTOR('',#5202,1.);
#5202 = DIRECTION('',(-9.95799250103E-17,1.,0.));
#5203 = ORIENTED_EDGE('',*,*,#4985,.F.);
#5204 = CYLINDRICAL_SURFACE('',#5205,0.1);
#5205 = AXIS2_PLACEMENT_3D('',#5206,#5207,#5208);
#5206 = CARTESIAN_POINT('',(-2.25,-2.11,0.725));
#5207 = DIRECTION('',(9.95799250103E-17,-1.,0.));
#5208 = DIRECTION('',(-4.440892098501E-15,-4.422237021476E-31,1.));
#5209 = ADVANCED_FACE('',(#5210),#5288,.T.);
#5210 = FACE_BOUND('',#5211,.T.);
#5211 = EDGE_LOOP('',(#5212,#5213,#5214,#5215,#5223,#5232,#5240,#5248,
    #5256,#5265,#5273,#5282));
#5212 = ORIENTED_EDGE('',*,*,#4270,.F.);
#5213 = ORIENTED_EDGE('',*,*,#4217,.T.);
#5214 = ORIENTED_EDGE('',*,*,#5189,.T.);
#5215 = ORIENTED_EDGE('',*,*,#5216,.T.);
#5216 = EDGE_CURVE('',#5190,#5217,#5219,.T.);
#5217 = VERTEX_POINT('',#5218);
#5218 = CARTESIAN_POINT('',(-2.35,-1.7,0.3));
#5219 = LINE('',#5220,#5221);
#5220 = CARTESIAN_POINT('',(-2.35,-1.7,0.725));
#5221 = VECTOR('',#5222,1.);
#5222 = DIRECTION('',(-1.044915787883E-15,-1.040526357994E-31,-1.));
#5223 = ORIENTED_EDGE('',*,*,#5224,.T.);
#5224 = EDGE_CURVE('',#5217,#5225,#5227,.T.);
#5225 = VERTEX_POINT('',#5226);
#5226 = CARTESIAN_POINT('',(-2.65,-1.7,5.551115123126E-17));
#5227 = CIRCLE('',#5228,0.3);
#5228 = AXIS2_PLACEMENT_3D('',#5229,#5230,#5231);
#5229 = CARTESIAN_POINT('',(-2.65,-1.7,0.3));
#5230 = DIRECTION('',(-9.95799250103E-17,1.,0.));
#5231 = DIRECTION('',(1.,9.95799250103E-17,3.515706244646E-15));
#5232 = ORIENTED_EDGE('',*,*,#5233,.T.);
#5233 = EDGE_CURVE('',#5225,#5234,#5236,.T.);
#5234 = VERTEX_POINT('',#5235);
#5235 = CARTESIAN_POINT('',(-3.,-1.7,5.551115123126E-17));
#5236 = LINE('',#5237,#5238);
#5237 = CARTESIAN_POINT('',(-2.65,-1.7,5.551115123126E-17));
#5238 = VECTOR('',#5239,1.);
#5239 = DIRECTION('',(-1.,-9.95799250103E-17,0.));
#5240 = ORIENTED_EDGE('',*,*,#5241,.T.);
#5241 = EDGE_CURVE('',#5234,#5242,#5244,.T.);
#5242 = VERTEX_POINT('',#5243);
#5243 = CARTESIAN_POINT('',(-3.,-1.7,0.2));
#5244 = LINE('',#5245,#5246);
#5245 = CARTESIAN_POINT('',(-3.,-1.7,5.551115123126E-17));
#5246 = VECTOR('',#5247,1.);
#5247 = DIRECTION('',(0.,0.,1.));
#5248 = ORIENTED_EDGE('',*,*,#5249,.T.);
#5249 = EDGE_CURVE('',#5242,#5250,#5252,.T.);
#5250 = VERTEX_POINT('',#5251);
#5251 = CARTESIAN_POINT('',(-2.65,-1.7,0.2));
#5252 = LINE('',#5253,#5254);
#5253 = CARTESIAN_POINT('',(-3.,-1.7,0.2));
#5254 = VECTOR('',#5255,1.);
#5255 = DIRECTION('',(1.,9.95799250103E-17,0.));
#5256 = ORIENTED_EDGE('',*,*,#5257,.T.);
#5257 = EDGE_CURVE('',#5250,#5258,#5260,.T.);
#5258 = VERTEX_POINT('',#5259);
#5259 = CARTESIAN_POINT('',(-2.55,-1.7,0.3));
#5260 = CIRCLE('',#5261,0.1);
#5261 = AXIS2_PLACEMENT_3D('',#5262,#5263,#5264);
#5262 = CARTESIAN_POINT('',(-2.65,-1.7,0.3));
#5263 = DIRECTION('',(9.95799250103E-17,-1.,-0.));
#5264 = DIRECTION('',(-0.,0.,-1.));
#5265 = ORIENTED_EDGE('',*,*,#5266,.T.);
#5266 = EDGE_CURVE('',#5258,#5267,#5269,.T.);
#5267 = VERTEX_POINT('',#5268);
#5268 = CARTESIAN_POINT('',(-2.55,-1.7,0.725));
#5269 = LINE('',#5270,#5271);
#5270 = CARTESIAN_POINT('',(-2.55,-1.7,0.3));
#5271 = VECTOR('',#5272,1.);
#5272 = DIRECTION('',(0.,0.,1.));
#5273 = ORIENTED_EDGE('',*,*,#5274,.T.);
#5274 = EDGE_CURVE('',#5267,#5275,#5277,.T.);
#5275 = VERTEX_POINT('',#5276);
#5276 = CARTESIAN_POINT('',(-2.25,-1.7,1.025));
#5277 = CIRCLE('',#5278,0.3);
#5278 = AXIS2_PLACEMENT_3D('',#5279,#5280,#5281);
#5279 = CARTESIAN_POINT('',(-2.25,-1.7,0.725));
#5280 = DIRECTION('',(-9.95799250103E-17,1.,0.));
#5281 = DIRECTION('',(-1.,-9.95799250103E-17,3.700743415417E-16));
#5282 = ORIENTED_EDGE('',*,*,#5283,.T.);
#5283 = EDGE_CURVE('',#5275,#4271,#5284,.T.);
#5284 = LINE('',#5285,#5286);
#5285 = CARTESIAN_POINT('',(-2.25,-1.7,1.025));
#5286 = VECTOR('',#5287,1.);
#5287 = DIRECTION('',(1.,9.95799250103E-17,0.));
#5288 = PLANE('',#5289);
#5289 = AXIS2_PLACEMENT_3D('',#5290,#5291,#5292);
#5290 = CARTESIAN_POINT('',(-2.41578967201,-1.7,0.532659657565));
#5291 = DIRECTION('',(-9.95799250103E-17,1.,0.));
#5292 = DIRECTION('',(0.,0.,1.));
#5293 = ADVANCED_FACE('',(#5294),#5380,.F.);
#5294 = FACE_BOUND('',#5295,.F.);
#5295 = EDGE_LOOP('',(#5296,#5297,#5298,#5307,#5315,#5324,#5332,#5340,
    #5348,#5357,#5365,#5374));
#5296 = ORIENTED_EDGE('',*,*,#4310,.F.);
#5297 = ORIENTED_EDGE('',*,*,#4239,.T.);
#5298 = ORIENTED_EDGE('',*,*,#5299,.T.);
#5299 = EDGE_CURVE('',#4240,#5300,#5302,.T.);
#5300 = VERTEX_POINT('',#5301);
#5301 = CARTESIAN_POINT('',(-2.35,1.7,0.725));
#5302 = CIRCLE('',#5303,0.1);
#5303 = AXIS2_PLACEMENT_3D('',#5304,#5305,#5306);
#5304 = CARTESIAN_POINT('',(-2.25,1.7,0.725));
#5305 = DIRECTION('',(9.95799250103E-17,-1.,0.));
#5306 = DIRECTION('',(-4.440892098501E-15,-4.422237021476E-31,1.));
#5307 = ORIENTED_EDGE('',*,*,#5308,.T.);
#5308 = EDGE_CURVE('',#5300,#5309,#5311,.T.);
#5309 = VERTEX_POINT('',#5310);
#5310 = CARTESIAN_POINT('',(-2.35,1.7,0.3));
#5311 = LINE('',#5312,#5313);
#5312 = CARTESIAN_POINT('',(-2.35,1.7,0.725));
#5313 = VECTOR('',#5314,1.);
#5314 = DIRECTION('',(-1.044915787883E-15,-1.040526357994E-31,-1.));
#5315 = ORIENTED_EDGE('',*,*,#5316,.T.);
#5316 = EDGE_CURVE('',#5309,#5317,#5319,.T.);
#5317 = VERTEX_POINT('',#5318);
#5318 = CARTESIAN_POINT('',(-2.65,1.7,5.551115123126E-17));
#5319 = CIRCLE('',#5320,0.3);
#5320 = AXIS2_PLACEMENT_3D('',#5321,#5322,#5323);
#5321 = CARTESIAN_POINT('',(-2.65,1.7,0.3));
#5322 = DIRECTION('',(-9.95799250103E-17,1.,0.));
#5323 = DIRECTION('',(1.,9.95799250103E-17,3.515706244646E-15));
#5324 = ORIENTED_EDGE('',*,*,#5325,.T.);
#5325 = EDGE_CURVE('',#5317,#5326,#5328,.T.);
#5326 = VERTEX_POINT('',#5327);
#5327 = CARTESIAN_POINT('',(-3.,1.7,5.551115123126E-17));
#5328 = LINE('',#5329,#5330);
#5329 = CARTESIAN_POINT('',(-2.65,1.7,5.551115123126E-17));
#5330 = VECTOR('',#5331,1.);
#5331 = DIRECTION('',(-1.,-9.95799250103E-17,0.));
#5332 = ORIENTED_EDGE('',*,*,#5333,.T.);
#5333 = EDGE_CURVE('',#5326,#5334,#5336,.T.);
#5334 = VERTEX_POINT('',#5335);
#5335 = CARTESIAN_POINT('',(-3.,1.7,0.2));
#5336 = LINE('',#5337,#5338);
#5337 = CARTESIAN_POINT('',(-3.,1.7,5.551115123126E-17));
#5338 = VECTOR('',#5339,1.);
#5339 = DIRECTION('',(0.,0.,1.));
#5340 = ORIENTED_EDGE('',*,*,#5341,.T.);
#5341 = EDGE_CURVE('',#5334,#5342,#5344,.T.);
#5342 = VERTEX_POINT('',#5343);
#5343 = CARTESIAN_POINT('',(-2.65,1.7,0.2));
#5344 = LINE('',#5345,#5346);
#5345 = CARTESIAN_POINT('',(-3.,1.7,0.2));
#5346 = VECTOR('',#5347,1.);
#5347 = DIRECTION('',(1.,9.95799250103E-17,0.));
#5348 = ORIENTED_EDGE('',*,*,#5349,.T.);
#5349 = EDGE_CURVE('',#5342,#5350,#5352,.T.);
#5350 = VERTEX_POINT('',#5351);
#5351 = CARTESIAN_POINT('',(-2.55,1.7,0.3));
#5352 = CIRCLE('',#5353,0.1);
#5353 = AXIS2_PLACEMENT_3D('',#5354,#5355,#5356);
#5354 = CARTESIAN_POINT('',(-2.65,1.7,0.3));
#5355 = DIRECTION('',(9.95799250103E-17,-1.,-0.));
#5356 = DIRECTION('',(-0.,0.,-1.));
#5357 = ORIENTED_EDGE('',*,*,#5358,.T.);
#5358 = EDGE_CURVE('',#5350,#5359,#5361,.T.);
#5359 = VERTEX_POINT('',#5360);
#5360 = CARTESIAN_POINT('',(-2.55,1.7,0.725));
#5361 = LINE('',#5362,#5363);
#5362 = CARTESIAN_POINT('',(-2.55,1.7,0.3));
#5363 = VECTOR('',#5364,1.);
#5364 = DIRECTION('',(0.,0.,1.));
#5365 = ORIENTED_EDGE('',*,*,#5366,.T.);
#5366 = EDGE_CURVE('',#5359,#5367,#5369,.T.);
#5367 = VERTEX_POINT('',#5368);
#5368 = CARTESIAN_POINT('',(-2.25,1.7,1.025));
#5369 = CIRCLE('',#5370,0.3);
#5370 = AXIS2_PLACEMENT_3D('',#5371,#5372,#5373);
#5371 = CARTESIAN_POINT('',(-2.25,1.7,0.725));
#5372 = DIRECTION('',(-9.95799250103E-17,1.,0.));
#5373 = DIRECTION('',(-1.,-9.95799250103E-17,3.700743415417E-16));
#5374 = ORIENTED_EDGE('',*,*,#5375,.T.);
#5375 = EDGE_CURVE('',#5367,#4311,#5376,.T.);
#5376 = LINE('',#5377,#5378);
#5377 = CARTESIAN_POINT('',(-2.25,1.7,1.025));
#5378 = VECTOR('',#5379,1.);
#5379 = DIRECTION('',(1.,9.95799250103E-17,0.));
#5380 = PLANE('',#5381);
#5381 = AXIS2_PLACEMENT_3D('',#5382,#5383,#5384);
#5382 = CARTESIAN_POINT('',(-2.41578967201,1.7,0.532659657565));
#5383 = DIRECTION('',(-9.95799250103E-17,1.,0.));
#5384 = DIRECTION('',(0.,0.,1.));
#5385 = ADVANCED_FACE('',(#5386),#5397,.F.);
#5386 = FACE_BOUND('',#5387,.F.);
#5387 = EDGE_LOOP('',(#5388,#5389,#5390,#5396));
#5388 = ORIENTED_EDGE('',*,*,#4256,.T.);
#5389 = ORIENTED_EDGE('',*,*,#5077,.T.);
#5390 = ORIENTED_EDGE('',*,*,#5391,.F.);
#5391 = EDGE_CURVE('',#5300,#5078,#5392,.T.);
#5392 = LINE('',#5393,#5394);
#5393 = CARTESIAN_POINT('',(-2.35,1.7,0.725));
#5394 = VECTOR('',#5395,1.);
#5395 = DIRECTION('',(-9.95799250103E-17,1.,0.));
#5396 = ORIENTED_EDGE('',*,*,#5299,.F.);
#5397 = CYLINDRICAL_SURFACE('',#5398,0.1);
#5398 = AXIS2_PLACEMENT_3D('',#5399,#5400,#5401);
#5399 = CARTESIAN_POINT('',(-2.25,1.7,0.725));
#5400 = DIRECTION('',(9.95799250103E-17,-1.,0.));
#5401 = DIRECTION('',(-4.440892098501E-15,-4.422237021476E-31,1.));
#5402 = ADVANCED_FACE('',(#5403),#5419,.F.);
#5403 = FACE_BOUND('',#5404,.F.);
#5404 = EDGE_LOOP('',(#5405,#5411,#5412,#5418));
#5405 = ORIENTED_EDGE('',*,*,#5406,.F.);
#5406 = EDGE_CURVE('',#4271,#4793,#5407,.T.);
#5407 = LINE('',#5408,#5409);
#5408 = CARTESIAN_POINT('',(-2.25,-1.7,1.025));
#5409 = VECTOR('',#5410,1.);
#5410 = DIRECTION('',(1.,9.95799250103E-17,0.));
#5411 = ORIENTED_EDGE('',*,*,#4287,.T.);
#5412 = ORIENTED_EDGE('',*,*,#5413,.T.);
#5413 = EDGE_CURVE('',#4280,#4801,#5414,.T.);
#5414 = LINE('',#5415,#5416);
#5415 = CARTESIAN_POINT('',(-2.25,-0.84,1.025));
#5416 = VECTOR('',#5417,1.);
#5417 = DIRECTION('',(1.,9.95799250103E-17,0.));
#5418 = ORIENTED_EDGE('',*,*,#4800,.F.);
#5419 = B_SPLINE_SURFACE_WITH_KNOTS('',1,1,(
    (#5420,#5421)
    ,(#5422,#5423
    )),.UNSPECIFIED.,.F.,.F.,.F.,(2,2),(2,2),(0.,4.55),(0.,1.),
  .PIECEWISE_BEZIER_KNOTS.);
#5420 = CARTESIAN_POINT('',(-1.95,-2.275,1.025));
#5421 = CARTESIAN_POINT('',(-1.875,-2.2375,1.025));
#5422 = CARTESIAN_POINT('',(-1.95,2.275,1.025));
#5423 = CARTESIAN_POINT('',(-1.875,2.2375,1.025));
#5424 = ADVANCED_FACE('',(#5425),#5511,.F.);
#5425 = FACE_BOUND('',#5426,.F.);
#5426 = EDGE_LOOP('',(#5427,#5428,#5429,#5438,#5446,#5455,#5463,#5471,
    #5479,#5488,#5496,#5505));
#5427 = ORIENTED_EDGE('',*,*,#4279,.F.);
#5428 = ORIENTED_EDGE('',*,*,#4332,.T.);
#5429 = ORIENTED_EDGE('',*,*,#5430,.T.);
#5430 = EDGE_CURVE('',#4333,#5431,#5433,.T.);
#5431 = VERTEX_POINT('',#5432);
#5432 = CARTESIAN_POINT('',(-2.35,-0.84,0.725));
#5433 = CIRCLE('',#5434,0.1);
#5434 = AXIS2_PLACEMENT_3D('',#5435,#5436,#5437);
#5435 = CARTESIAN_POINT('',(-2.25,-0.84,0.725));
#5436 = DIRECTION('',(9.95799250103E-17,-1.,0.));
#5437 = DIRECTION('',(-4.440892098501E-15,-4.422237021476E-31,1.));
#5438 = ORIENTED_EDGE('',*,*,#5439,.T.);
#5439 = EDGE_CURVE('',#5431,#5440,#5442,.T.);
#5440 = VERTEX_POINT('',#5441);
#5441 = CARTESIAN_POINT('',(-2.35,-0.84,0.3));
#5442 = LINE('',#5443,#5444);
#5443 = CARTESIAN_POINT('',(-2.35,-0.84,0.725));
#5444 = VECTOR('',#5445,1.);
#5445 = DIRECTION('',(-1.044915787883E-15,-1.040526357994E-31,-1.));
#5446 = ORIENTED_EDGE('',*,*,#5447,.T.);
#5447 = EDGE_CURVE('',#5440,#5448,#5450,.T.);
#5448 = VERTEX_POINT('',#5449);
#5449 = CARTESIAN_POINT('',(-2.65,-0.84,5.551115123126E-17));
#5450 = CIRCLE('',#5451,0.3);
#5451 = AXIS2_PLACEMENT_3D('',#5452,#5453,#5454);
#5452 = CARTESIAN_POINT('',(-2.65,-0.84,0.3));
#5453 = DIRECTION('',(-9.95799250103E-17,1.,0.));
#5454 = DIRECTION('',(1.,9.95799250103E-17,3.515706244646E-15));
#5455 = ORIENTED_EDGE('',*,*,#5456,.T.);
#5456 = EDGE_CURVE('',#5448,#5457,#5459,.T.);
#5457 = VERTEX_POINT('',#5458);
#5458 = CARTESIAN_POINT('',(-3.,-0.84,5.551115123126E-17));
#5459 = LINE('',#5460,#5461);
#5460 = CARTESIAN_POINT('',(-2.65,-0.84,5.551115123126E-17));
#5461 = VECTOR('',#5462,1.);
#5462 = DIRECTION('',(-1.,-9.95799250103E-17,0.));
#5463 = ORIENTED_EDGE('',*,*,#5464,.T.);
#5464 = EDGE_CURVE('',#5457,#5465,#5467,.T.);
#5465 = VERTEX_POINT('',#5466);
#5466 = CARTESIAN_POINT('',(-3.,-0.84,0.2));
#5467 = LINE('',#5468,#5469);
#5468 = CARTESIAN_POINT('',(-3.,-0.84,5.551115123126E-17));
#5469 = VECTOR('',#5470,1.);
#5470 = DIRECTION('',(0.,0.,1.));
#5471 = ORIENTED_EDGE('',*,*,#5472,.T.);
#5472 = EDGE_CURVE('',#5465,#5473,#5475,.T.);
#5473 = VERTEX_POINT('',#5474);
#5474 = CARTESIAN_POINT('',(-2.65,-0.84,0.2));
#5475 = LINE('',#5476,#5477);
#5476 = CARTESIAN_POINT('',(-3.,-0.84,0.2));
#5477 = VECTOR('',#5478,1.);
#5478 = DIRECTION('',(1.,9.95799250103E-17,0.));
#5479 = ORIENTED_EDGE('',*,*,#5480,.T.);
#5480 = EDGE_CURVE('',#5473,#5481,#5483,.T.);
#5481 = VERTEX_POINT('',#5482);
#5482 = CARTESIAN_POINT('',(-2.55,-0.84,0.3));
#5483 = CIRCLE('',#5484,0.1);
#5484 = AXIS2_PLACEMENT_3D('',#5485,#5486,#5487);
#5485 = CARTESIAN_POINT('',(-2.65,-0.84,0.3));
#5486 = DIRECTION('',(9.95799250103E-17,-1.,-0.));
#5487 = DIRECTION('',(-0.,0.,-1.));
#5488 = ORIENTED_EDGE('',*,*,#5489,.T.);
#5489 = EDGE_CURVE('',#5481,#5490,#5492,.T.);
#5490 = VERTEX_POINT('',#5491);
#5491 = CARTESIAN_POINT('',(-2.55,-0.84,0.725));
#5492 = LINE('',#5493,#5494);
#5493 = CARTESIAN_POINT('',(-2.55,-0.84,0.3));
#5494 = VECTOR('',#5495,1.);
#5495 = DIRECTION('',(0.,0.,1.));
#5496 = ORIENTED_EDGE('',*,*,#5497,.T.);
#5497 = EDGE_CURVE('',#5490,#5498,#5500,.T.);
#5498 = VERTEX_POINT('',#5499);
#5499 = CARTESIAN_POINT('',(-2.25,-0.84,1.025));
#5500 = CIRCLE('',#5501,0.3);
#5501 = AXIS2_PLACEMENT_3D('',#5502,#5503,#5504);
#5502 = CARTESIAN_POINT('',(-2.25,-0.84,0.725));
#5503 = DIRECTION('',(-9.95799250103E-17,1.,0.));
#5504 = DIRECTION('',(-1.,-9.95799250103E-17,3.700743415417E-16));
#5505 = ORIENTED_EDGE('',*,*,#5506,.T.);
#5506 = EDGE_CURVE('',#5498,#4280,#5507,.T.);
#5507 = LINE('',#5508,#5509);
#5508 = CARTESIAN_POINT('',(-2.25,-0.84,1.025));
#5509 = VECTOR('',#5510,1.);
#5510 = DIRECTION('',(1.,9.95799250103E-17,0.));
#5511 = PLANE('',#5512);
#5512 = AXIS2_PLACEMENT_3D('',#5513,#5514,#5515);
#5513 = CARTESIAN_POINT('',(-2.41578967201,-0.84,0.532659657565));
#5514 = DIRECTION('',(-9.95799250103E-17,1.,0.));
#5515 = DIRECTION('',(0.,0.,1.));
#5516 = ADVANCED_FACE('',(#5517),#5603,.T.);
#5517 = FACE_BOUND('',#5518,.T.);
#5518 = EDGE_LOOP('',(#5519,#5520,#5521,#5530,#5538,#5547,#5555,#5563,
    #5571,#5580,#5588,#5597));
#5519 = ORIENTED_EDGE('',*,*,#4301,.F.);
#5520 = ORIENTED_EDGE('',*,*,#4372,.T.);
#5521 = ORIENTED_EDGE('',*,*,#5522,.T.);
#5522 = EDGE_CURVE('',#4373,#5523,#5525,.T.);
#5523 = VERTEX_POINT('',#5524);
#5524 = CARTESIAN_POINT('',(-2.35,0.84,0.725));
#5525 = CIRCLE('',#5526,0.1);
#5526 = AXIS2_PLACEMENT_3D('',#5527,#5528,#5529);
#5527 = CARTESIAN_POINT('',(-2.25,0.84,0.725));
#5528 = DIRECTION('',(9.95799250103E-17,-1.,0.));
#5529 = DIRECTION('',(-4.440892098501E-15,-4.422237021476E-31,1.));
#5530 = ORIENTED_EDGE('',*,*,#5531,.T.);
#5531 = EDGE_CURVE('',#5523,#5532,#5534,.T.);
#5532 = VERTEX_POINT('',#5533);
#5533 = CARTESIAN_POINT('',(-2.35,0.84,0.3));
#5534 = LINE('',#5535,#5536);
#5535 = CARTESIAN_POINT('',(-2.35,0.84,0.725));
#5536 = VECTOR('',#5537,1.);
#5537 = DIRECTION('',(-1.044915787883E-15,-1.040526357994E-31,-1.));
#5538 = ORIENTED_EDGE('',*,*,#5539,.T.);
#5539 = EDGE_CURVE('',#5532,#5540,#5542,.T.);
#5540 = VERTEX_POINT('',#5541);
#5541 = CARTESIAN_POINT('',(-2.65,0.84,5.551115123126E-17));
#5542 = CIRCLE('',#5543,0.3);
#5543 = AXIS2_PLACEMENT_3D('',#5544,#5545,#5546);
#5544 = CARTESIAN_POINT('',(-2.65,0.84,0.3));
#5545 = DIRECTION('',(-9.95799250103E-17,1.,0.));
#5546 = DIRECTION('',(1.,9.95799250103E-17,3.515706244646E-15));
#5547 = ORIENTED_EDGE('',*,*,#5548,.T.);
#5548 = EDGE_CURVE('',#5540,#5549,#5551,.T.);
#5549 = VERTEX_POINT('',#5550);
#5550 = CARTESIAN_POINT('',(-3.,0.84,5.551115123126E-17));
#5551 = LINE('',#5552,#5553);
#5552 = CARTESIAN_POINT('',(-2.65,0.84,5.551115123126E-17));
#5553 = VECTOR('',#5554,1.);
#5554 = DIRECTION('',(-1.,-9.95799250103E-17,0.));
#5555 = ORIENTED_EDGE('',*,*,#5556,.T.);
#5556 = EDGE_CURVE('',#5549,#5557,#5559,.T.);
#5557 = VERTEX_POINT('',#5558);
#5558 = CARTESIAN_POINT('',(-3.,0.84,0.2));
#5559 = LINE('',#5560,#5561);
#5560 = CARTESIAN_POINT('',(-3.,0.84,5.551115123126E-17));
#5561 = VECTOR('',#5562,1.);
#5562 = DIRECTION('',(0.,0.,1.));
#5563 = ORIENTED_EDGE('',*,*,#5564,.T.);
#5564 = EDGE_CURVE('',#5557,#5565,#5567,.T.);
#5565 = VERTEX_POINT('',#5566);
#5566 = CARTESIAN_POINT('',(-2.65,0.84,0.2));
#5567 = LINE('',#5568,#5569);
#5568 = CARTESIAN_POINT('',(-3.,0.84,0.2));
#5569 = VECTOR('',#5570,1.);
#5570 = DIRECTION('',(1.,9.95799250103E-17,0.));
#5571 = ORIENTED_EDGE('',*,*,#5572,.T.);
#5572 = EDGE_CURVE('',#5565,#5573,#5575,.T.);
#5573 = VERTEX_POINT('',#5574);
#5574 = CARTESIAN_POINT('',(-2.55,0.84,0.3));
#5575 = CIRCLE('',#5576,0.1);
#5576 = AXIS2_PLACEMENT_3D('',#5577,#5578,#5579);
#5577 = CARTESIAN_POINT('',(-2.65,0.84,0.3));
#5578 = DIRECTION('',(9.95799250103E-17,-1.,-0.));
#5579 = DIRECTION('',(-0.,0.,-1.));
#5580 = ORIENTED_EDGE('',*,*,#5581,.T.);
#5581 = EDGE_CURVE('',#5573,#5582,#5584,.T.);
#5582 = VERTEX_POINT('',#5583);
#5583 = CARTESIAN_POINT('',(-2.55,0.84,0.725));
#5584 = LINE('',#5585,#5586);
#5585 = CARTESIAN_POINT('',(-2.55,0.84,0.3));
#5586 = VECTOR('',#5587,1.);
#5587 = DIRECTION('',(0.,0.,1.));
#5588 = ORIENTED_EDGE('',*,*,#5589,.T.);
#5589 = EDGE_CURVE('',#5582,#5590,#5592,.T.);
#5590 = VERTEX_POINT('',#5591);
#5591 = CARTESIAN_POINT('',(-2.25,0.84,1.025));
#5592 = CIRCLE('',#5593,0.3);
#5593 = AXIS2_PLACEMENT_3D('',#5594,#5595,#5596);
#5594 = CARTESIAN_POINT('',(-2.25,0.84,0.725));
#5595 = DIRECTION('',(-9.95799250103E-17,1.,0.));
#5596 = DIRECTION('',(-1.,-9.95799250103E-17,3.700743415417E-16));
#5597 = ORIENTED_EDGE('',*,*,#5598,.T.);
#5598 = EDGE_CURVE('',#5590,#4302,#5599,.T.);
#5599 = LINE('',#5600,#5601);
#5600 = CARTESIAN_POINT('',(-2.25,0.84,1.025));
#5601 = VECTOR('',#5602,1.);
#5602 = DIRECTION('',(1.,9.95799250103E-17,0.));
#5603 = PLANE('',#5604);
#5604 = AXIS2_PLACEMENT_3D('',#5605,#5606,#5607);
#5605 = CARTESIAN_POINT('',(-2.41578967201,0.84,0.532659657565));
#5606 = DIRECTION('',(-9.95799250103E-17,1.,0.));
#5607 = DIRECTION('',(0.,0.,1.));
#5608 = ADVANCED_FACE('',(#5609),#5625,.F.);
#5609 = FACE_BOUND('',#5610,.F.);
#5610 = EDGE_LOOP('',(#5611,#5617,#5618,#5624));
#5611 = ORIENTED_EDGE('',*,*,#5612,.F.);
#5612 = EDGE_CURVE('',#4302,#4825,#5613,.T.);
#5613 = LINE('',#5614,#5615);
#5614 = CARTESIAN_POINT('',(-2.25,0.84,1.025));
#5615 = VECTOR('',#5616,1.);
#5616 = DIRECTION('',(1.,9.95799250103E-17,0.));
#5617 = ORIENTED_EDGE('',*,*,#4318,.T.);
#5618 = ORIENTED_EDGE('',*,*,#5619,.T.);
#5619 = EDGE_CURVE('',#4311,#4833,#5620,.T.);
#5620 = LINE('',#5621,#5622);
#5621 = CARTESIAN_POINT('',(-2.25,1.7,1.025));
#5622 = VECTOR('',#5623,1.);
#5623 = DIRECTION('',(1.,9.95799250103E-17,0.));
#5624 = ORIENTED_EDGE('',*,*,#4832,.F.);
#5625 = B_SPLINE_SURFACE_WITH_KNOTS('',1,1,(
    (#5626,#5627)
    ,(#5628,#5629
    )),.UNSPECIFIED.,.F.,.F.,.F.,(2,2),(2,2),(0.,4.55),(0.,1.),
  .PIECEWISE_BEZIER_KNOTS.);
#5626 = CARTESIAN_POINT('',(-1.95,-2.275,1.025));
#5627 = CARTESIAN_POINT('',(-1.875,-2.2375,1.025));
#5628 = CARTESIAN_POINT('',(-1.95,2.275,1.025));
#5629 = CARTESIAN_POINT('',(-1.875,2.2375,1.025));
#5630 = ADVANCED_FACE('',(#5631),#5650,.F.);
#5631 = FACE_BOUND('',#5632,.F.);
#5632 = EDGE_LOOP('',(#5633,#5634,#5643,#5649));
#5633 = ORIENTED_EDGE('',*,*,#4349,.T.);
#5634 = ORIENTED_EDGE('',*,*,#5635,.T.);
#5635 = EDGE_CURVE('',#4342,#5636,#5638,.T.);
#5636 = VERTEX_POINT('',#5637);
#5637 = CARTESIAN_POINT('',(-2.35,-0.43,0.725));
#5638 = CIRCLE('',#5639,0.1);
#5639 = AXIS2_PLACEMENT_3D('',#5640,#5641,#5642);
#5640 = CARTESIAN_POINT('',(-2.25,-0.43,0.725));
#5641 = DIRECTION('',(9.95799250103E-17,-1.,0.));
#5642 = DIRECTION('',(-4.440892098501E-15,-4.422237021476E-31,1.));
#5643 = ORIENTED_EDGE('',*,*,#5644,.F.);
#5644 = EDGE_CURVE('',#5431,#5636,#5645,.T.);
#5645 = LINE('',#5646,#5647);
#5646 = CARTESIAN_POINT('',(-2.35,-0.84,0.725));
#5647 = VECTOR('',#5648,1.);
#5648 = DIRECTION('',(-9.95799250103E-17,1.,0.));
#5649 = ORIENTED_EDGE('',*,*,#5430,.F.);
#5650 = CYLINDRICAL_SURFACE('',#5651,0.1);
#5651 = AXIS2_PLACEMENT_3D('',#5652,#5653,#5654);
#5652 = CARTESIAN_POINT('',(-2.25,-0.84,0.725));
#5653 = DIRECTION('',(9.95799250103E-17,-1.,0.));
#5654 = DIRECTION('',(-4.440892098501E-15,-4.422237021476E-31,1.));
#5655 = ADVANCED_FACE('',(#5656),#5734,.T.);
#5656 = FACE_BOUND('',#5657,.T.);
#5657 = EDGE_LOOP('',(#5658,#5659,#5660,#5661,#5669,#5678,#5686,#5694,
    #5702,#5711,#5719,#5728));
#5658 = ORIENTED_EDGE('',*,*,#4394,.F.);
#5659 = ORIENTED_EDGE('',*,*,#4341,.T.);
#5660 = ORIENTED_EDGE('',*,*,#5635,.T.);
#5661 = ORIENTED_EDGE('',*,*,#5662,.T.);
#5662 = EDGE_CURVE('',#5636,#5663,#5665,.T.);
#5663 = VERTEX_POINT('',#5664);
#5664 = CARTESIAN_POINT('',(-2.35,-0.43,0.3));
#5665 = LINE('',#5666,#5667);
#5666 = CARTESIAN_POINT('',(-2.35,-0.43,0.725));
#5667 = VECTOR('',#5668,1.);
#5668 = DIRECTION('',(-1.044915787883E-15,-1.040526357994E-31,-1.));
#5669 = ORIENTED_EDGE('',*,*,#5670,.T.);
#5670 = EDGE_CURVE('',#5663,#5671,#5673,.T.);
#5671 = VERTEX_POINT('',#5672);
#5672 = CARTESIAN_POINT('',(-2.65,-0.43,5.551115123126E-17));
#5673 = CIRCLE('',#5674,0.3);
#5674 = AXIS2_PLACEMENT_3D('',#5675,#5676,#5677);
#5675 = CARTESIAN_POINT('',(-2.65,-0.43,0.3));
#5676 = DIRECTION('',(-9.95799250103E-17,1.,0.));
#5677 = DIRECTION('',(1.,9.95799250103E-17,3.515706244646E-15));
#5678 = ORIENTED_EDGE('',*,*,#5679,.T.);
#5679 = EDGE_CURVE('',#5671,#5680,#5682,.T.);
#5680 = VERTEX_POINT('',#5681);
#5681 = CARTESIAN_POINT('',(-3.,-0.43,5.551115123126E-17));
#5682 = LINE('',#5683,#5684);
#5683 = CARTESIAN_POINT('',(-2.65,-0.43,5.551115123126E-17));
#5684 = VECTOR('',#5685,1.);
#5685 = DIRECTION('',(-1.,-9.95799250103E-17,0.));
#5686 = ORIENTED_EDGE('',*,*,#5687,.T.);
#5687 = EDGE_CURVE('',#5680,#5688,#5690,.T.);
#5688 = VERTEX_POINT('',#5689);
#5689 = CARTESIAN_POINT('',(-3.,-0.43,0.2));
#5690 = LINE('',#5691,#5692);
#5691 = CARTESIAN_POINT('',(-3.,-0.43,5.551115123126E-17));
#5692 = VECTOR('',#5693,1.);
#5693 = DIRECTION('',(0.,0.,1.));
#5694 = ORIENTED_EDGE('',*,*,#5695,.T.);
#5695 = EDGE_CURVE('',#5688,#5696,#5698,.T.);
#5696 = VERTEX_POINT('',#5697);
#5697 = CARTESIAN_POINT('',(-2.65,-0.43,0.2));
#5698 = LINE('',#5699,#5700);
#5699 = CARTESIAN_POINT('',(-3.,-0.43,0.2));
#5700 = VECTOR('',#5701,1.);
#5701 = DIRECTION('',(1.,9.95799250103E-17,0.));
#5702 = ORIENTED_EDGE('',*,*,#5703,.T.);
#5703 = EDGE_CURVE('',#5696,#5704,#5706,.T.);
#5704 = VERTEX_POINT('',#5705);
#5705 = CARTESIAN_POINT('',(-2.55,-0.43,0.3));
#5706 = CIRCLE('',#5707,0.1);
#5707 = AXIS2_PLACEMENT_3D('',#5708,#5709,#5710);
#5708 = CARTESIAN_POINT('',(-2.65,-0.43,0.3));
#5709 = DIRECTION('',(9.95799250103E-17,-1.,-0.));
#5710 = DIRECTION('',(-0.,0.,-1.));
#5711 = ORIENTED_EDGE('',*,*,#5712,.T.);
#5712 = EDGE_CURVE('',#5704,#5713,#5715,.T.);
#5713 = VERTEX_POINT('',#5714);
#5714 = CARTESIAN_POINT('',(-2.55,-0.43,0.725));
#5715 = LINE('',#5716,#5717);
#5716 = CARTESIAN_POINT('',(-2.55,-0.43,0.3));
#5717 = VECTOR('',#5718,1.);
#5718 = DIRECTION('',(0.,0.,1.));
#5719 = ORIENTED_EDGE('',*,*,#5720,.T.);
#5720 = EDGE_CURVE('',#5713,#5721,#5723,.T.);
#5721 = VERTEX_POINT('',#5722);
#5722 = CARTESIAN_POINT('',(-2.25,-0.43,1.025));
#5723 = CIRCLE('',#5724,0.3);
#5724 = AXIS2_PLACEMENT_3D('',#5725,#5726,#5727);
#5725 = CARTESIAN_POINT('',(-2.25,-0.43,0.725));
#5726 = DIRECTION('',(-9.95799250103E-17,1.,0.));
#5727 = DIRECTION('',(-1.,-9.95799250103E-17,3.700743415417E-16));
#5728 = ORIENTED_EDGE('',*,*,#5729,.T.);
#5729 = EDGE_CURVE('',#5721,#4395,#5730,.T.);
#5730 = LINE('',#5731,#5732);
#5731 = CARTESIAN_POINT('',(-2.25,-0.43,1.025));
#5732 = VECTOR('',#5733,1.);
#5733 = DIRECTION('',(1.,9.95799250103E-17,0.));
#5734 = PLANE('',#5735);
#5735 = AXIS2_PLACEMENT_3D('',#5736,#5737,#5738);
#5736 = CARTESIAN_POINT('',(-2.41578967201,-0.43,0.532659657565));
#5737 = DIRECTION('',(-9.95799250103E-17,1.,0.));
#5738 = DIRECTION('',(0.,0.,1.));
#5739 = ADVANCED_FACE('',(#5740),#5826,.F.);
#5740 = FACE_BOUND('',#5741,.F.);
#5741 = EDGE_LOOP('',(#5742,#5743,#5744,#5753,#5761,#5770,#5778,#5786,
    #5794,#5803,#5811,#5820));
#5742 = ORIENTED_EDGE('',*,*,#4403,.F.);
#5743 = ORIENTED_EDGE('',*,*,#4363,.T.);
#5744 = ORIENTED_EDGE('',*,*,#5745,.T.);
#5745 = EDGE_CURVE('',#4364,#5746,#5748,.T.);
#5746 = VERTEX_POINT('',#5747);
#5747 = CARTESIAN_POINT('',(-2.35,0.43,0.725));
#5748 = CIRCLE('',#5749,0.1);
#5749 = AXIS2_PLACEMENT_3D('',#5750,#5751,#5752);
#5750 = CARTESIAN_POINT('',(-2.25,0.43,0.725));
#5751 = DIRECTION('',(9.95799250103E-17,-1.,0.));
#5752 = DIRECTION('',(-4.440892098501E-15,-4.422237021476E-31,1.));
#5753 = ORIENTED_EDGE('',*,*,#5754,.T.);
#5754 = EDGE_CURVE('',#5746,#5755,#5757,.T.);
#5755 = VERTEX_POINT('',#5756);
#5756 = CARTESIAN_POINT('',(-2.35,0.43,0.3));
#5757 = LINE('',#5758,#5759);
#5758 = CARTESIAN_POINT('',(-2.35,0.43,0.725));
#5759 = VECTOR('',#5760,1.);
#5760 = DIRECTION('',(-1.044915787883E-15,-1.040526357994E-31,-1.));
#5761 = ORIENTED_EDGE('',*,*,#5762,.T.);
#5762 = EDGE_CURVE('',#5755,#5763,#5765,.T.);
#5763 = VERTEX_POINT('',#5764);
#5764 = CARTESIAN_POINT('',(-2.65,0.43,5.551115123126E-17));
#5765 = CIRCLE('',#5766,0.3);
#5766 = AXIS2_PLACEMENT_3D('',#5767,#5768,#5769);
#5767 = CARTESIAN_POINT('',(-2.65,0.43,0.3));
#5768 = DIRECTION('',(-9.95799250103E-17,1.,0.));
#5769 = DIRECTION('',(1.,9.95799250103E-17,3.515706244646E-15));
#5770 = ORIENTED_EDGE('',*,*,#5771,.T.);
#5771 = EDGE_CURVE('',#5763,#5772,#5774,.T.);
#5772 = VERTEX_POINT('',#5773);
#5773 = CARTESIAN_POINT('',(-3.,0.43,5.551115123126E-17));
#5774 = LINE('',#5775,#5776);
#5775 = CARTESIAN_POINT('',(-2.65,0.43,5.551115123126E-17));
#5776 = VECTOR('',#5777,1.);
#5777 = DIRECTION('',(-1.,-9.95799250103E-17,0.));
#5778 = ORIENTED_EDGE('',*,*,#5779,.T.);
#5779 = EDGE_CURVE('',#5772,#5780,#5782,.T.);
#5780 = VERTEX_POINT('',#5781);
#5781 = CARTESIAN_POINT('',(-3.,0.43,0.2));
#5782 = LINE('',#5783,#5784);
#5783 = CARTESIAN_POINT('',(-3.,0.43,5.551115123126E-17));
#5784 = VECTOR('',#5785,1.);
#5785 = DIRECTION('',(0.,0.,1.));
#5786 = ORIENTED_EDGE('',*,*,#5787,.T.);
#5787 = EDGE_CURVE('',#5780,#5788,#5790,.T.);
#5788 = VERTEX_POINT('',#5789);
#5789 = CARTESIAN_POINT('',(-2.65,0.43,0.2));
#5790 = LINE('',#5791,#5792);
#5791 = CARTESIAN_POINT('',(-3.,0.43,0.2));
#5792 = VECTOR('',#5793,1.);
#5793 = DIRECTION('',(1.,9.95799250103E-17,0.));
#5794 = ORIENTED_EDGE('',*,*,#5795,.T.);
#5795 = EDGE_CURVE('',#5788,#5796,#5798,.T.);
#5796 = VERTEX_POINT('',#5797);
#5797 = CARTESIAN_POINT('',(-2.55,0.43,0.3));
#5798 = CIRCLE('',#5799,0.1);
#5799 = AXIS2_PLACEMENT_3D('',#5800,#5801,#5802);
#5800 = CARTESIAN_POINT('',(-2.65,0.43,0.3));
#5801 = DIRECTION('',(9.95799250103E-17,-1.,-0.));
#5802 = DIRECTION('',(-0.,0.,-1.));
#5803 = ORIENTED_EDGE('',*,*,#5804,.T.);
#5804 = EDGE_CURVE('',#5796,#5805,#5807,.T.);
#5805 = VERTEX_POINT('',#5806);
#5806 = CARTESIAN_POINT('',(-2.55,0.43,0.725));
#5807 = LINE('',#5808,#5809);
#5808 = CARTESIAN_POINT('',(-2.55,0.43,0.3));
#5809 = VECTOR('',#5810,1.);
#5810 = DIRECTION('',(0.,0.,1.));
#5811 = ORIENTED_EDGE('',*,*,#5812,.T.);
#5812 = EDGE_CURVE('',#5805,#5813,#5815,.T.);
#5813 = VERTEX_POINT('',#5814);
#5814 = CARTESIAN_POINT('',(-2.25,0.43,1.025));
#5815 = CIRCLE('',#5816,0.3);
#5816 = AXIS2_PLACEMENT_3D('',#5817,#5818,#5819);
#5817 = CARTESIAN_POINT('',(-2.25,0.43,0.725));
#5818 = DIRECTION('',(-9.95799250103E-17,1.,0.));
#5819 = DIRECTION('',(-1.,-9.95799250103E-17,3.700743415417E-16));
#5820 = ORIENTED_EDGE('',*,*,#5821,.T.);
#5821 = EDGE_CURVE('',#5813,#4404,#5822,.T.);
#5822 = LINE('',#5823,#5824);
#5823 = CARTESIAN_POINT('',(-2.25,0.43,1.025));
#5824 = VECTOR('',#5825,1.);
#5825 = DIRECTION('',(1.,9.95799250103E-17,0.));
#5826 = PLANE('',#5827);
#5827 = AXIS2_PLACEMENT_3D('',#5828,#5829,#5830);
#5828 = CARTESIAN_POINT('',(-2.41578967201,0.43,0.532659657565));
#5829 = DIRECTION('',(-9.95799250103E-17,1.,0.));
#5830 = DIRECTION('',(0.,0.,1.));
#5831 = ADVANCED_FACE('',(#5832),#5843,.F.);
#5832 = FACE_BOUND('',#5833,.F.);
#5833 = EDGE_LOOP('',(#5834,#5835,#5836,#5842));
#5834 = ORIENTED_EDGE('',*,*,#4380,.T.);
#5835 = ORIENTED_EDGE('',*,*,#5522,.T.);
#5836 = ORIENTED_EDGE('',*,*,#5837,.F.);
#5837 = EDGE_CURVE('',#5746,#5523,#5838,.T.);
#5838 = LINE('',#5839,#5840);
#5839 = CARTESIAN_POINT('',(-2.35,0.43,0.725));
#5840 = VECTOR('',#5841,1.);
#5841 = DIRECTION('',(-9.95799250103E-17,1.,0.));
#5842 = ORIENTED_EDGE('',*,*,#5745,.F.);
#5843 = CYLINDRICAL_SURFACE('',#5844,0.1);
#5844 = AXIS2_PLACEMENT_3D('',#5845,#5846,#5847);
#5845 = CARTESIAN_POINT('',(-2.25,0.43,0.725));
#5846 = DIRECTION('',(9.95799250103E-17,-1.,0.));
#5847 = DIRECTION('',(-4.440892098501E-15,-4.422237021476E-31,1.));
#5848 = ADVANCED_FACE('',(#5849),#5865,.F.);
#5849 = FACE_BOUND('',#5850,.F.);
#5850 = EDGE_LOOP('',(#5851,#5857,#5858,#5864));
#5851 = ORIENTED_EDGE('',*,*,#5852,.F.);
#5852 = EDGE_CURVE('',#4395,#4809,#5853,.T.);
#5853 = LINE('',#5854,#5855);
#5854 = CARTESIAN_POINT('',(-2.25,-0.43,1.025));
#5855 = VECTOR('',#5856,1.);
#5856 = DIRECTION('',(1.,9.95799250103E-17,0.));
#5857 = ORIENTED_EDGE('',*,*,#4411,.T.);
#5858 = ORIENTED_EDGE('',*,*,#5859,.T.);
#5859 = EDGE_CURVE('',#4404,#4817,#5860,.T.);
#5860 = LINE('',#5861,#5862);
#5861 = CARTESIAN_POINT('',(-2.25,0.43,1.025));
#5862 = VECTOR('',#5863,1.);
#5863 = DIRECTION('',(1.,9.95799250103E-17,0.));
#5864 = ORIENTED_EDGE('',*,*,#4816,.F.);
#5865 = B_SPLINE_SURFACE_WITH_KNOTS('',1,1,(
    (#5866,#5867)
    ,(#5868,#5869
    )),.UNSPECIFIED.,.F.,.F.,.F.,(2,2),(2,2),(0.,4.55),(0.,1.),
  .PIECEWISE_BEZIER_KNOTS.);
#5866 = CARTESIAN_POINT('',(-1.95,-2.275,1.025));
#5867 = CARTESIAN_POINT('',(-1.875,-2.2375,1.025));
#5868 = CARTESIAN_POINT('',(-1.95,2.275,1.025));
#5869 = CARTESIAN_POINT('',(-1.875,2.2375,1.025));
#5870 = ADVANCED_FACE('',(#5871),#5877,.F.);
#5871 = FACE_BOUND('',#5872,.F.);
#5872 = EDGE_LOOP('',(#5873,#5874,#5875,#5876));
#5873 = ORIENTED_EDGE('',*,*,#4427,.T.);
#5874 = ORIENTED_EDGE('',*,*,#4730,.T.);
#5875 = ORIENTED_EDGE('',*,*,#4759,.F.);
#5876 = ORIENTED_EDGE('',*,*,#5174,.F.);
#5877 = B_SPLINE_SURFACE_WITH_KNOTS('',1,1,(
    (#5878,#5879)
    ,(#5880,#5881
    )),.UNSPECIFIED.,.F.,.F.,.F.,(2,2),(2,2),(0.,0.247487373415),(0.,1.)
  ,.PIECEWISE_BEZIER_KNOTS.);
#5878 = CARTESIAN_POINT('',(-1.95,2.275,1.025));
#5879 = CARTESIAN_POINT('',(-1.875,2.2375,1.025));
#5880 = CARTESIAN_POINT('',(-1.775,2.45,1.025));
#5881 = CARTESIAN_POINT('',(-1.7375,2.375,1.025));
#5882 = ADVANCED_FACE('',(#5883),#5896,.F.);
#5883 = FACE_BOUND('',#5884,.F.);
#5884 = EDGE_LOOP('',(#5885,#5886,#5892,#5893,#5894,#5895));
#5885 = ORIENTED_EDGE('',*,*,#5061,.F.);
#5886 = ORIENTED_EDGE('',*,*,#5887,.T.);
#5887 = EDGE_CURVE('',#5053,#5275,#5888,.T.);
#5888 = LINE('',#5889,#5890);
#5889 = CARTESIAN_POINT('',(-2.25,-2.11,1.025));
#5890 = VECTOR('',#5891,1.);
#5891 = DIRECTION('',(-9.95799250103E-17,1.,0.));
#5892 = ORIENTED_EDGE('',*,*,#5283,.T.);
#5893 = ORIENTED_EDGE('',*,*,#5406,.T.);
#5894 = ORIENTED_EDGE('',*,*,#4792,.F.);
#5895 = ORIENTED_EDGE('',*,*,#4968,.F.);
#5896 = PLANE('',#5897);
#5897 = AXIS2_PLACEMENT_3D('',#5898,#5899,#5900);
#5898 = CARTESIAN_POINT('',(-2.25,-2.11,1.025));
#5899 = DIRECTION('',(-0.,0.,-1.));
#5900 = DIRECTION('',(1.,9.95799250103E-17,0.));
#5901 = ADVANCED_FACE('',(#5902),#5915,.F.);
#5902 = FACE_BOUND('',#5903,.F.);
#5903 = EDGE_LOOP('',(#5904,#5905,#5911,#5912,#5913,#5914));
#5904 = ORIENTED_EDGE('',*,*,#5506,.F.);
#5905 = ORIENTED_EDGE('',*,*,#5906,.T.);
#5906 = EDGE_CURVE('',#5498,#5721,#5907,.T.);
#5907 = LINE('',#5908,#5909);
#5908 = CARTESIAN_POINT('',(-2.25,-0.84,1.025));
#5909 = VECTOR('',#5910,1.);
#5910 = DIRECTION('',(-9.95799250103E-17,1.,0.));
#5911 = ORIENTED_EDGE('',*,*,#5729,.T.);
#5912 = ORIENTED_EDGE('',*,*,#5852,.T.);
#5913 = ORIENTED_EDGE('',*,*,#4808,.F.);
#5914 = ORIENTED_EDGE('',*,*,#5413,.F.);
#5915 = PLANE('',#5916);
#5916 = AXIS2_PLACEMENT_3D('',#5917,#5918,#5919);
#5917 = CARTESIAN_POINT('',(-2.25,-0.84,1.025));
#5918 = DIRECTION('',(-0.,0.,-1.));
#5919 = DIRECTION('',(1.,9.95799250103E-17,0.));
#5920 = ADVANCED_FACE('',(#5921),#5934,.F.);
#5921 = FACE_BOUND('',#5922,.F.);
#5922 = EDGE_LOOP('',(#5923,#5924,#5930,#5931,#5932,#5933));
#5923 = ORIENTED_EDGE('',*,*,#5375,.F.);
#5924 = ORIENTED_EDGE('',*,*,#5925,.T.);
#5925 = EDGE_CURVE('',#5367,#5145,#5926,.T.);
#5926 = LINE('',#5927,#5928);
#5927 = CARTESIAN_POINT('',(-2.25,1.7,1.025));
#5928 = VECTOR('',#5929,1.);
#5929 = DIRECTION('',(-9.95799250103E-17,1.,0.));
#5930 = ORIENTED_EDGE('',*,*,#5153,.T.);
#5931 = ORIENTED_EDGE('',*,*,#5167,.T.);
#5932 = ORIENTED_EDGE('',*,*,#4840,.F.);
#5933 = ORIENTED_EDGE('',*,*,#5619,.F.);
#5934 = PLANE('',#5935);
#5935 = AXIS2_PLACEMENT_3D('',#5936,#5937,#5938);
#5936 = CARTESIAN_POINT('',(-2.25,1.7,1.025));
#5937 = DIRECTION('',(-0.,0.,-1.));
#5938 = DIRECTION('',(1.,9.95799250103E-17,0.));
#5939 = ADVANCED_FACE('',(#5940),#5953,.F.);
#5940 = FACE_BOUND('',#5941,.F.);
#5941 = EDGE_LOOP('',(#5942,#5943,#5949,#5950,#5951,#5952));
#5942 = ORIENTED_EDGE('',*,*,#5821,.F.);
#5943 = ORIENTED_EDGE('',*,*,#5944,.T.);
#5944 = EDGE_CURVE('',#5813,#5590,#5945,.T.);
#5945 = LINE('',#5946,#5947);
#5946 = CARTESIAN_POINT('',(-2.25,0.43,1.025));
#5947 = VECTOR('',#5948,1.);
#5948 = DIRECTION('',(-9.95799250103E-17,1.,0.));
#5949 = ORIENTED_EDGE('',*,*,#5598,.T.);
#5950 = ORIENTED_EDGE('',*,*,#5612,.T.);
#5951 = ORIENTED_EDGE('',*,*,#4824,.F.);
#5952 = ORIENTED_EDGE('',*,*,#5859,.F.);
#5953 = PLANE('',#5954);
#5954 = AXIS2_PLACEMENT_3D('',#5955,#5956,#5957);
#5955 = CARTESIAN_POINT('',(-2.25,0.43,1.025));
#5956 = DIRECTION('',(-0.,0.,-1.));
#5957 = DIRECTION('',(1.,9.95799250103E-17,0.));
#5958 = ADVANCED_FACE('',(#5959),#5962,.T.);
#5959 = FACE_BOUND('',#5960,.T.);
#5960 = EDGE_LOOP('',(#5961));
#5961 = ORIENTED_EDGE('',*,*,#4909,.T.);
#5962 = PLANE('',#5963);
#5963 = AXIS2_PLACEMENT_3D('',#5964,#5965,#5966);
#5964 = CARTESIAN_POINT('',(-1.110171280765,1.610171280765,1.7));
#5965 = DIRECTION('',(0.,0.,1.));
#5966 = DIRECTION('',(2.22044604925E-16,-1.,0.));
#5967 = ADVANCED_FACE('',(#5968),#5979,.T.);
#5968 = FACE_BOUND('',#5969,.T.);
#5969 = EDGE_LOOP('',(#5970,#5971,#5972,#5973));
#5970 = ORIENTED_EDGE('',*,*,#5052,.T.);
#5971 = ORIENTED_EDGE('',*,*,#5887,.T.);
#5972 = ORIENTED_EDGE('',*,*,#5274,.F.);
#5973 = ORIENTED_EDGE('',*,*,#5974,.F.);
#5974 = EDGE_CURVE('',#5045,#5267,#5975,.T.);
#5975 = LINE('',#5976,#5977);
#5976 = CARTESIAN_POINT('',(-2.55,-2.11,0.725));
#5977 = VECTOR('',#5978,1.);
#5978 = DIRECTION('',(-9.95799250103E-17,1.,0.));
#5979 = CYLINDRICAL_SURFACE('',#5980,0.3);
#5980 = AXIS2_PLACEMENT_3D('',#5981,#5982,#5983);
#5981 = CARTESIAN_POINT('',(-2.25,-2.11,0.725));
#5982 = DIRECTION('',(9.95799250103E-17,-1.,-0.));
#5983 = DIRECTION('',(-1.,-9.95799250103E-17,3.700743415417E-16));
#5984 = ADVANCED_FACE('',(#5985),#5996,.F.);
#5985 = FACE_BOUND('',#5986,.F.);
#5986 = EDGE_LOOP('',(#5987,#5993,#5994,#5995));
#5987 = ORIENTED_EDGE('',*,*,#5988,.T.);
#5988 = EDGE_CURVE('',#5036,#5258,#5989,.T.);
#5989 = LINE('',#5990,#5991);
#5990 = CARTESIAN_POINT('',(-2.55,-2.11,0.3));
#5991 = VECTOR('',#5992,1.);
#5992 = DIRECTION('',(-9.95799250103E-17,1.,0.));
#5993 = ORIENTED_EDGE('',*,*,#5266,.T.);
#5994 = ORIENTED_EDGE('',*,*,#5974,.F.);
#5995 = ORIENTED_EDGE('',*,*,#5044,.F.);
#5996 = PLANE('',#5997);
#5997 = AXIS2_PLACEMENT_3D('',#5998,#5999,#6000);
#5998 = CARTESIAN_POINT('',(-2.55,-2.11,0.3));
#5999 = DIRECTION('',(1.,9.95799250103E-17,0.));
#6000 = DIRECTION('',(0.,-0.,1.));
#6001 = ADVANCED_FACE('',(#6002),#6013,.F.);
#6002 = FACE_BOUND('',#6003,.F.);
#6003 = EDGE_LOOP('',(#6004,#6010,#6011,#6012));
#6004 = ORIENTED_EDGE('',*,*,#6005,.T.);
#6005 = EDGE_CURVE('',#5028,#5250,#6006,.T.);
#6006 = LINE('',#6007,#6008);
#6007 = CARTESIAN_POINT('',(-2.65,-2.11,0.2));
#6008 = VECTOR('',#6009,1.);
#6009 = DIRECTION('',(-9.95799250103E-17,1.,0.));
#6010 = ORIENTED_EDGE('',*,*,#5257,.T.);
#6011 = ORIENTED_EDGE('',*,*,#5988,.F.);
#6012 = ORIENTED_EDGE('',*,*,#5035,.F.);
#6013 = CYLINDRICAL_SURFACE('',#6014,0.1);
#6014 = AXIS2_PLACEMENT_3D('',#6015,#6016,#6017);
#6015 = CARTESIAN_POINT('',(-2.65,-2.11,0.3));
#6016 = DIRECTION('',(9.95799250103E-17,-1.,0.));
#6017 = DIRECTION('',(0.,-0.,-1.));
#6018 = ADVANCED_FACE('',(#6019),#6030,.F.);
#6019 = FACE_BOUND('',#6020,.F.);
#6020 = EDGE_LOOP('',(#6021,#6027,#6028,#6029));
#6021 = ORIENTED_EDGE('',*,*,#6022,.T.);
#6022 = EDGE_CURVE('',#5020,#5242,#6023,.T.);
#6023 = LINE('',#6024,#6025);
#6024 = CARTESIAN_POINT('',(-3.,-2.11,0.2));
#6025 = VECTOR('',#6026,1.);
#6026 = DIRECTION('',(-9.95799250103E-17,1.,0.));
#6027 = ORIENTED_EDGE('',*,*,#5249,.T.);
#6028 = ORIENTED_EDGE('',*,*,#6005,.F.);
#6029 = ORIENTED_EDGE('',*,*,#5027,.F.);
#6030 = PLANE('',#6031);
#6031 = AXIS2_PLACEMENT_3D('',#6032,#6033,#6034);
#6032 = CARTESIAN_POINT('',(-3.,-2.11,0.2));
#6033 = DIRECTION('',(-0.,0.,-1.));
#6034 = DIRECTION('',(1.,9.95799250103E-17,0.));
#6035 = ADVANCED_FACE('',(#6036),#6047,.F.);
#6036 = FACE_BOUND('',#6037,.F.);
#6037 = EDGE_LOOP('',(#6038,#6044,#6045,#6046));
#6038 = ORIENTED_EDGE('',*,*,#6039,.T.);
#6039 = EDGE_CURVE('',#5012,#5234,#6040,.T.);
#6040 = LINE('',#6041,#6042);
#6041 = CARTESIAN_POINT('',(-3.,-2.11,5.551115123126E-17));
#6042 = VECTOR('',#6043,1.);
#6043 = DIRECTION('',(-9.95799250103E-17,1.,0.));
#6044 = ORIENTED_EDGE('',*,*,#5241,.T.);
#6045 = ORIENTED_EDGE('',*,*,#6022,.F.);
#6046 = ORIENTED_EDGE('',*,*,#5019,.F.);
#6047 = PLANE('',#6048);
#6048 = AXIS2_PLACEMENT_3D('',#6049,#6050,#6051);
#6049 = CARTESIAN_POINT('',(-3.,-2.11,5.551115123126E-17));
#6050 = DIRECTION('',(1.,9.95799250103E-17,0.));
#6051 = DIRECTION('',(0.,-0.,1.));
#6052 = ADVANCED_FACE('',(#6053),#6064,.F.);
#6053 = FACE_BOUND('',#6054,.F.);
#6054 = EDGE_LOOP('',(#6055,#6061,#6062,#6063));
#6055 = ORIENTED_EDGE('',*,*,#6056,.T.);
#6056 = EDGE_CURVE('',#5003,#5225,#6057,.T.);
#6057 = LINE('',#6058,#6059);
#6058 = CARTESIAN_POINT('',(-2.65,-2.11,5.551115123126E-17));
#6059 = VECTOR('',#6060,1.);
#6060 = DIRECTION('',(-9.95799250103E-17,1.,0.));
#6061 = ORIENTED_EDGE('',*,*,#5233,.T.);
#6062 = ORIENTED_EDGE('',*,*,#6039,.F.);
#6063 = ORIENTED_EDGE('',*,*,#5011,.F.);
#6064 = PLANE('',#6065);
#6065 = AXIS2_PLACEMENT_3D('',#6066,#6067,#6068);
#6066 = CARTESIAN_POINT('',(-2.65,-2.11,5.551115123126E-17));
#6067 = DIRECTION('',(0.,0.,1.));
#6068 = DIRECTION('',(-1.,-9.95799250103E-17,0.));
#6069 = ADVANCED_FACE('',(#6070),#6081,.T.);
#6070 = FACE_BOUND('',#6071,.T.);
#6071 = EDGE_LOOP('',(#6072,#6073,#6074,#6075));
#6072 = ORIENTED_EDGE('',*,*,#5002,.T.);
#6073 = ORIENTED_EDGE('',*,*,#6056,.T.);
#6074 = ORIENTED_EDGE('',*,*,#5224,.F.);
#6075 = ORIENTED_EDGE('',*,*,#6076,.F.);
#6076 = EDGE_CURVE('',#4995,#5217,#6077,.T.);
#6077 = LINE('',#6078,#6079);
#6078 = CARTESIAN_POINT('',(-2.35,-2.11,0.3));
#6079 = VECTOR('',#6080,1.);
#6080 = DIRECTION('',(-9.95799250103E-17,1.,0.));
#6081 = CYLINDRICAL_SURFACE('',#6082,0.3);
#6082 = AXIS2_PLACEMENT_3D('',#6083,#6084,#6085);
#6083 = CARTESIAN_POINT('',(-2.65,-2.11,0.3));
#6084 = DIRECTION('',(9.95799250103E-17,-1.,-0.));
#6085 = DIRECTION('',(1.,9.95799250103E-17,3.515706244646E-15));
#6086 = ADVANCED_FACE('',(#6087),#6093,.F.);
#6087 = FACE_BOUND('',#6088,.F.);
#6088 = EDGE_LOOP('',(#6089,#6090,#6091,#6092));
#6089 = ORIENTED_EDGE('',*,*,#5198,.T.);
#6090 = ORIENTED_EDGE('',*,*,#5216,.T.);
#6091 = ORIENTED_EDGE('',*,*,#6076,.F.);
#6092 = ORIENTED_EDGE('',*,*,#4994,.F.);
#6093 = PLANE('',#6094);
#6094 = AXIS2_PLACEMENT_3D('',#6095,#6096,#6097);
#6095 = CARTESIAN_POINT('',(-2.35,-2.11,0.725));
#6096 = DIRECTION('',(-1.,-9.95799250103E-17,1.044915787883E-15));
#6097 = DIRECTION('',(-1.044915787883E-15,-1.040526357994E-31,-1.));
#6098 = ADVANCED_FACE('',(#6099),#6110,.T.);
#6099 = FACE_BOUND('',#6100,.T.);
#6100 = EDGE_LOOP('',(#6101,#6102,#6103,#6104));
#6101 = ORIENTED_EDGE('',*,*,#5366,.T.);
#6102 = ORIENTED_EDGE('',*,*,#5925,.T.);
#6103 = ORIENTED_EDGE('',*,*,#5144,.F.);
#6104 = ORIENTED_EDGE('',*,*,#6105,.F.);
#6105 = EDGE_CURVE('',#5359,#5137,#6106,.T.);
#6106 = LINE('',#6107,#6108);
#6107 = CARTESIAN_POINT('',(-2.55,1.7,0.725));
#6108 = VECTOR('',#6109,1.);
#6109 = DIRECTION('',(-9.95799250103E-17,1.,0.));
#6110 = CYLINDRICAL_SURFACE('',#6111,0.3);
#6111 = AXIS2_PLACEMENT_3D('',#6112,#6113,#6114);
#6112 = CARTESIAN_POINT('',(-2.25,1.7,0.725));
#6113 = DIRECTION('',(9.95799250103E-17,-1.,-0.));
#6114 = DIRECTION('',(-1.,-9.95799250103E-17,3.700743415417E-16));
#6115 = ADVANCED_FACE('',(#6116),#6127,.F.);
#6116 = FACE_BOUND('',#6117,.F.);
#6117 = EDGE_LOOP('',(#6118,#6124,#6125,#6126));
#6118 = ORIENTED_EDGE('',*,*,#6119,.T.);
#6119 = EDGE_CURVE('',#5350,#5128,#6120,.T.);
#6120 = LINE('',#6121,#6122);
#6121 = CARTESIAN_POINT('',(-2.55,1.7,0.3));
#6122 = VECTOR('',#6123,1.);
#6123 = DIRECTION('',(-9.95799250103E-17,1.,0.));
#6124 = ORIENTED_EDGE('',*,*,#5136,.T.);
#6125 = ORIENTED_EDGE('',*,*,#6105,.F.);
#6126 = ORIENTED_EDGE('',*,*,#5358,.F.);
#6127 = PLANE('',#6128);
#6128 = AXIS2_PLACEMENT_3D('',#6129,#6130,#6131);
#6129 = CARTESIAN_POINT('',(-2.55,1.7,0.3));
#6130 = DIRECTION('',(1.,9.95799250103E-17,0.));
#6131 = DIRECTION('',(0.,-0.,1.));
#6132 = ADVANCED_FACE('',(#6133),#6144,.F.);
#6133 = FACE_BOUND('',#6134,.F.);
#6134 = EDGE_LOOP('',(#6135,#6141,#6142,#6143));
#6135 = ORIENTED_EDGE('',*,*,#6136,.T.);
#6136 = EDGE_CURVE('',#5342,#5120,#6137,.T.);
#6137 = LINE('',#6138,#6139);
#6138 = CARTESIAN_POINT('',(-2.65,1.7,0.2));
#6139 = VECTOR('',#6140,1.);
#6140 = DIRECTION('',(-9.95799250103E-17,1.,0.));
#6141 = ORIENTED_EDGE('',*,*,#5127,.T.);
#6142 = ORIENTED_EDGE('',*,*,#6119,.F.);
#6143 = ORIENTED_EDGE('',*,*,#5349,.F.);
#6144 = CYLINDRICAL_SURFACE('',#6145,0.1);
#6145 = AXIS2_PLACEMENT_3D('',#6146,#6147,#6148);
#6146 = CARTESIAN_POINT('',(-2.65,1.7,0.3));
#6147 = DIRECTION('',(9.95799250103E-17,-1.,0.));
#6148 = DIRECTION('',(0.,-0.,-1.));
#6149 = ADVANCED_FACE('',(#6150),#6161,.F.);
#6150 = FACE_BOUND('',#6151,.F.);
#6151 = EDGE_LOOP('',(#6152,#6158,#6159,#6160));
#6152 = ORIENTED_EDGE('',*,*,#6153,.T.);
#6153 = EDGE_CURVE('',#5334,#5112,#6154,.T.);
#6154 = LINE('',#6155,#6156);
#6155 = CARTESIAN_POINT('',(-3.,1.7,0.2));
#6156 = VECTOR('',#6157,1.);
#6157 = DIRECTION('',(-9.95799250103E-17,1.,0.));
#6158 = ORIENTED_EDGE('',*,*,#5119,.T.);
#6159 = ORIENTED_EDGE('',*,*,#6136,.F.);
#6160 = ORIENTED_EDGE('',*,*,#5341,.F.);
#6161 = PLANE('',#6162);
#6162 = AXIS2_PLACEMENT_3D('',#6163,#6164,#6165);
#6163 = CARTESIAN_POINT('',(-3.,1.7,0.2));
#6164 = DIRECTION('',(-0.,0.,-1.));
#6165 = DIRECTION('',(1.,9.95799250103E-17,0.));
#6166 = ADVANCED_FACE('',(#6167),#6178,.F.);
#6167 = FACE_BOUND('',#6168,.F.);
#6168 = EDGE_LOOP('',(#6169,#6175,#6176,#6177));
#6169 = ORIENTED_EDGE('',*,*,#6170,.T.);
#6170 = EDGE_CURVE('',#5326,#5104,#6171,.T.);
#6171 = LINE('',#6172,#6173);
#6172 = CARTESIAN_POINT('',(-3.,1.7,5.551115123126E-17));
#6173 = VECTOR('',#6174,1.);
#6174 = DIRECTION('',(-9.95799250103E-17,1.,0.));
#6175 = ORIENTED_EDGE('',*,*,#5111,.T.);
#6176 = ORIENTED_EDGE('',*,*,#6153,.F.);
#6177 = ORIENTED_EDGE('',*,*,#5333,.F.);
#6178 = PLANE('',#6179);
#6179 = AXIS2_PLACEMENT_3D('',#6180,#6181,#6182);
#6180 = CARTESIAN_POINT('',(-3.,1.7,5.551115123126E-17));
#6181 = DIRECTION('',(1.,9.95799250103E-17,0.));
#6182 = DIRECTION('',(0.,-0.,1.));
#6183 = ADVANCED_FACE('',(#6184),#6195,.F.);
#6184 = FACE_BOUND('',#6185,.F.);
#6185 = EDGE_LOOP('',(#6186,#6192,#6193,#6194));
#6186 = ORIENTED_EDGE('',*,*,#6187,.T.);
#6187 = EDGE_CURVE('',#5317,#5095,#6188,.T.);
#6188 = LINE('',#6189,#6190);
#6189 = CARTESIAN_POINT('',(-2.65,1.7,5.551115123126E-17));
#6190 = VECTOR('',#6191,1.);
#6191 = DIRECTION('',(-9.95799250103E-17,1.,0.));
#6192 = ORIENTED_EDGE('',*,*,#5103,.T.);
#6193 = ORIENTED_EDGE('',*,*,#6170,.F.);
#6194 = ORIENTED_EDGE('',*,*,#5325,.F.);
#6195 = PLANE('',#6196);
#6196 = AXIS2_PLACEMENT_3D('',#6197,#6198,#6199);
#6197 = CARTESIAN_POINT('',(-2.65,1.7,5.551115123126E-17));
#6198 = DIRECTION('',(0.,0.,1.));
#6199 = DIRECTION('',(-1.,-9.95799250103E-17,0.));
#6200 = ADVANCED_FACE('',(#6201),#6212,.T.);
#6201 = FACE_BOUND('',#6202,.T.);
#6202 = EDGE_LOOP('',(#6203,#6204,#6205,#6206));
#6203 = ORIENTED_EDGE('',*,*,#5316,.T.);
#6204 = ORIENTED_EDGE('',*,*,#6187,.T.);
#6205 = ORIENTED_EDGE('',*,*,#5094,.F.);
#6206 = ORIENTED_EDGE('',*,*,#6207,.F.);
#6207 = EDGE_CURVE('',#5309,#5087,#6208,.T.);
#6208 = LINE('',#6209,#6210);
#6209 = CARTESIAN_POINT('',(-2.35,1.7,0.3));
#6210 = VECTOR('',#6211,1.);
#6211 = DIRECTION('',(-9.95799250103E-17,1.,0.));
#6212 = CYLINDRICAL_SURFACE('',#6213,0.3);
#6213 = AXIS2_PLACEMENT_3D('',#6214,#6215,#6216);
#6214 = CARTESIAN_POINT('',(-2.65,1.7,0.3));
#6215 = DIRECTION('',(9.95799250103E-17,-1.,-0.));
#6216 = DIRECTION('',(1.,9.95799250103E-17,3.515706244646E-15));
#6217 = ADVANCED_FACE('',(#6218),#6224,.F.);
#6218 = FACE_BOUND('',#6219,.F.);
#6219 = EDGE_LOOP('',(#6220,#6221,#6222,#6223));
#6220 = ORIENTED_EDGE('',*,*,#5391,.T.);
#6221 = ORIENTED_EDGE('',*,*,#5086,.T.);
#6222 = ORIENTED_EDGE('',*,*,#6207,.F.);
#6223 = ORIENTED_EDGE('',*,*,#5308,.F.);
#6224 = PLANE('',#6225);
#6225 = AXIS2_PLACEMENT_3D('',#6226,#6227,#6228);
#6226 = CARTESIAN_POINT('',(-2.35,1.7,0.725));
#6227 = DIRECTION('',(-1.,-9.95799250103E-17,1.044915787883E-15));
#6228 = DIRECTION('',(-1.044915787883E-15,-1.040526357994E-31,-1.));
#6229 = ADVANCED_FACE('',(#6230),#6241,.T.);
#6230 = FACE_BOUND('',#6231,.T.);
#6231 = EDGE_LOOP('',(#6232,#6233,#6234,#6235));
#6232 = ORIENTED_EDGE('',*,*,#5497,.T.);
#6233 = ORIENTED_EDGE('',*,*,#5906,.T.);
#6234 = ORIENTED_EDGE('',*,*,#5720,.F.);
#6235 = ORIENTED_EDGE('',*,*,#6236,.F.);
#6236 = EDGE_CURVE('',#5490,#5713,#6237,.T.);
#6237 = LINE('',#6238,#6239);
#6238 = CARTESIAN_POINT('',(-2.55,-0.84,0.725));
#6239 = VECTOR('',#6240,1.);
#6240 = DIRECTION('',(-9.95799250103E-17,1.,0.));
#6241 = CYLINDRICAL_SURFACE('',#6242,0.3);
#6242 = AXIS2_PLACEMENT_3D('',#6243,#6244,#6245);
#6243 = CARTESIAN_POINT('',(-2.25,-0.84,0.725));
#6244 = DIRECTION('',(9.95799250103E-17,-1.,-0.));
#6245 = DIRECTION('',(-1.,-9.95799250103E-17,3.700743415417E-16));
#6246 = ADVANCED_FACE('',(#6247),#6258,.F.);
#6247 = FACE_BOUND('',#6248,.F.);
#6248 = EDGE_LOOP('',(#6249,#6255,#6256,#6257));
#6249 = ORIENTED_EDGE('',*,*,#6250,.T.);
#6250 = EDGE_CURVE('',#5481,#5704,#6251,.T.);
#6251 = LINE('',#6252,#6253);
#6252 = CARTESIAN_POINT('',(-2.55,-0.84,0.3));
#6253 = VECTOR('',#6254,1.);
#6254 = DIRECTION('',(-9.95799250103E-17,1.,0.));
#6255 = ORIENTED_EDGE('',*,*,#5712,.T.);
#6256 = ORIENTED_EDGE('',*,*,#6236,.F.);
#6257 = ORIENTED_EDGE('',*,*,#5489,.F.);
#6258 = PLANE('',#6259);
#6259 = AXIS2_PLACEMENT_3D('',#6260,#6261,#6262);
#6260 = CARTESIAN_POINT('',(-2.55,-0.84,0.3));
#6261 = DIRECTION('',(1.,9.95799250103E-17,0.));
#6262 = DIRECTION('',(0.,-0.,1.));
#6263 = ADVANCED_FACE('',(#6264),#6275,.F.);
#6264 = FACE_BOUND('',#6265,.F.);
#6265 = EDGE_LOOP('',(#6266,#6272,#6273,#6274));
#6266 = ORIENTED_EDGE('',*,*,#6267,.T.);
#6267 = EDGE_CURVE('',#5473,#5696,#6268,.T.);
#6268 = LINE('',#6269,#6270);
#6269 = CARTESIAN_POINT('',(-2.65,-0.84,0.2));
#6270 = VECTOR('',#6271,1.);
#6271 = DIRECTION('',(-9.95799250103E-17,1.,0.));
#6272 = ORIENTED_EDGE('',*,*,#5703,.T.);
#6273 = ORIENTED_EDGE('',*,*,#6250,.F.);
#6274 = ORIENTED_EDGE('',*,*,#5480,.F.);
#6275 = CYLINDRICAL_SURFACE('',#6276,0.1);
#6276 = AXIS2_PLACEMENT_3D('',#6277,#6278,#6279);
#6277 = CARTESIAN_POINT('',(-2.65,-0.84,0.3));
#6278 = DIRECTION('',(9.95799250103E-17,-1.,0.));
#6279 = DIRECTION('',(0.,-0.,-1.));
#6280 = ADVANCED_FACE('',(#6281),#6292,.F.);
#6281 = FACE_BOUND('',#6282,.F.);
#6282 = EDGE_LOOP('',(#6283,#6289,#6290,#6291));
#6283 = ORIENTED_EDGE('',*,*,#6284,.T.);
#6284 = EDGE_CURVE('',#5465,#5688,#6285,.T.);
#6285 = LINE('',#6286,#6287);
#6286 = CARTESIAN_POINT('',(-3.,-0.84,0.2));
#6287 = VECTOR('',#6288,1.);
#6288 = DIRECTION('',(-9.95799250103E-17,1.,0.));
#6289 = ORIENTED_EDGE('',*,*,#5695,.T.);
#6290 = ORIENTED_EDGE('',*,*,#6267,.F.);
#6291 = ORIENTED_EDGE('',*,*,#5472,.F.);
#6292 = PLANE('',#6293);
#6293 = AXIS2_PLACEMENT_3D('',#6294,#6295,#6296);
#6294 = CARTESIAN_POINT('',(-3.,-0.84,0.2));
#6295 = DIRECTION('',(-0.,0.,-1.));
#6296 = DIRECTION('',(1.,9.95799250103E-17,0.));
#6297 = ADVANCED_FACE('',(#6298),#6309,.F.);
#6298 = FACE_BOUND('',#6299,.F.);
#6299 = EDGE_LOOP('',(#6300,#6306,#6307,#6308));
#6300 = ORIENTED_EDGE('',*,*,#6301,.T.);
#6301 = EDGE_CURVE('',#5457,#5680,#6302,.T.);
#6302 = LINE('',#6303,#6304);
#6303 = CARTESIAN_POINT('',(-3.,-0.84,5.551115123126E-17));
#6304 = VECTOR('',#6305,1.);
#6305 = DIRECTION('',(-9.95799250103E-17,1.,0.));
#6306 = ORIENTED_EDGE('',*,*,#5687,.T.);
#6307 = ORIENTED_EDGE('',*,*,#6284,.F.);
#6308 = ORIENTED_EDGE('',*,*,#5464,.F.);
#6309 = PLANE('',#6310);
#6310 = AXIS2_PLACEMENT_3D('',#6311,#6312,#6313);
#6311 = CARTESIAN_POINT('',(-3.,-0.84,5.551115123126E-17));
#6312 = DIRECTION('',(1.,9.95799250103E-17,0.));
#6313 = DIRECTION('',(0.,-0.,1.));
#6314 = ADVANCED_FACE('',(#6315),#6326,.F.);
#6315 = FACE_BOUND('',#6316,.F.);
#6316 = EDGE_LOOP('',(#6317,#6323,#6324,#6325));
#6317 = ORIENTED_EDGE('',*,*,#6318,.T.);
#6318 = EDGE_CURVE('',#5448,#5671,#6319,.T.);
#6319 = LINE('',#6320,#6321);
#6320 = CARTESIAN_POINT('',(-2.65,-0.84,5.551115123126E-17));
#6321 = VECTOR('',#6322,1.);
#6322 = DIRECTION('',(-9.95799250103E-17,1.,0.));
#6323 = ORIENTED_EDGE('',*,*,#5679,.T.);
#6324 = ORIENTED_EDGE('',*,*,#6301,.F.);
#6325 = ORIENTED_EDGE('',*,*,#5456,.F.);
#6326 = PLANE('',#6327);
#6327 = AXIS2_PLACEMENT_3D('',#6328,#6329,#6330);
#6328 = CARTESIAN_POINT('',(-2.65,-0.84,5.551115123126E-17));
#6329 = DIRECTION('',(0.,0.,1.));
#6330 = DIRECTION('',(-1.,-9.95799250103E-17,0.));
#6331 = ADVANCED_FACE('',(#6332),#6343,.T.);
#6332 = FACE_BOUND('',#6333,.T.);
#6333 = EDGE_LOOP('',(#6334,#6335,#6336,#6337));
#6334 = ORIENTED_EDGE('',*,*,#5447,.T.);
#6335 = ORIENTED_EDGE('',*,*,#6318,.T.);
#6336 = ORIENTED_EDGE('',*,*,#5670,.F.);
#6337 = ORIENTED_EDGE('',*,*,#6338,.F.);
#6338 = EDGE_CURVE('',#5440,#5663,#6339,.T.);
#6339 = LINE('',#6340,#6341);
#6340 = CARTESIAN_POINT('',(-2.35,-0.84,0.3));
#6341 = VECTOR('',#6342,1.);
#6342 = DIRECTION('',(-9.95799250103E-17,1.,0.));
#6343 = CYLINDRICAL_SURFACE('',#6344,0.3);
#6344 = AXIS2_PLACEMENT_3D('',#6345,#6346,#6347);
#6345 = CARTESIAN_POINT('',(-2.65,-0.84,0.3));
#6346 = DIRECTION('',(9.95799250103E-17,-1.,-0.));
#6347 = DIRECTION('',(1.,9.95799250103E-17,3.515706244646E-15));
#6348 = ADVANCED_FACE('',(#6349),#6355,.F.);
#6349 = FACE_BOUND('',#6350,.F.);
#6350 = EDGE_LOOP('',(#6351,#6352,#6353,#6354));
#6351 = ORIENTED_EDGE('',*,*,#5644,.T.);
#6352 = ORIENTED_EDGE('',*,*,#5662,.T.);
#6353 = ORIENTED_EDGE('',*,*,#6338,.F.);
#6354 = ORIENTED_EDGE('',*,*,#5439,.F.);
#6355 = PLANE('',#6356);
#6356 = AXIS2_PLACEMENT_3D('',#6357,#6358,#6359);
#6357 = CARTESIAN_POINT('',(-2.35,-0.84,0.725));
#6358 = DIRECTION('',(-1.,-9.95799250103E-17,1.044915787883E-15));
#6359 = DIRECTION('',(-1.044915787883E-15,-1.040526357994E-31,-1.));
#6360 = ADVANCED_FACE('',(#6361),#6372,.T.);
#6361 = FACE_BOUND('',#6362,.T.);
#6362 = EDGE_LOOP('',(#6363,#6364,#6365,#6366));
#6363 = ORIENTED_EDGE('',*,*,#5812,.T.);
#6364 = ORIENTED_EDGE('',*,*,#5944,.T.);
#6365 = ORIENTED_EDGE('',*,*,#5589,.F.);
#6366 = ORIENTED_EDGE('',*,*,#6367,.F.);
#6367 = EDGE_CURVE('',#5805,#5582,#6368,.T.);
#6368 = LINE('',#6369,#6370);
#6369 = CARTESIAN_POINT('',(-2.55,0.43,0.725));
#6370 = VECTOR('',#6371,1.);
#6371 = DIRECTION('',(-9.95799250103E-17,1.,0.));
#6372 = CYLINDRICAL_SURFACE('',#6373,0.3);
#6373 = AXIS2_PLACEMENT_3D('',#6374,#6375,#6376);
#6374 = CARTESIAN_POINT('',(-2.25,0.43,0.725));
#6375 = DIRECTION('',(9.95799250103E-17,-1.,-0.));
#6376 = DIRECTION('',(-1.,-9.95799250103E-17,3.700743415417E-16));
#6377 = ADVANCED_FACE('',(#6378),#6389,.F.);
#6378 = FACE_BOUND('',#6379,.F.);
#6379 = EDGE_LOOP('',(#6380,#6386,#6387,#6388));
#6380 = ORIENTED_EDGE('',*,*,#6381,.T.);
#6381 = EDGE_CURVE('',#5796,#5573,#6382,.T.);
#6382 = LINE('',#6383,#6384);
#6383 = CARTESIAN_POINT('',(-2.55,0.43,0.3));
#6384 = VECTOR('',#6385,1.);
#6385 = DIRECTION('',(-9.95799250103E-17,1.,0.));
#6386 = ORIENTED_EDGE('',*,*,#5581,.T.);
#6387 = ORIENTED_EDGE('',*,*,#6367,.F.);
#6388 = ORIENTED_EDGE('',*,*,#5804,.F.);
#6389 = PLANE('',#6390);
#6390 = AXIS2_PLACEMENT_3D('',#6391,#6392,#6393);
#6391 = CARTESIAN_POINT('',(-2.55,0.43,0.3));
#6392 = DIRECTION('',(1.,9.95799250103E-17,0.));
#6393 = DIRECTION('',(0.,-0.,1.));
#6394 = ADVANCED_FACE('',(#6395),#6406,.F.);
#6395 = FACE_BOUND('',#6396,.F.);
#6396 = EDGE_LOOP('',(#6397,#6403,#6404,#6405));
#6397 = ORIENTED_EDGE('',*,*,#6398,.T.);
#6398 = EDGE_CURVE('',#5788,#5565,#6399,.T.);
#6399 = LINE('',#6400,#6401);
#6400 = CARTESIAN_POINT('',(-2.65,0.43,0.2));
#6401 = VECTOR('',#6402,1.);
#6402 = DIRECTION('',(-9.95799250103E-17,1.,0.));
#6403 = ORIENTED_EDGE('',*,*,#5572,.T.);
#6404 = ORIENTED_EDGE('',*,*,#6381,.F.);
#6405 = ORIENTED_EDGE('',*,*,#5795,.F.);
#6406 = CYLINDRICAL_SURFACE('',#6407,0.1);
#6407 = AXIS2_PLACEMENT_3D('',#6408,#6409,#6410);
#6408 = CARTESIAN_POINT('',(-2.65,0.43,0.3));
#6409 = DIRECTION('',(9.95799250103E-17,-1.,0.));
#6410 = DIRECTION('',(0.,-0.,-1.));
#6411 = ADVANCED_FACE('',(#6412),#6423,.F.);
#6412 = FACE_BOUND('',#6413,.F.);
#6413 = EDGE_LOOP('',(#6414,#6420,#6421,#6422));
#6414 = ORIENTED_EDGE('',*,*,#6415,.T.);
#6415 = EDGE_CURVE('',#5780,#5557,#6416,.T.);
#6416 = LINE('',#6417,#6418);
#6417 = CARTESIAN_POINT('',(-3.,0.43,0.2));
#6418 = VECTOR('',#6419,1.);
#6419 = DIRECTION('',(-9.95799250103E-17,1.,0.));
#6420 = ORIENTED_EDGE('',*,*,#5564,.T.);
#6421 = ORIENTED_EDGE('',*,*,#6398,.F.);
#6422 = ORIENTED_EDGE('',*,*,#5787,.F.);
#6423 = PLANE('',#6424);
#6424 = AXIS2_PLACEMENT_3D('',#6425,#6426,#6427);
#6425 = CARTESIAN_POINT('',(-3.,0.43,0.2));
#6426 = DIRECTION('',(-0.,0.,-1.));
#6427 = DIRECTION('',(1.,9.95799250103E-17,0.));
#6428 = ADVANCED_FACE('',(#6429),#6440,.F.);
#6429 = FACE_BOUND('',#6430,.F.);
#6430 = EDGE_LOOP('',(#6431,#6437,#6438,#6439));
#6431 = ORIENTED_EDGE('',*,*,#6432,.T.);
#6432 = EDGE_CURVE('',#5772,#5549,#6433,.T.);
#6433 = LINE('',#6434,#6435);
#6434 = CARTESIAN_POINT('',(-3.,0.43,5.551115123126E-17));
#6435 = VECTOR('',#6436,1.);
#6436 = DIRECTION('',(-9.95799250103E-17,1.,0.));
#6437 = ORIENTED_EDGE('',*,*,#5556,.T.);
#6438 = ORIENTED_EDGE('',*,*,#6415,.F.);
#6439 = ORIENTED_EDGE('',*,*,#5779,.F.);
#6440 = PLANE('',#6441);
#6441 = AXIS2_PLACEMENT_3D('',#6442,#6443,#6444);
#6442 = CARTESIAN_POINT('',(-3.,0.43,5.551115123126E-17));
#6443 = DIRECTION('',(1.,9.95799250103E-17,0.));
#6444 = DIRECTION('',(0.,-0.,1.));
#6445 = ADVANCED_FACE('',(#6446),#6457,.F.);
#6446 = FACE_BOUND('',#6447,.F.);
#6447 = EDGE_LOOP('',(#6448,#6454,#6455,#6456));
#6448 = ORIENTED_EDGE('',*,*,#6449,.T.);
#6449 = EDGE_CURVE('',#5763,#5540,#6450,.T.);
#6450 = LINE('',#6451,#6452);
#6451 = CARTESIAN_POINT('',(-2.65,0.43,5.551115123126E-17));
#6452 = VECTOR('',#6453,1.);
#6453 = DIRECTION('',(-9.95799250103E-17,1.,0.));
#6454 = ORIENTED_EDGE('',*,*,#5548,.T.);
#6455 = ORIENTED_EDGE('',*,*,#6432,.F.);
#6456 = ORIENTED_EDGE('',*,*,#5771,.F.);
#6457 = PLANE('',#6458);
#6458 = AXIS2_PLACEMENT_3D('',#6459,#6460,#6461);
#6459 = CARTESIAN_POINT('',(-2.65,0.43,5.551115123126E-17));
#6460 = DIRECTION('',(0.,0.,1.));
#6461 = DIRECTION('',(-1.,-9.95799250103E-17,0.));
#6462 = ADVANCED_FACE('',(#6463),#6474,.T.);
#6463 = FACE_BOUND('',#6464,.T.);
#6464 = EDGE_LOOP('',(#6465,#6466,#6467,#6468));
#6465 = ORIENTED_EDGE('',*,*,#5762,.T.);
#6466 = ORIENTED_EDGE('',*,*,#6449,.T.);
#6467 = ORIENTED_EDGE('',*,*,#5539,.F.);
#6468 = ORIENTED_EDGE('',*,*,#6469,.F.);
#6469 = EDGE_CURVE('',#5755,#5532,#6470,.T.);
#6470 = LINE('',#6471,#6472);
#6471 = CARTESIAN_POINT('',(-2.35,0.43,0.3));
#6472 = VECTOR('',#6473,1.);
#6473 = DIRECTION('',(-9.95799250103E-17,1.,0.));
#6474 = CYLINDRICAL_SURFACE('',#6475,0.3);
#6475 = AXIS2_PLACEMENT_3D('',#6476,#6477,#6478);
#6476 = CARTESIAN_POINT('',(-2.65,0.43,0.3));
#6477 = DIRECTION('',(9.95799250103E-17,-1.,-0.));
#6478 = DIRECTION('',(1.,9.95799250103E-17,3.515706244646E-15));
#6479 = ADVANCED_FACE('',(#6480),#6486,.F.);
#6480 = FACE_BOUND('',#6481,.F.);
#6481 = EDGE_LOOP('',(#6482,#6483,#6484,#6485));
#6482 = ORIENTED_EDGE('',*,*,#5837,.T.);
#6483 = ORIENTED_EDGE('',*,*,#5531,.T.);
#6484 = ORIENTED_EDGE('',*,*,#6469,.F.);
#6485 = ORIENTED_EDGE('',*,*,#5754,.F.);
#6486 = PLANE('',#6487);
#6487 = AXIS2_PLACEMENT_3D('',#6488,#6489,#6490);
#6488 = CARTESIAN_POINT('',(-2.35,0.43,0.725));
#6489 = DIRECTION('',(-1.,-9.95799250103E-17,1.044915787883E-15));
#6490 = DIRECTION('',(-1.044915787883E-15,-1.040526357994E-31,-1.));
#6491 = ( GEOMETRIC_REPRESENTATION_CONTEXT(3) 
GLOBAL_UNCERTAINTY_ASSIGNED_CONTEXT((#6495)) 
GLOBAL_UNIT_ASSIGNED_CONTEXT((#6492,#6493,#6494)) REPRESENTATION_CONTEXT
('Context #1','3D Context with UNIT and UNCERTAINTY') );
#6492 = ( LENGTH_UNIT() NAMED_UNIT(*) SI_UNIT(.MILLI.,.METRE.) );
#6493 = ( NAMED_UNIT(*) PLANE_ANGLE_UNIT() SI_UNIT($,.RADIAN.) );
#6494 = ( NAMED_UNIT(*) SI_UNIT($,.STERADIAN.) SOLID_ANGLE_UNIT() );
#6495 = UNCERTAINTY_MEASURE_WITH_UNIT(LENGTH_MEASURE(2.E-06),#6492,
  'distance_accuracy_value','confusion accuracy');
#6496 = CONTEXT_DEPENDENT_SHAPE_REPRESENTATION(#6497,#6499);
#6497 = ( REPRESENTATION_RELATIONSHIP('','',#1883,#1860) 
REPRESENTATION_RELATIONSHIP_WITH_TRANSFORMATION(#6498) 
SHAPE_REPRESENTATION_RELATIONSHIP() );
#6498 = ITEM_DEFINED_TRANSFORMATION('','',#11,#1861);
#6499 = PRODUCT_DEFINITION_SHAPE('Placement','Placement of an item',
  #6500);
#6500 = NEXT_ASSEMBLY_USAGE_OCCURRENCE('9','=>[0:1:1:7]','',#1855,#1878,
  $);
#6501 = PRODUCT_RELATED_PRODUCT_CATEGORY('part',$,(#1880));
#6502 = SHAPE_DEFINITION_REPRESENTATION(#6503,#6509);
#6503 = PRODUCT_DEFINITION_SHAPE('','',#6504);
#6504 = PRODUCT_DEFINITION('design','',#6505,#6508);
#6505 = PRODUCT_DEFINITION_FORMATION('','',#6506);
#6506 = PRODUCT('B6252HB-NPP3G-50','B6252HB-NPP3G-50','',(#6507));
#6507 = PRODUCT_CONTEXT('',#2,'mechanical');
#6508 = PRODUCT_DEFINITION_CONTEXT('part definition',#2,'design');
#6509 = SHAPE_REPRESENTATION('',(#11,#6510),#6514);
#6510 = AXIS2_PLACEMENT_3D('',#6511,#6512,#6513);
#6511 = CARTESIAN_POINT('',(0.,0.,0.));
#6512 = DIRECTION('',(0.,0.,1.));
#6513 = DIRECTION('',(1.,0.,-0.));
#6514 = ( GEOMETRIC_REPRESENTATION_CONTEXT(3) 
GLOBAL_UNCERTAINTY_ASSIGNED_CONTEXT((#6518)) 
GLOBAL_UNIT_ASSIGNED_CONTEXT((#6515,#6516,#6517)) REPRESENTATION_CONTEXT
('Context #1','3D Context with UNIT and UNCERTAINTY') );
#6515 = ( LENGTH_UNIT() NAMED_UNIT(*) SI_UNIT(.MILLI.,.METRE.) );
#6516 = ( NAMED_UNIT(*) PLANE_ANGLE_UNIT() SI_UNIT($,.RADIAN.) );
#6517 = ( NAMED_UNIT(*) SI_UNIT($,.STERADIAN.) SOLID_ANGLE_UNIT() );
#6518 = UNCERTAINTY_MEASURE_WITH_UNIT(LENGTH_MEASURE(2.E-05),#6515,
  'distance_accuracy_value','confusion accuracy');
#6519 = CONTEXT_DEPENDENT_SHAPE_REPRESENTATION(#6520,#6522);
#6520 = ( REPRESENTATION_RELATIONSHIP('','',#6509,#10) 
REPRESENTATION_RELATIONSHIP_WITH_TRANSFORMATION(#6521) 
SHAPE_REPRESENTATION_RELATIONSHIP() );
#6521 = ITEM_DEFINED_TRANSFORMATION('','',#11,#43);
#6522 = PRODUCT_DEFINITION_SHAPE('Placement','Placement of an item',
  #6523);
#6523 = NEXT_ASSEMBLY_USAGE_OCCURRENCE('12','J2','',#5,#6504,$);
#6524 = PRODUCT_RELATED_PRODUCT_CATEGORY('part',$,(#6506));
#6525 = SHAPE_DEFINITION_REPRESENTATION(#6526,#6532);
#6526 = PRODUCT_DEFINITION_SHAPE('','',#6527);
#6527 = PRODUCT_DEFINITION('design','',#6528,#6531);
#6528 = PRODUCT_DEFINITION_FORMATION('','',#6529);
#6529 = PRODUCT('B6252HB-NPP3G-50','B6252HB-NPP3G-50','',(#6530));
#6530 = PRODUCT_CONTEXT('',#2,'mechanical');
#6531 = PRODUCT_DEFINITION_CONTEXT('part definition',#2,'design');
#6532 = SHAPE_REPRESENTATION('',(#11,#6533,#6747,#9964),#10178);
#6533 = MANIFOLD_SOLID_BREP('',#6534);
#6534 = CLOSED_SHELL('',(#6535,#6577,#6623,#6655,#6679,#6689,#6719,#6737
    ));
#6535 = ADVANCED_FACE('',(#6536),#6572,.T.);
#6536 = FACE_BOUND('',#6537,.T.);
#6537 = EDGE_LOOP('',(#6538,#6549,#6557,#6566));
#6538 = ORIENTED_EDGE('',*,*,#6539,.T.);
#6539 = EDGE_CURVE('',#6540,#6542,#6544,.T.);
#6540 = VERTEX_POINT('',#6541);
#6541 = CARTESIAN_POINT('',(0.,9.E-02,0.775));
#6542 = VERTEX_POINT('',#6543);
#6543 = CARTESIAN_POINT('',(4.592425496803E-17,9.E-02,1.525));
#6544 = CIRCLE('',#6545,0.375);
#6545 = AXIS2_PLACEMENT_3D('',#6546,#6547,#6548);
#6546 = CARTESIAN_POINT('',(0.,9.E-02,1.15));
#6547 = DIRECTION('',(0.,-1.,-1.750772221339E-16));
#6548 = DIRECTION('',(0.,1.750772221339E-16,-1.));
#6549 = ORIENTED_EDGE('',*,*,#6550,.T.);
#6550 = EDGE_CURVE('',#6542,#6551,#6553,.T.);
#6551 = VERTEX_POINT('',#6552);
#6552 = CARTESIAN_POINT('',(4.592425496803E-17,-11.8,1.525));
#6553 = LINE('',#6554,#6555);
#6554 = CARTESIAN_POINT('',(4.592425496803E-17,9.E-02,1.525));
#6555 = VECTOR('',#6556,1.);
#6556 = DIRECTION('',(0.,-1.,-1.750772221339E-16));
#6557 = ORIENTED_EDGE('',*,*,#6558,.T.);
#6558 = EDGE_CURVE('',#6551,#6559,#6561,.T.);
#6559 = VERTEX_POINT('',#6560);
#6560 = CARTESIAN_POINT('',(0.,-11.8,0.775));
#6561 = CIRCLE('',#6562,0.375);
#6562 = AXIS2_PLACEMENT_3D('',#6563,#6564,#6565);
#6563 = CARTESIAN_POINT('',(0.,-11.8,1.15));
#6564 = DIRECTION('',(0.,1.,1.750772221339E-16));
#6565 = DIRECTION('',(0.,1.750772221339E-16,-1.));
#6566 = ORIENTED_EDGE('',*,*,#6567,.F.);
#6567 = EDGE_CURVE('',#6540,#6559,#6568,.T.);
#6568 = LINE('',#6569,#6570);
#6569 = CARTESIAN_POINT('',(0.,9.E-02,0.775));
#6570 = VECTOR('',#6571,1.);
#6571 = DIRECTION('',(0.,-1.,-1.750772221339E-16));
#6572 = CYLINDRICAL_SURFACE('',#6573,0.375);
#6573 = AXIS2_PLACEMENT_3D('',#6574,#6575,#6576);
#6574 = CARTESIAN_POINT('',(0.,9.E-02,1.15));
#6575 = DIRECTION('',(0.,-1.,-1.750772221339E-16));
#6576 = DIRECTION('',(0.,1.750772221339E-16,-1.));
#6577 = ADVANCED_FACE('',(#6578),#6606,.T.);
#6578 = FACE_BOUND('',#6579,.T.);
#6579 = EDGE_LOOP('',(#6580,#6591,#6598,#6599));
#6580 = ORIENTED_EDGE('',*,*,#6581,.T.);
#6581 = EDGE_CURVE('',#6582,#6584,#6586,.T.);
#6582 = VERTEX_POINT('',#6583);
#6583 = CARTESIAN_POINT('',(0.,1.215,1.9));
#6584 = VERTEX_POINT('',#6585);
#6585 = CARTESIAN_POINT('',(4.592425496803E-17,0.465,1.9));
#6586 = CIRCLE('',#6587,0.375);
#6587 = AXIS2_PLACEMENT_3D('',#6588,#6589,#6590);
#6588 = CARTESIAN_POINT('',(0.,0.84,1.9));
#6589 = DIRECTION('',(0.,6.123233995737E-17,-1.));
#6590 = DIRECTION('',(0.,1.,6.123233995737E-17));
#6591 = ORIENTED_EDGE('',*,*,#6592,.T.);
#6592 = EDGE_CURVE('',#6584,#6542,#6593,.T.);
#6593 = CIRCLE('',#6594,0.375);
#6594 = AXIS2_PLACEMENT_3D('',#6595,#6596,#6597);
#6595 = CARTESIAN_POINT('',(4.592425496803E-17,9.E-02,1.9));
#6596 = DIRECTION('',(-1.,0.,0.));
#6597 = DIRECTION('',(0.,0.,1.));
#6598 = ORIENTED_EDGE('',*,*,#6539,.F.);
#6599 = ORIENTED_EDGE('',*,*,#6600,.F.);
#6600 = EDGE_CURVE('',#6582,#6540,#6601,.T.);
#6601 = CIRCLE('',#6602,1.125);
#6602 = AXIS2_PLACEMENT_3D('',#6603,#6604,#6605);
#6603 = CARTESIAN_POINT('',(0.,9.E-02,1.9));
#6604 = DIRECTION('',(-1.,0.,0.));
#6605 = DIRECTION('',(0.,0.,1.));
#6606 = ( BOUNDED_SURFACE() B_SPLINE_SURFACE(3,3,(
    (#6607,#6608,#6609,#6610)
    ,(#6611,#6612,#6613,#6614)
    ,(#6615,#6616,#6617,#6618)
    ,(#6619,#6620,#6621,#6622
)),.UNSPECIFIED.,.F.,.F.,.F.) B_SPLINE_SURFACE_WITH_KNOTS((4,4),(4,4),(
    0.,1.),(0.,1.),.PIECEWISE_BEZIER_KNOTS.) 
GEOMETRIC_REPRESENTATION_ITEM() RATIONAL_B_SPLINE_SURFACE((
    (1.,0.804737854124,0.804737854124,1.)
    ,(0.333333333333,0.268245951375,0.268245951375,0.333333333333)
    ,(0.333333333333,0.268245951375,0.268245951375,0.333333333333)
,(1.,0.804737854124,0.804737854124,1.
))) REPRESENTATION_ITEM('') SURFACE() );
#6607 = CARTESIAN_POINT('',(0.,1.215,1.9));
#6608 = CARTESIAN_POINT('',(0.,1.215,1.24099025767));
#6609 = CARTESIAN_POINT('',(0.,0.74900974233,0.775));
#6610 = CARTESIAN_POINT('',(0.,9.E-02,0.775));
#6611 = CARTESIAN_POINT('',(0.75,1.215,1.9));
#6612 = CARTESIAN_POINT('',(0.75,1.215,1.24099025767));
#6613 = CARTESIAN_POINT('',(0.75,0.74900974233,0.775));
#6614 = CARTESIAN_POINT('',(0.75,9.E-02,0.775));
#6615 = CARTESIAN_POINT('',(0.75,0.465,1.9));
#6616 = CARTESIAN_POINT('',(0.75,0.465,1.68033008589));
#6617 = CARTESIAN_POINT('',(0.75,0.30966991411,1.525));
#6618 = CARTESIAN_POINT('',(0.75,9.E-02,1.525));
#6619 = CARTESIAN_POINT('',(4.592425496803E-17,0.465,1.9));
#6620 = CARTESIAN_POINT('',(4.592425496803E-17,0.465,1.68033008589));
#6621 = CARTESIAN_POINT('',(4.592425496803E-17,0.30966991411,1.525));
#6622 = CARTESIAN_POINT('',(4.592425496803E-17,9.E-02,1.525));
#6623 = ADVANCED_FACE('',(#6624),#6650,.T.);
#6624 = FACE_BOUND('',#6625,.T.);
#6625 = EDGE_LOOP('',(#6626,#6637,#6643,#6644));
#6626 = ORIENTED_EDGE('',*,*,#6627,.T.);
#6627 = EDGE_CURVE('',#6628,#6630,#6632,.T.);
#6628 = VERTEX_POINT('',#6629);
#6629 = CARTESIAN_POINT('',(0.,1.215,4.3));
#6630 = VERTEX_POINT('',#6631);
#6631 = CARTESIAN_POINT('',(4.592425496803E-17,0.465,4.3));
#6632 = CIRCLE('',#6633,0.375);
#6633 = AXIS2_PLACEMENT_3D('',#6634,#6635,#6636);
#6634 = CARTESIAN_POINT('',(0.,0.84,4.3));
#6635 = DIRECTION('',(0.,3.469446951954E-16,-1.));
#6636 = DIRECTION('',(0.,1.,3.469446951954E-16));
#6637 = ORIENTED_EDGE('',*,*,#6638,.T.);
#6638 = EDGE_CURVE('',#6630,#6584,#6639,.T.);
#6639 = LINE('',#6640,#6641);
#6640 = CARTESIAN_POINT('',(4.592425496803E-17,0.465,4.3));
#6641 = VECTOR('',#6642,1.);
#6642 = DIRECTION('',(0.,3.469446951954E-16,-1.));
#6643 = ORIENTED_EDGE('',*,*,#6581,.F.);
#6644 = ORIENTED_EDGE('',*,*,#6645,.F.);
#6645 = EDGE_CURVE('',#6628,#6582,#6646,.T.);
#6646 = LINE('',#6647,#6648);
#6647 = CARTESIAN_POINT('',(0.,1.215,4.3));
#6648 = VECTOR('',#6649,1.);
#6649 = DIRECTION('',(0.,3.469446951954E-16,-1.));
#6650 = CYLINDRICAL_SURFACE('',#6651,0.375);
#6651 = AXIS2_PLACEMENT_3D('',#6652,#6653,#6654);
#6652 = CARTESIAN_POINT('',(0.,0.84,4.3));
#6653 = DIRECTION('',(0.,3.469446951954E-16,-1.));
#6654 = DIRECTION('',(0.,1.,3.469446951954E-16));
#6655 = ADVANCED_FACE('',(#6656),#6674,.T.);
#6656 = FACE_BOUND('',#6657,.T.);
#6657 = EDGE_LOOP('',(#6658,#6659,#6666,#6667));
#6658 = ORIENTED_EDGE('',*,*,#6550,.F.);
#6659 = ORIENTED_EDGE('',*,*,#6660,.T.);
#6660 = EDGE_CURVE('',#6542,#6540,#6661,.T.);
#6661 = CIRCLE('',#6662,0.375);
#6662 = AXIS2_PLACEMENT_3D('',#6663,#6664,#6665);
#6663 = CARTESIAN_POINT('',(0.,9.E-02,1.15));
#6664 = DIRECTION('',(0.,-1.,-1.750772221339E-16));
#6665 = DIRECTION('',(0.,1.750772221339E-16,-1.));
#6666 = ORIENTED_EDGE('',*,*,#6567,.T.);
#6667 = ORIENTED_EDGE('',*,*,#6668,.T.);
#6668 = EDGE_CURVE('',#6559,#6551,#6669,.T.);
#6669 = CIRCLE('',#6670,0.375);
#6670 = AXIS2_PLACEMENT_3D('',#6671,#6672,#6673);
#6671 = CARTESIAN_POINT('',(0.,-11.8,1.15));
#6672 = DIRECTION('',(0.,1.,1.750772221339E-16));
#6673 = DIRECTION('',(0.,1.750772221339E-16,-1.));
#6674 = CYLINDRICAL_SURFACE('',#6675,0.375);
#6675 = AXIS2_PLACEMENT_3D('',#6676,#6677,#6678);
#6676 = CARTESIAN_POINT('',(0.,9.E-02,1.15));
#6677 = DIRECTION('',(0.,-1.,-1.750772221339E-16));
#6678 = DIRECTION('',(0.,1.750772221339E-16,-1.));
#6679 = ADVANCED_FACE('',(#6680),#6684,.T.);
#6680 = FACE_BOUND('',#6681,.T.);
#6681 = EDGE_LOOP('',(#6682,#6683));
#6682 = ORIENTED_EDGE('',*,*,#6668,.F.);
#6683 = ORIENTED_EDGE('',*,*,#6558,.F.);
#6684 = PLANE('',#6685);
#6685 = AXIS2_PLACEMENT_3D('',#6686,#6687,#6688);
#6686 = CARTESIAN_POINT('',(0.,-11.8,1.15));
#6687 = DIRECTION('',(0.,-1.,-2.832769448824E-16));
#6688 = DIRECTION('',(0.,2.832769448824E-16,-1.));
#6689 = ADVANCED_FACE('',(#6690),#6702,.T.);
#6690 = FACE_BOUND('',#6691,.T.);
#6691 = EDGE_LOOP('',(#6692,#6693,#6700,#6701));
#6692 = ORIENTED_EDGE('',*,*,#6592,.F.);
#6693 = ORIENTED_EDGE('',*,*,#6694,.T.);
#6694 = EDGE_CURVE('',#6584,#6582,#6695,.T.);
#6695 = CIRCLE('',#6696,0.375);
#6696 = AXIS2_PLACEMENT_3D('',#6697,#6698,#6699);
#6697 = CARTESIAN_POINT('',(0.,0.84,1.9));
#6698 = DIRECTION('',(0.,6.123233995737E-17,-1.));
#6699 = DIRECTION('',(0.,1.,6.123233995737E-17));
#6700 = ORIENTED_EDGE('',*,*,#6600,.T.);
#6701 = ORIENTED_EDGE('',*,*,#6660,.F.);
#6702 = ( BOUNDED_SURFACE() B_SPLINE_SURFACE(3,3,(
    (#6703,#6704,#6705,#6706)
    ,(#6707,#6708,#6709,#6710)
    ,(#6711,#6712,#6713,#6714)
    ,(#6715,#6716,#6717,#6718
)),.UNSPECIFIED.,.F.,.F.,.F.) B_SPLINE_SURFACE_WITH_KNOTS((4,4),(4,4),(
    0.,1.),(0.,1.),.PIECEWISE_BEZIER_KNOTS.) 
GEOMETRIC_REPRESENTATION_ITEM() RATIONAL_B_SPLINE_SURFACE((
    (1.,0.804737854124,0.804737854124,1.)
    ,(0.333333333333,0.268245951375,0.268245951375,0.333333333333)
    ,(0.333333333333,0.268245951375,0.268245951375,0.333333333333)
,(1.,0.804737854124,0.804737854124,1.
))) REPRESENTATION_ITEM('') SURFACE() );
#6703 = CARTESIAN_POINT('',(4.592425496803E-17,0.465,1.9));
#6704 = CARTESIAN_POINT('',(4.592425496803E-17,0.465,1.68033008589));
#6705 = CARTESIAN_POINT('',(4.592425496803E-17,0.30966991411,1.525));
#6706 = CARTESIAN_POINT('',(4.592425496803E-17,9.E-02,1.525));
#6707 = CARTESIAN_POINT('',(-0.75,0.465,1.9));
#6708 = CARTESIAN_POINT('',(-0.75,0.465,1.68033008589));
#6709 = CARTESIAN_POINT('',(-0.75,0.30966991411,1.525));
#6710 = CARTESIAN_POINT('',(-0.75,9.E-02,1.525));
#6711 = CARTESIAN_POINT('',(-0.75,1.215,1.9));
#6712 = CARTESIAN_POINT('',(-0.75,1.215,1.24099025767));
#6713 = CARTESIAN_POINT('',(-0.75,0.74900974233,0.775));
#6714 = CARTESIAN_POINT('',(-0.75,9.E-02,0.775));
#6715 = CARTESIAN_POINT('',(0.,1.215,1.9));
#6716 = CARTESIAN_POINT('',(0.,1.215,1.24099025767));
#6717 = CARTESIAN_POINT('',(0.,0.74900974233,0.775));
#6718 = CARTESIAN_POINT('',(0.,9.E-02,0.775));
#6719 = ADVANCED_FACE('',(#6720),#6732,.T.);
#6720 = FACE_BOUND('',#6721,.T.);
#6721 = EDGE_LOOP('',(#6722,#6723,#6730,#6731));
#6722 = ORIENTED_EDGE('',*,*,#6638,.F.);
#6723 = ORIENTED_EDGE('',*,*,#6724,.T.);
#6724 = EDGE_CURVE('',#6630,#6628,#6725,.T.);
#6725 = CIRCLE('',#6726,0.375);
#6726 = AXIS2_PLACEMENT_3D('',#6727,#6728,#6729);
#6727 = CARTESIAN_POINT('',(0.,0.84,4.3));
#6728 = DIRECTION('',(0.,3.469446951954E-16,-1.));
#6729 = DIRECTION('',(0.,1.,3.469446951954E-16));
#6730 = ORIENTED_EDGE('',*,*,#6645,.T.);
#6731 = ORIENTED_EDGE('',*,*,#6694,.F.);
#6732 = CYLINDRICAL_SURFACE('',#6733,0.375);
#6733 = AXIS2_PLACEMENT_3D('',#6734,#6735,#6736);
#6734 = CARTESIAN_POINT('',(0.,0.84,4.3));
#6735 = DIRECTION('',(0.,3.469446951954E-16,-1.));
#6736 = DIRECTION('',(0.,1.,3.469446951954E-16));
#6737 = ADVANCED_FACE('',(#6738),#6742,.F.);
#6738 = FACE_BOUND('',#6739,.T.);
#6739 = EDGE_LOOP('',(#6740,#6741));
#6740 = ORIENTED_EDGE('',*,*,#6627,.F.);
#6741 = ORIENTED_EDGE('',*,*,#6724,.F.);
#6742 = PLANE('',#6743);
#6743 = AXIS2_PLACEMENT_3D('',#6744,#6745,#6746);
#6744 = CARTESIAN_POINT('',(0.,0.84,4.3));
#6745 = DIRECTION('',(0.,0.,-1.));
#6746 = DIRECTION('',(-1.,0.,-0.));
#6747 = MANIFOLD_SOLID_BREP('',#6748);
#6748 = CLOSED_SHELL('',(#6749,#6805,#6891,#6947,#7029,#7071,#7104,#7146
    ,#7204,#7248,#7292,#7334,#7424,#7456,#7512,#7554,#7596,#7634,#7666,
    #7704,#7736,#7940,#7971,#8044,#8068,#8134,#8165,#8238,#8262,#8328,
    #8368,#8424,#8485,#8541,#8574,#8591,#8608,#8625,#8642,#8659,#8676,
    #8688,#8705,#8722,#8739,#8756,#8773,#8790,#8802,#8827,#8851,#8964,
    #9015,#9039,#9064,#9081,#9093,#9117,#9135,#9159,#9171,#9188,#9205,
    #9223,#9241,#9257,#9275,#9287,#9299,#9319,#9339,#9356,#9373,#9391,
    #9433,#9450,#9467,#9487,#9507,#9525,#9543,#9560,#9572,#9590,#9608,
    #9618,#9628,#9638,#9658,#9670,#9700,#9750,#9780,#9798,#9818,#9830,
    #9860,#9906,#9936,#9954));
#6749 = ADVANCED_FACE('',(#6750),#6788,.T.);
#6750 = FACE_BOUND('',#6751,.T.);
#6751 = EDGE_LOOP('',(#6752,#6763,#6772,#6781));
#6752 = ORIENTED_EDGE('',*,*,#6753,.T.);
#6753 = EDGE_CURVE('',#6754,#6756,#6758,.T.);
#6754 = VERTEX_POINT('',#6755);
#6755 = CARTESIAN_POINT('',(2.15,0.76,31.1));
#6756 = VERTEX_POINT('',#6757);
#6757 = CARTESIAN_POINT('',(-2.15,0.76,31.1));
#6758 = ( BOUNDED_CURVE() B_SPLINE_CURVE(3,(#6759,#6760,#6761,#6762),
.UNSPECIFIED.,.F.,.F.) B_SPLINE_CURVE_WITH_KNOTS((4,4),(0.,1.),
.PIECEWISE_BEZIER_KNOTS.) CURVE() GEOMETRIC_REPRESENTATION_ITEM() 
RATIONAL_B_SPLINE_CURVE((1.,0.333333333333,0.333333333333,1.)) 
REPRESENTATION_ITEM('') );
#6759 = CARTESIAN_POINT('',(2.15,0.76,31.1));
#6760 = CARTESIAN_POINT('',(2.15,-3.54,31.1));
#6761 = CARTESIAN_POINT('',(-2.15,-3.54,31.1));
#6762 = CARTESIAN_POINT('',(-2.15,0.76,31.1));
#6763 = ORIENTED_EDGE('',*,*,#6764,.T.);
#6764 = EDGE_CURVE('',#6756,#6765,#6767,.T.);
#6765 = VERTEX_POINT('',#6766);
#6766 = CARTESIAN_POINT('',(-2.25,0.76,31.));
#6767 = CIRCLE('',#6768,1.E-01);
#6768 = AXIS2_PLACEMENT_3D('',#6769,#6770,#6771);
#6769 = CARTESIAN_POINT('',(-2.15,0.76,31.));
#6770 = DIRECTION('',(-1.224646799147E-16,-1.,0.));
#6771 = DIRECTION('',(-1.,1.224646799147E-16,0.));
#6772 = ORIENTED_EDGE('',*,*,#6773,.F.);
#6773 = EDGE_CURVE('',#6774,#6765,#6776,.T.);
#6774 = VERTEX_POINT('',#6775);
#6775 = CARTESIAN_POINT('',(2.25,0.76,31.));
#6776 = CIRCLE('',#6777,2.25);
#6777 = AXIS2_PLACEMENT_3D('',#6778,#6779,#6780);
#6778 = CARTESIAN_POINT('',(0.,0.76,31.));
#6779 = DIRECTION('',(0.,0.,-1.));
#6780 = DIRECTION('',(1.,0.,0.));
#6781 = ORIENTED_EDGE('',*,*,#6782,.F.);
#6782 = EDGE_CURVE('',#6754,#6774,#6783,.T.);
#6783 = CIRCLE('',#6784,1.E-01);
#6784 = AXIS2_PLACEMENT_3D('',#6785,#6786,#6787);
#6785 = CARTESIAN_POINT('',(2.15,0.76,31.));
#6786 = DIRECTION('',(-0.,1.,0.));
#6787 = DIRECTION('',(1.,0.,0.));
#6788 = ( BOUNDED_SURFACE() B_SPLINE_SURFACE(3,3,(
    (#6789,#6790,#6791,#6792)
    ,(#6793,#6794,#6795,#6796)
    ,(#6797,#6798,#6799,#6800)
    ,(#6801,#6802,#6803,#6804
)),.UNSPECIFIED.,.F.,.F.,.F.) B_SPLINE_SURFACE_WITH_KNOTS((4,4),(4,4),(
    0.,1.),(0.,1.),.PIECEWISE_BEZIER_KNOTS.) 
GEOMETRIC_REPRESENTATION_ITEM() RATIONAL_B_SPLINE_SURFACE((
    (1.,0.333333333333,0.333333333333,1.)
    ,(0.804737854124,0.268245951375,0.268245951375,0.804737854124)
    ,(0.804737854124,0.268245951375,0.268245951375,0.804737854124)
,(1.,0.333333333333,0.333333333333,1.
))) REPRESENTATION_ITEM('') SURFACE() );
#6789 = CARTESIAN_POINT('',(-2.15,0.76,31.1));
#6790 = CARTESIAN_POINT('',(-2.15,-3.54,31.1));
#6791 = CARTESIAN_POINT('',(2.15,-3.54,31.1));
#6792 = CARTESIAN_POINT('',(2.15,0.76,31.1));
#6793 = CARTESIAN_POINT('',(-2.208578643763,0.76,31.1));
#6794 = CARTESIAN_POINT('',(-2.208578643763,-3.657157287525,31.1));
#6795 = CARTESIAN_POINT('',(2.208578643763,-3.657157287525,31.1));
#6796 = CARTESIAN_POINT('',(2.208578643763,0.76,31.1));
#6797 = CARTESIAN_POINT('',(-2.25,0.76,31.058578643763));
#6798 = CARTESIAN_POINT('',(-2.25,-3.74,31.058578643763));
#6799 = CARTESIAN_POINT('',(2.25,-3.74,31.058578643763));
#6800 = CARTESIAN_POINT('',(2.25,0.76,31.058578643763));
#6801 = CARTESIAN_POINT('',(-2.25,0.76,31.));
#6802 = CARTESIAN_POINT('',(-2.25,-3.74,31.));
#6803 = CARTESIAN_POINT('',(2.25,-3.74,31.));
#6804 = CARTESIAN_POINT('',(2.25,0.76,31.));
#6805 = ADVANCED_FACE('',(#6806),#6874,.T.);
#6806 = FACE_BOUND('',#6807,.T.);
#6807 = EDGE_LOOP('',(#6808,#6849,#6858,#6867));
#6808 = ORIENTED_EDGE('',*,*,#6809,.F.);
#6809 = EDGE_CURVE('',#6810,#6812,#6814,.T.);
#6810 = VERTEX_POINT('',#6811);
#6811 = CARTESIAN_POINT('',(0.95,0.76,31.1));
#6812 = VERTEX_POINT('',#6813);
#6813 = CARTESIAN_POINT('',(-0.95,0.76,31.1));
#6814 = B_SPLINE_CURVE_WITH_KNOTS('',3,(#6815,#6816,#6817,#6818,#6819,
    #6820,#6821,#6822,#6823,#6824,#6825,#6826,#6827,#6828,#6829,#6830,
    #6831,#6832,#6833,#6834,#6835,#6836,#6837,#6838,#6839,#6840,#6841,
    #6842,#6843,#6844,#6845,#6846,#6847,#6848),.UNSPECIFIED.,.F.,.F.,(4,
    1,1,2,2,2,1,1,2,2,2,1,1,2,2,2,1,1,2,2,4),(0.,6.25E-02,9.375E-02,
    0.109375,0.125,0.25,0.3125,0.34375,0.359375,0.375,0.5,0.5625,0.59375
    ,0.609375,0.625,0.75,0.8125,0.84375,0.859375,0.875,1.),
  .UNSPECIFIED.);
#6815 = CARTESIAN_POINT('',(0.95,0.76,31.1));
#6816 = CARTESIAN_POINT('',(0.95,0.699687168141,31.1));
#6817 = CARTESIAN_POINT('',(0.941662360751,0.610741297486,31.1));
#6818 = CARTESIAN_POINT('',(0.917344246275,0.50963702504,31.1));
#6819 = CARTESIAN_POINT('',(0.903795582496,0.466877888988,31.1));
#6820 = CARTESIAN_POINT('',(0.894068336706,0.438498746381,31.1));
#6821 = CARTESIAN_POINT('',(0.889309692965,0.425517156653,31.1));
#6822 = CARTESIAN_POINT('',(0.835212430365,0.288652980021,31.1));
#6823 = CARTESIAN_POINT('',(0.764200103875,0.180802082293,31.1));
#6824 = CARTESIAN_POINT('',(0.625527111253,4.197179566243E-02,31.1));
#6825 = CARTESIAN_POINT('',(0.550601179592,-1.917920648059E-02,31.1));
#6826 = CARTESIAN_POINT('',(0.453406080792,-7.605979526224E-02,31.1));
#6827 = CARTESIAN_POINT('',(0.409655000193,-9.733813751469E-02,31.1));
#6828 = CARTESIAN_POINT('',(0.380021826848,-0.110835020585,31.1));
#6829 = CARTESIAN_POINT('',(0.36368667854,-0.117748915889,31.1));
#6830 = CARTESIAN_POINT('',(0.237716338433,-0.16769864697,31.1));
#6831 = CARTESIAN_POINT('',(0.120455501071,-0.189932741104,31.1));
#6832 = CARTESIAN_POINT('',(-6.022775053575E-02,-0.190033629448,31.1));
#6833 = CARTESIAN_POINT('',(-0.149109810198,-0.181721212285,31.1));
#6834 = CARTESIAN_POINT('',(-0.250251305723,-0.157388384926,31.1));
#6835 = CARTESIAN_POINT('',(-0.293050323645,-0.143823957343,31.1));
#6836 = CARTESIAN_POINT('',(-0.321461371748,-0.134084100509,31.1));
#6837 = CARTESIAN_POINT('',(-0.334482843347,-0.129309692965,31.1));
#6838 = CARTESIAN_POINT('',(-0.471347019979,-7.521243036537E-02,31.1));
#6839 = CARTESIAN_POINT('',(-0.579197917707,-4.200103875287E-03,31.1));
#6840 = CARTESIAN_POINT('',(-0.718028204338,0.134472888747,31.1));
#6841 = CARTESIAN_POINT('',(-0.779179206481,0.209398820408,31.1));
#6842 = CARTESIAN_POINT('',(-0.836059795262,0.306593919208,31.1));
#6843 = CARTESIAN_POINT('',(-0.857338137515,0.350344999807,31.1));
#6844 = CARTESIAN_POINT('',(-0.870835020585,0.379978173152,31.1));
#6845 = CARTESIAN_POINT('',(-0.877740459843,0.3962919958,31.1));
#6846 = CARTESIAN_POINT('',(-0.927766295336,0.522454266845,31.1));
#6847 = CARTESIAN_POINT('',(-0.95,0.63901759154,31.1));
#6848 = CARTESIAN_POINT('',(-0.95,0.76,31.1));
#6849 = ORIENTED_EDGE('',*,*,#6850,.T.);
#6850 = EDGE_CURVE('',#6810,#6851,#6853,.T.);
#6851 = VERTEX_POINT('',#6852);
#6852 = CARTESIAN_POINT('',(0.85,0.76,31.));
#6853 = CIRCLE('',#6854,1.E-01);
#6854 = AXIS2_PLACEMENT_3D('',#6855,#6856,#6857);
#6855 = CARTESIAN_POINT('',(0.95,0.76,31.));
#6856 = DIRECTION('',(1.224646799147E-16,-1.,0.));
#6857 = DIRECTION('',(1.,1.224646799147E-16,0.));
#6858 = ORIENTED_EDGE('',*,*,#6859,.T.);
#6859 = EDGE_CURVE('',#6851,#6860,#6862,.T.);
#6860 = VERTEX_POINT('',#6861);
#6861 = CARTESIAN_POINT('',(-0.85,0.76,31.));
#6862 = CIRCLE('',#6863,0.85);
#6863 = AXIS2_PLACEMENT_3D('',#6864,#6865,#6866);
#6864 = CARTESIAN_POINT('',(0.,0.76,31.));
#6865 = DIRECTION('',(0.,0.,-1.));
#6866 = DIRECTION('',(-1.,0.,0.));
#6867 = ORIENTED_EDGE('',*,*,#6868,.F.);
#6868 = EDGE_CURVE('',#6812,#6860,#6869,.T.);
#6869 = CIRCLE('',#6870,1.E-01);
#6870 = AXIS2_PLACEMENT_3D('',#6871,#6872,#6873);
#6871 = CARTESIAN_POINT('',(-0.95,0.76,31.));
#6872 = DIRECTION('',(0.,1.,0.));
#6873 = DIRECTION('',(-1.,0.,0.));
#6874 = ( BOUNDED_SURFACE() B_SPLINE_SURFACE(3,3,(
    (#6875,#6876,#6877,#6878)
    ,(#6879,#6880,#6881,#6882)
    ,(#6883,#6884,#6885,#6886)
    ,(#6887,#6888,#6889,#6890
)),.UNSPECIFIED.,.F.,.F.,.F.) B_SPLINE_SURFACE_WITH_KNOTS((4,4),(4,4),(
    0.,1.),(0.,1.),.PIECEWISE_BEZIER_KNOTS.) 
GEOMETRIC_REPRESENTATION_ITEM() RATIONAL_B_SPLINE_SURFACE((
    (1.,0.333333333333,0.333333333333,1.)
    ,(0.804737854124,0.268245951375,0.268245951375,0.804737854124)
    ,(0.804737854124,0.268245951375,0.268245951375,0.804737854124)
,(1.,0.333333333333,0.333333333333,1.
))) REPRESENTATION_ITEM('') SURFACE() );
#6875 = CARTESIAN_POINT('',(0.95,0.76,31.1));
#6876 = CARTESIAN_POINT('',(0.95,-1.14,31.1));
#6877 = CARTESIAN_POINT('',(-0.95,-1.14,31.1));
#6878 = CARTESIAN_POINT('',(-0.95,0.76,31.1));
#6879 = CARTESIAN_POINT('',(0.891421356237,0.76,31.1));
#6880 = CARTESIAN_POINT('',(0.891421356237,-1.022842712475,31.1));
#6881 = CARTESIAN_POINT('',(-0.891421356237,-1.022842712475,31.1));
#6882 = CARTESIAN_POINT('',(-0.891421356237,0.76,31.1));
#6883 = CARTESIAN_POINT('',(0.85,0.76,31.058578643763));
#6884 = CARTESIAN_POINT('',(0.85,-0.94,31.058578643763));
#6885 = CARTESIAN_POINT('',(-0.85,-0.94,31.058578643763));
#6886 = CARTESIAN_POINT('',(-0.85,0.76,31.058578643763));
#6887 = CARTESIAN_POINT('',(0.85,0.76,31.));
#6888 = CARTESIAN_POINT('',(0.85,-0.94,31.));
#6889 = CARTESIAN_POINT('',(-0.85,-0.94,31.));
#6890 = CARTESIAN_POINT('',(-0.85,0.76,31.));
#6891 = ADVANCED_FACE('',(#6892),#6930,.T.);
#6892 = FACE_BOUND('',#6893,.T.);
#6893 = EDGE_LOOP('',(#6894,#6905,#6914,#6923));
#6894 = ORIENTED_EDGE('',*,*,#6895,.T.);
#6895 = EDGE_CURVE('',#6896,#6898,#6900,.T.);
#6896 = VERTEX_POINT('',#6897);
#6897 = CARTESIAN_POINT('',(0.7,0.76,31.1));
#6898 = VERTEX_POINT('',#6899);
#6899 = CARTESIAN_POINT('',(-0.7,0.76,31.1));
#6900 = ( BOUNDED_CURVE() B_SPLINE_CURVE(3,(#6901,#6902,#6903,#6904),
.UNSPECIFIED.,.F.,.F.) B_SPLINE_CURVE_WITH_KNOTS((4,4),(0.,1.),
.PIECEWISE_BEZIER_KNOTS.) CURVE() GEOMETRIC_REPRESENTATION_ITEM() 
RATIONAL_B_SPLINE_CURVE((1.,0.333333333333,0.333333333333,1.)) 
REPRESENTATION_ITEM('') );
#6901 = CARTESIAN_POINT('',(0.7,0.76,31.1));
#6902 = CARTESIAN_POINT('',(0.7,-0.64,31.1));
#6903 = CARTESIAN_POINT('',(-0.7,-0.64,31.1));
#6904 = CARTESIAN_POINT('',(-0.7,0.76,31.1));
#6905 = ORIENTED_EDGE('',*,*,#6906,.T.);
#6906 = EDGE_CURVE('',#6898,#6907,#6909,.T.);
#6907 = VERTEX_POINT('',#6908);
#6908 = CARTESIAN_POINT('',(-0.8,0.76,31.));
#6909 = CIRCLE('',#6910,0.1);
#6910 = AXIS2_PLACEMENT_3D('',#6911,#6912,#6913);
#6911 = CARTESIAN_POINT('',(-0.7,0.76,31.));
#6912 = DIRECTION('',(-1.224646799147E-16,-1.,0.));
#6913 = DIRECTION('',(-1.,1.224646799147E-16,0.));
#6914 = ORIENTED_EDGE('',*,*,#6915,.F.);
#6915 = EDGE_CURVE('',#6916,#6907,#6918,.T.);
#6916 = VERTEX_POINT('',#6917);
#6917 = CARTESIAN_POINT('',(0.8,0.76,31.));
#6918 = CIRCLE('',#6919,0.8);
#6919 = AXIS2_PLACEMENT_3D('',#6920,#6921,#6922);
#6920 = CARTESIAN_POINT('',(0.,0.76,31.));
#6921 = DIRECTION('',(0.,0.,-1.));
#6922 = DIRECTION('',(1.,0.,0.));
#6923 = ORIENTED_EDGE('',*,*,#6924,.F.);
#6924 = EDGE_CURVE('',#6896,#6916,#6925,.T.);
#6925 = CIRCLE('',#6926,0.1);
#6926 = AXIS2_PLACEMENT_3D('',#6927,#6928,#6929);
#6927 = CARTESIAN_POINT('',(0.7,0.76,31.));
#6928 = DIRECTION('',(-0.,1.,0.));
#6929 = DIRECTION('',(1.,0.,0.));
#6930 = ( BOUNDED_SURFACE() B_SPLINE_SURFACE(3,3,(
    (#6931,#6932,#6933,#6934)
    ,(#6935,#6936,#6937,#6938)
    ,(#6939,#6940,#6941,#6942)
    ,(#6943,#6944,#6945,#6946
)),.UNSPECIFIED.,.F.,.F.,.F.) B_SPLINE_SURFACE_WITH_KNOTS((4,4),(4,4),(
    0.,1.),(0.,1.),.PIECEWISE_BEZIER_KNOTS.) 
GEOMETRIC_REPRESENTATION_ITEM() RATIONAL_B_SPLINE_SURFACE((
    (1.,0.333333333333,0.333333333333,1.)
    ,(0.804737854124,0.268245951375,0.268245951375,0.804737854124)
    ,(0.804737854124,0.268245951375,0.268245951375,0.804737854124)
,(1.,0.333333333333,0.333333333333,1.
))) REPRESENTATION_ITEM('') SURFACE() );
#6931 = CARTESIAN_POINT('',(-0.7,0.76,31.1));
#6932 = CARTESIAN_POINT('',(-0.7,-0.64,31.1));
#6933 = CARTESIAN_POINT('',(0.7,-0.64,31.1));
#6934 = CARTESIAN_POINT('',(0.7,0.76,31.1));
#6935 = CARTESIAN_POINT('',(-0.758578643763,0.76,31.1));
#6936 = CARTESIAN_POINT('',(-0.758578643763,-0.757157287525,31.1));
#6937 = CARTESIAN_POINT('',(0.758578643763,-0.757157287525,31.1));
#6938 = CARTESIAN_POINT('',(0.758578643763,0.76,31.1));
#6939 = CARTESIAN_POINT('',(-0.8,0.76,31.058578643763));
#6940 = CARTESIAN_POINT('',(-0.8,-0.84,31.058578643763));
#6941 = CARTESIAN_POINT('',(0.8,-0.84,31.058578643763));
#6942 = CARTESIAN_POINT('',(0.8,0.76,31.058578643763));
#6943 = CARTESIAN_POINT('',(-0.8,0.76,31.));
#6944 = CARTESIAN_POINT('',(-0.8,-0.84,31.));
#6945 = CARTESIAN_POINT('',(0.8,-0.84,31.));
#6946 = CARTESIAN_POINT('',(0.8,0.76,31.));
#6947 = ADVANCED_FACE('',(#6948),#7012,.T.);
#6948 = FACE_BOUND('',#6949,.T.);
#6949 = EDGE_LOOP('',(#6950,#6987,#6996,#7005));
#6950 = ORIENTED_EDGE('',*,*,#6951,.F.);
#6951 = EDGE_CURVE('',#6952,#6954,#6956,.T.);
#6952 = VERTEX_POINT('',#6953);
#6953 = CARTESIAN_POINT('',(0.525,0.76,31.1));
#6954 = VERTEX_POINT('',#6955);
#6955 = CARTESIAN_POINT('',(-0.525,0.76,31.1));
#6956 = B_SPLINE_CURVE_WITH_KNOTS('',3,(#6957,#6958,#6959,#6960,#6961,
    #6962,#6963,#6964,#6965,#6966,#6967,#6968,#6969,#6970,#6971,#6972,
    #6973,#6974,#6975,#6976,#6977,#6978,#6979,#6980,#6981,#6982,#6983,
    #6984,#6985,#6986),.UNSPECIFIED.,.F.,.F.,(4,1,2,2,2,1,2,2,2,1,2,2,2,
    1,2,2,4),(0.,6.25E-02,9.375E-02,0.125,0.25,0.3125,0.34375,0.375,0.5,
    0.5625,0.59375,0.625,0.75,0.8125,0.84375,0.875,1.),.UNSPECIFIED.);
#6957 = CARTESIAN_POINT('',(0.525,0.76,31.1));
#6958 = CARTESIAN_POINT('',(0.525,0.726709265182,31.1));
#6959 = CARTESIAN_POINT('',(0.520392357257,0.677584998753,31.1));
#6960 = CARTESIAN_POINT('',(0.5088732504,0.629678486022,31.1));
#6961 = CARTESIAN_POINT('',(0.499657964915,0.598011422801,31.1));
#6962 = CARTESIAN_POINT('',(0.494760533616,0.583524462883,31.1));
#6963 = CARTESIAN_POINT('',(0.461652155823,0.499653535868,31.1));
#6964 = CARTESIAN_POINT('',(0.422186606111,0.439829120506,31.1));
#6965 = CARTESIAN_POINT('',(0.345753287129,0.363238849562,31.1));
#6966 = CARTESIAN_POINT('',(0.304397290183,0.329477807085,31.1));
#6967 = CARTESIAN_POINT('',(0.258332287055,0.302517904098,31.1));
#6968 = CARTESIAN_POINT('',(0.226575839151,0.286055999772,31.1));
#6969 = CARTESIAN_POINT('',(0.208680751817,0.277987710915,31.1));
#6970 = CARTESIAN_POINT('',(0.131525605332,0.247354866049,31.1));
#6971 = CARTESIAN_POINT('',(6.641145541333E-02,0.235067113782,31.1));
#6972 = CARTESIAN_POINT('',(-3.320572770666E-02,0.234966443109,31.1));
#6973 = CARTESIAN_POINT('',(-8.226623880166E-02,0.239548918183,31.1));
#6974 = CARTESIAN_POINT('',(-0.130204629199,0.251080608874,31.1));
#6975 = CARTESIAN_POINT('',(-0.161914195976,0.260312672806,31.1));
#6976 = CARTESIAN_POINT('',(-0.176475537117,0.265239466384,31.1));
#6977 = CARTESIAN_POINT('',(-0.260346464132,0.298347844177,31.1));
#6978 = CARTESIAN_POINT('',(-0.320170879494,0.337813393889,31.1));
#6979 = CARTESIAN_POINT('',(-0.396761150438,0.414246712871,31.1));
#6980 = CARTESIAN_POINT('',(-0.430522192915,0.455602709817,31.1));
#6981 = CARTESIAN_POINT('',(-0.457482095902,0.501667712945,31.1));
#6982 = CARTESIAN_POINT('',(-0.473944000228,0.533424160849,31.1));
#6983 = CARTESIAN_POINT('',(-0.481995334401,0.55127654431,31.1));
#6984 = CARTESIAN_POINT('',(-0.512712952686,0.628645210159,31.1));
#6985 = CARTESIAN_POINT('',(-0.525,0.693061784333,31.1));
#6986 = CARTESIAN_POINT('',(-0.525,0.76,31.1));
#6987 = ORIENTED_EDGE('',*,*,#6988,.T.);
#6988 = EDGE_CURVE('',#6952,#6989,#6991,.T.);
#6989 = VERTEX_POINT('',#6990);
#6990 = CARTESIAN_POINT('',(0.425,0.76,31.));
#6991 = CIRCLE('',#6992,0.1);
#6992 = AXIS2_PLACEMENT_3D('',#6993,#6994,#6995);
#6993 = CARTESIAN_POINT('',(0.525,0.76,31.));
#6994 = DIRECTION('',(1.224646799147E-16,-1.,0.));
#6995 = DIRECTION('',(1.,1.224646799147E-16,0.));
#6996 = ORIENTED_EDGE('',*,*,#6997,.T.);
#6997 = EDGE_CURVE('',#6989,#6998,#7000,.T.);
#6998 = VERTEX_POINT('',#6999);
#6999 = CARTESIAN_POINT('',(-0.425,0.76,31.));
#7000 = CIRCLE('',#7001,0.425);
#7001 = AXIS2_PLACEMENT_3D('',#7002,#7003,#7004);
#7002 = CARTESIAN_POINT('',(0.,0.76,31.));
#7003 = DIRECTION('',(0.,0.,-1.));
#7004 = DIRECTION('',(-1.,0.,0.));
#7005 = ORIENTED_EDGE('',*,*,#7006,.F.);
#7006 = EDGE_CURVE('',#6954,#6998,#7007,.T.);
#7007 = CIRCLE('',#7008,0.1);
#7008 = AXIS2_PLACEMENT_3D('',#7009,#7010,#7011);
#7009 = CARTESIAN_POINT('',(-0.525,0.76,31.));
#7010 = DIRECTION('',(0.,1.,0.));
#7011 = DIRECTION('',(-1.,0.,0.));
#7012 = ( BOUNDED_SURFACE() B_SPLINE_SURFACE(3,3,(
    (#7013,#7014,#7015,#7016)
    ,(#7017,#7018,#7019,#7020)
    ,(#7021,#7022,#7023,#7024)
    ,(#7025,#7026,#7027,#7028
)),.UNSPECIFIED.,.F.,.F.,.F.) B_SPLINE_SURFACE_WITH_KNOTS((4,4),(4,4),(
    0.,1.),(0.,1.),.PIECEWISE_BEZIER_KNOTS.) 
GEOMETRIC_REPRESENTATION_ITEM() RATIONAL_B_SPLINE_SURFACE((
    (1.,0.333333333333,0.333333333333,1.)
    ,(0.804737854124,0.268245951375,0.268245951375,0.804737854124)
    ,(0.804737854124,0.268245951375,0.268245951375,0.804737854124)
,(1.,0.333333333333,0.333333333333,1.
))) REPRESENTATION_ITEM('') SURFACE() );
#7013 = CARTESIAN_POINT('',(0.525,0.76,31.1));
#7014 = CARTESIAN_POINT('',(0.525,-0.29,31.1));
#7015 = CARTESIAN_POINT('',(-0.525,-0.29,31.1));
#7016 = CARTESIAN_POINT('',(-0.525,0.76,31.1));
#7017 = CARTESIAN_POINT('',(0.466421356237,0.76,31.1));
#7018 = CARTESIAN_POINT('',(0.466421356237,-0.172842712475,31.1));
#7019 = CARTESIAN_POINT('',(-0.466421356237,-0.172842712475,31.1));
#7020 = CARTESIAN_POINT('',(-0.466421356237,0.76,31.1));
#7021 = CARTESIAN_POINT('',(0.425,0.76,31.058578643763));
#7022 = CARTESIAN_POINT('',(0.425,-9.E-02,31.058578643763));
#7023 = CARTESIAN_POINT('',(-0.425,-9.E-02,31.058578643763));
#7024 = CARTESIAN_POINT('',(-0.425,0.76,31.058578643763));
#7025 = CARTESIAN_POINT('',(0.425,0.76,31.));
#7026 = CARTESIAN_POINT('',(0.425,-9.E-02,31.));
#7027 = CARTESIAN_POINT('',(-0.425,-9.E-02,31.));
#7028 = CARTESIAN_POINT('',(-0.425,0.76,31.));
#7029 = ADVANCED_FACE('',(#7030),#7066,.T.);
#7030 = FACE_BOUND('',#7031,.T.);
#7031 = EDGE_LOOP('',(#7032,#7043,#7051,#7060));
#7032 = ORIENTED_EDGE('',*,*,#7033,.F.);
#7033 = EDGE_CURVE('',#7034,#7036,#7038,.T.);
#7034 = VERTEX_POINT('',#7035);
#7035 = CARTESIAN_POINT('',(-6.35,0.76,14.1));
#7036 = VERTEX_POINT('',#7037);
#7037 = CARTESIAN_POINT('',(-3.572114219898,6.01,14.1));
#7038 = CIRCLE('',#7039,6.35);
#7039 = AXIS2_PLACEMENT_3D('',#7040,#7041,#7042);
#7040 = CARTESIAN_POINT('',(0.,0.76,14.1));
#7041 = DIRECTION('',(0.,-0.,-1.));
#7042 = DIRECTION('',(1.,1.775701195882E-15,-0.));
#7043 = ORIENTED_EDGE('',*,*,#7044,.T.);
#7044 = EDGE_CURVE('',#7034,#7045,#7047,.T.);
#7045 = VERTEX_POINT('',#7046);
#7046 = CARTESIAN_POINT('',(-6.34999999988,0.76,21.3));
#7047 = LINE('',#7048,#7049);
#7048 = CARTESIAN_POINT('',(-6.35,0.76,14.1));
#7049 = VECTOR('',#7050,1.);
#7050 = DIRECTION('',(0.,0.,1.));
#7051 = ORIENTED_EDGE('',*,*,#7052,.T.);
#7052 = EDGE_CURVE('',#7045,#7053,#7055,.T.);
#7053 = VERTEX_POINT('',#7054);
#7054 = CARTESIAN_POINT('',(-3.572114219873,6.01,21.299999999955));
#7055 = CIRCLE('',#7056,6.35);
#7056 = AXIS2_PLACEMENT_3D('',#7057,#7058,#7059);
#7057 = CARTESIAN_POINT('',(0.,0.76,21.3));
#7058 = DIRECTION('',(0.,0.,-1.));
#7059 = DIRECTION('',(1.,0.,0.));
#7060 = ORIENTED_EDGE('',*,*,#7061,.T.);
#7061 = EDGE_CURVE('',#7053,#7036,#7062,.T.);
#7062 = LINE('',#7063,#7064);
#7063 = CARTESIAN_POINT('',(-3.572114219898,6.01,22.7));
#7064 = VECTOR('',#7065,1.);
#7065 = DIRECTION('',(0.,-0.,-1.));
#7066 = CYLINDRICAL_SURFACE('',#7067,6.35);
#7067 = AXIS2_PLACEMENT_3D('',#7068,#7069,#7070);
#7068 = CARTESIAN_POINT('',(0.,0.76,14.1));
#7069 = DIRECTION('',(0.,0.,1.));
#7070 = DIRECTION('',(1.,0.,-0.));
#7071 = ADVANCED_FACE('',(#7072),#7099,.T.);
#7072 = FACE_BOUND('',#7073,.T.);
#7073 = EDGE_LOOP('',(#7074,#7075,#7084,#7092));
#7074 = ORIENTED_EDGE('',*,*,#7044,.F.);
#7075 = ORIENTED_EDGE('',*,*,#7076,.F.);
#7076 = EDGE_CURVE('',#7077,#7034,#7079,.T.);
#7077 = VERTEX_POINT('',#7078);
#7078 = CARTESIAN_POINT('',(6.35,0.76,14.1));
#7079 = CIRCLE('',#7080,6.35);
#7080 = AXIS2_PLACEMENT_3D('',#7081,#7082,#7083);
#7081 = CARTESIAN_POINT('',(0.,0.76,14.1));
#7082 = DIRECTION('',(0.,0.,-1.));
#7083 = DIRECTION('',(1.,0.,0.));
#7084 = ORIENTED_EDGE('',*,*,#7085,.T.);
#7085 = EDGE_CURVE('',#7077,#7086,#7088,.T.);
#7086 = VERTEX_POINT('',#7087);
#7087 = CARTESIAN_POINT('',(6.34999999988,0.76,21.3));
#7088 = LINE('',#7089,#7090);
#7089 = CARTESIAN_POINT('',(6.35,0.76,14.1));
#7090 = VECTOR('',#7091,1.);
#7091 = DIRECTION('',(0.,0.,1.));
#7092 = ORIENTED_EDGE('',*,*,#7093,.T.);
#7093 = EDGE_CURVE('',#7086,#7045,#7094,.T.);
#7094 = CIRCLE('',#7095,6.35);
#7095 = AXIS2_PLACEMENT_3D('',#7096,#7097,#7098);
#7096 = CARTESIAN_POINT('',(0.,0.76,21.3));
#7097 = DIRECTION('',(0.,0.,-1.));
#7098 = DIRECTION('',(1.,0.,0.));
#7099 = CYLINDRICAL_SURFACE('',#7100,6.35);
#7100 = AXIS2_PLACEMENT_3D('',#7101,#7102,#7103);
#7101 = CARTESIAN_POINT('',(0.,0.76,14.1));
#7102 = DIRECTION('',(0.,0.,1.));
#7103 = DIRECTION('',(1.,0.,-0.));
#7104 = ADVANCED_FACE('',(#7105),#7141,.F.);
#7105 = FACE_BOUND('',#7106,.F.);
#7106 = EDGE_LOOP('',(#7107,#7117,#7126,#7134));
#7107 = ORIENTED_EDGE('',*,*,#7108,.T.);
#7108 = EDGE_CURVE('',#7109,#7111,#7113,.T.);
#7109 = VERTEX_POINT('',#7110);
#7110 = CARTESIAN_POINT('',(3.35,0.84,2.6));
#7111 = VERTEX_POINT('',#7112);
#7112 = CARTESIAN_POINT('',(3.35,0.84,4.3));
#7113 = LINE('',#7114,#7115);
#7114 = CARTESIAN_POINT('',(3.35,0.84,2.6));
#7115 = VECTOR('',#7116,1.);
#7116 = DIRECTION('',(0.,0.,1.));
#7117 = ORIENTED_EDGE('',*,*,#7118,.T.);
#7118 = EDGE_CURVE('',#7111,#7119,#7121,.T.);
#7119 = VERTEX_POINT('',#7120);
#7120 = CARTESIAN_POINT('',(-3.35,0.84,4.3));
#7121 = CIRCLE('',#7122,3.35);
#7122 = AXIS2_PLACEMENT_3D('',#7123,#7124,#7125);
#7123 = CARTESIAN_POINT('',(0.,0.84,4.3));
#7124 = DIRECTION('',(0.,0.,-1.));
#7125 = DIRECTION('',(1.,0.,0.));
#7126 = ORIENTED_EDGE('',*,*,#7127,.F.);
#7127 = EDGE_CURVE('',#7128,#7119,#7130,.T.);
#7128 = VERTEX_POINT('',#7129);
#7129 = CARTESIAN_POINT('',(-3.35,0.84,2.6));
#7130 = LINE('',#7131,#7132);
#7131 = CARTESIAN_POINT('',(-3.35,0.84,2.6));
#7132 = VECTOR('',#7133,1.);
#7133 = DIRECTION('',(0.,0.,1.));
#7134 = ORIENTED_EDGE('',*,*,#7135,.T.);
#7135 = EDGE_CURVE('',#7128,#7109,#7136,.T.);
#7136 = CIRCLE('',#7137,3.35);
#7137 = AXIS2_PLACEMENT_3D('',#7138,#7139,#7140);
#7138 = CARTESIAN_POINT('',(0.,0.84,2.6));
#7139 = DIRECTION('',(0.,0.,1.));
#7140 = DIRECTION('',(1.,0.,-0.));
#7141 = CYLINDRICAL_SURFACE('',#7142,3.35);
#7142 = AXIS2_PLACEMENT_3D('',#7143,#7144,#7145);
#7143 = CARTESIAN_POINT('',(0.,0.84,2.6));
#7144 = DIRECTION('',(0.,0.,1.));
#7145 = DIRECTION('',(1.,0.,-0.));
#7146 = ADVANCED_FACE('',(#7147),#7199,.T.);
#7147 = FACE_BOUND('',#7148,.T.);
#7148 = EDGE_LOOP('',(#7149,#7160,#7166,#7175,#7192,#7193));
#7149 = ORIENTED_EDGE('',*,*,#7150,.T.);
#7150 = EDGE_CURVE('',#7151,#7153,#7155,.T.);
#7151 = VERTEX_POINT('',#7152);
#7152 = CARTESIAN_POINT('',(-4.949999999894,0.76,22.699999999986));
#7153 = VERTEX_POINT('',#7154);
#7154 = CARTESIAN_POINT('',(4.949999999894,0.76,22.699999999986));
#7155 = CIRCLE('',#7156,4.949999999894);
#7156 = AXIS2_PLACEMENT_3D('',#7157,#7158,#7159);
#7157 = CARTESIAN_POINT('',(0.,0.76,22.699999999986));
#7158 = DIRECTION('',(-0.,0.,-1.));
#7159 = DIRECTION('',(-1.,0.,0.));
#7160 = ORIENTED_EDGE('',*,*,#7161,.T.);
#7161 = EDGE_CURVE('',#7153,#7086,#7162,.T.);
#7162 = LINE('',#7163,#7164);
#7163 = CARTESIAN_POINT('',(6.349999999827,0.76,21.300000000053));
#7164 = VECTOR('',#7165,1.);
#7165 = DIRECTION('',(0.707106781187,8.659560562355E-17,-0.707106781187)
  );
#7166 = ORIENTED_EDGE('',*,*,#7167,.F.);
#7167 = EDGE_CURVE('',#7168,#7086,#7170,.T.);
#7168 = VERTEX_POINT('',#7169);
#7169 = CARTESIAN_POINT('',(3.572114219898,6.01,21.29999999994));
#7170 = CIRCLE('',#7171,6.35);
#7171 = AXIS2_PLACEMENT_3D('',#7172,#7173,#7174);
#7172 = CARTESIAN_POINT('',(0.,0.76,21.3));
#7173 = DIRECTION('',(0.,-0.,-1.));
#7174 = DIRECTION('',(1.,-1.775701195882E-15,0.));
#7175 = ORIENTED_EDGE('',*,*,#7176,.T.);
#7176 = EDGE_CURVE('',#7168,#7053,#7177,.T.);
#7177 = B_SPLINE_CURVE_WITH_KNOTS('',3,(#7178,#7179,#7180,#7181,#7182,
    #7183,#7184,#7185,#7186,#7187,#7188,#7189,#7190,#7191),
  .UNSPECIFIED.,.F.,.F.,(4,2,2,2,2,2,4),(3.407377394164E-14,
    1.880864454423E-03,2.821296681617E-03,3.761728908811E-03,
    4.702161136006E-03,5.6425933632E-03,7.523457817589E-03),
  .UNSPECIFIED.);
#7178 = CARTESIAN_POINT('',(3.572114219898,6.01,21.29999999994));
#7179 = CARTESIAN_POINT('',(3.021104768012,6.010000000026,21.60996357444
    ));
#7180 = CARTESIAN_POINT('',(2.454700138841,6.01,21.881759603607));
#7181 = CARTESIAN_POINT('',(1.56096792071,6.01,22.180058777721));
#7182 = CARTESIAN_POINT('',(1.252874798839,6.01,22.261290859831));
#7183 = CARTESIAN_POINT('',(0.629876753661,6.01,22.371246770254));
#7184 = CARTESIAN_POINT('',(0.317286548986,6.01,22.399788028771));
#7185 = CARTESIAN_POINT('',(-0.310232556764,6.01,22.400209601523));
#7186 = CARTESIAN_POINT('',(-0.628023756569,6.01,22.37147514184));
#7187 = CARTESIAN_POINT('',(-1.251251327242,6.01,22.261675517997));
#7188 = CARTESIAN_POINT('',(-1.554840811949,6.01,22.181788048062));
#7189 = CARTESIAN_POINT('',(-2.44722461379,6.01,21.884875863457));
#7190 = CARTESIAN_POINT('',(-3.020258401526,6.01,21.610439687459));
#7191 = CARTESIAN_POINT('',(-3.572114219873,6.01,21.299999999955));
#7192 = ORIENTED_EDGE('',*,*,#7052,.F.);
#7193 = ORIENTED_EDGE('',*,*,#7194,.F.);
#7194 = EDGE_CURVE('',#7151,#7045,#7195,.T.);
#7195 = LINE('',#7196,#7197);
#7196 = CARTESIAN_POINT('',(-6.349999999827,0.76,21.300000000053));
#7197 = VECTOR('',#7198,1.);
#7198 = DIRECTION('',(-0.707106781187,0.,-0.707106781187));
#7199 = CONICAL_SURFACE('',#7200,6.349999999827,0.785398163397);
#7200 = AXIS2_PLACEMENT_3D('',#7201,#7202,#7203);
#7201 = CARTESIAN_POINT('',(0.,0.76,21.300000000053));
#7202 = DIRECTION('',(-0.,-0.,-1.));
#7203 = DIRECTION('',(-1.,0.,0.));
#7204 = ADVANCED_FACE('',(#7205),#7243,.F.);
#7205 = FACE_BOUND('',#7206,.F.);
#7206 = EDGE_LOOP('',(#7207,#7217,#7228,#7236));
#7207 = ORIENTED_EDGE('',*,*,#7208,.T.);
#7208 = EDGE_CURVE('',#7209,#7211,#7213,.T.);
#7209 = VERTEX_POINT('',#7210);
#7210 = CARTESIAN_POINT('',(0.375,-7.8,1.15));
#7211 = VERTEX_POINT('',#7212);
#7212 = CARTESIAN_POINT('',(0.375,-3.845016008511,1.15));
#7213 = LINE('',#7214,#7215);
#7214 = CARTESIAN_POINT('',(0.375,-7.8,1.15));
#7215 = VECTOR('',#7216,1.);
#7216 = DIRECTION('',(0.,1.,0.));
#7217 = ORIENTED_EDGE('',*,*,#7218,.T.);
#7218 = EDGE_CURVE('',#7211,#7219,#7221,.T.);
#7219 = VERTEX_POINT('',#7220);
#7220 = CARTESIAN_POINT('',(-5.217321664956E-13,-3.86,1.525000000004));
#7221 = B_SPLINE_CURVE_WITH_KNOTS('',3,(#7222,#7223,#7224,#7225,#7226,
    #7227),.UNSPECIFIED.,.F.,.F.,(4,2,4),(2.235140038341E-19,
    2.932890358768E-04,5.865780717536E-04),.UNSPECIFIED.);
#7222 = CARTESIAN_POINT('',(0.375,-3.845016008511,1.15));
#7223 = CARTESIAN_POINT('',(0.375,-3.845016008511,1.249173676542));
#7224 = CARTESIAN_POINT('',(0.33427729606,-3.848610022762,1.34610355579)
  );
#7225 = CARTESIAN_POINT('',(0.195858044453,-3.856428950025,
    1.484421203989));
#7226 = CARTESIAN_POINT('',(9.790302196239E-02,-3.86,1.525));
#7227 = CARTESIAN_POINT('',(-5.217321664956E-13,-3.86,1.525000000004));
#7228 = ORIENTED_EDGE('',*,*,#7229,.F.);
#7229 = EDGE_CURVE('',#7230,#7219,#7232,.T.);
#7230 = VERTEX_POINT('',#7231);
#7231 = CARTESIAN_POINT('',(2.22044604925E-15,-7.8,1.525));
#7232 = LINE('',#7233,#7234);
#7233 = CARTESIAN_POINT('',(2.22044604925E-15,-7.8,1.525));
#7234 = VECTOR('',#7235,1.);
#7235 = DIRECTION('',(0.,1.,0.));
#7236 = ORIENTED_EDGE('',*,*,#7237,.T.);
#7237 = EDGE_CURVE('',#7230,#7209,#7238,.T.);
#7238 = CIRCLE('',#7239,0.375);
#7239 = AXIS2_PLACEMENT_3D('',#7240,#7241,#7242);
#7240 = CARTESIAN_POINT('',(2.22044604925E-15,-7.8,1.15));
#7241 = DIRECTION('',(0.,1.,0.));
#7242 = DIRECTION('',(0.,-0.,1.));
#7243 = CYLINDRICAL_SURFACE('',#7244,0.375);
#7244 = AXIS2_PLACEMENT_3D('',#7245,#7246,#7247);
#7245 = CARTESIAN_POINT('',(2.22044604925E-15,-7.8,1.15));
#7246 = DIRECTION('',(0.,1.,0.));
#7247 = DIRECTION('',(0.,-0.,1.));
#7248 = ADVANCED_FACE('',(#7249),#7287,.F.);
#7249 = FACE_BOUND('',#7250,.F.);
#7250 = EDGE_LOOP('',(#7251,#7261,#7272,#7280));
#7251 = ORIENTED_EDGE('',*,*,#7252,.F.);
#7252 = EDGE_CURVE('',#7253,#7255,#7257,.T.);
#7253 = VERTEX_POINT('',#7254);
#7254 = CARTESIAN_POINT('',(2.915,-2.846838076184,1.15));
#7255 = VERTEX_POINT('',#7256);
#7256 = CARTESIAN_POINT('',(2.915,-7.8,1.15));
#7257 = LINE('',#7258,#7259);
#7258 = CARTESIAN_POINT('',(2.915,-7.8,1.15));
#7259 = VECTOR('',#7260,1.);
#7260 = DIRECTION('',(0.,-1.,-0.));
#7261 = ORIENTED_EDGE('',*,*,#7262,.T.);
#7262 = EDGE_CURVE('',#7253,#7263,#7265,.T.);
#7263 = VERTEX_POINT('',#7264);
#7264 = CARTESIAN_POINT('',(2.54,-3.114541692788,1.525));
#7265 = B_SPLINE_CURVE_WITH_KNOTS('',3,(#7266,#7267,#7268,#7269,#7270,
    #7271),.UNSPECIFIED.,.F.,.F.,(4,2,4),(2.168404344971E-19,
    3.264462590549E-04,6.528925181098E-04),.UNSPECIFIED.);
#7266 = CARTESIAN_POINT('',(2.915,-2.846838076184,1.15));
#7267 = CARTESIAN_POINT('',(2.915,-2.846838076184,1.260614329616));
#7268 = CARTESIAN_POINT('',(2.864390708215,-2.88735028724,1.361532353851
    ));
#7269 = CARTESIAN_POINT('',(2.721652812025,-2.992816231428,
    1.492019771629));
#7270 = CARTESIAN_POINT('',(2.63213635518,-3.055362561466,1.525));
#7271 = CARTESIAN_POINT('',(2.54,-3.114541692788,1.525));
#7272 = ORIENTED_EDGE('',*,*,#7273,.F.);
#7273 = EDGE_CURVE('',#7274,#7263,#7276,.T.);
#7274 = VERTEX_POINT('',#7275);
#7275 = CARTESIAN_POINT('',(2.54,-7.8,1.525));
#7276 = LINE('',#7277,#7278);
#7277 = CARTESIAN_POINT('',(2.54,-7.8,1.525));
#7278 = VECTOR('',#7279,1.);
#7279 = DIRECTION('',(0.,1.,0.));
#7280 = ORIENTED_EDGE('',*,*,#7281,.T.);
#7281 = EDGE_CURVE('',#7274,#7255,#7282,.T.);
#7282 = CIRCLE('',#7283,0.375);
#7283 = AXIS2_PLACEMENT_3D('',#7284,#7285,#7286);
#7284 = CARTESIAN_POINT('',(2.54,-7.8,1.15));
#7285 = DIRECTION('',(0.,1.,0.));
#7286 = DIRECTION('',(0.,-0.,1.));
#7287 = CYLINDRICAL_SURFACE('',#7288,0.375);
#7288 = AXIS2_PLACEMENT_3D('',#7289,#7290,#7291);
#7289 = CARTESIAN_POINT('',(2.54,-7.8,1.15));
#7290 = DIRECTION('',(0.,1.,0.));
#7291 = DIRECTION('',(0.,-0.,1.));
#7292 = ADVANCED_FACE('',(#7293),#7329,.T.);
#7293 = FACE_BOUND('',#7294,.T.);
#7294 = EDGE_LOOP('',(#7295,#7306,#7314,#7323));
#7295 = ORIENTED_EDGE('',*,*,#7296,.F.);
#7296 = EDGE_CURVE('',#7297,#7299,#7301,.T.);
#7297 = VERTEX_POINT('',#7298);
#7298 = CARTESIAN_POINT('',(1.15,0.84,4.3));
#7299 = VERTEX_POINT('',#7300);
#7300 = CARTESIAN_POINT('',(-1.15,0.84,4.3));
#7301 = CIRCLE('',#7302,1.15);
#7302 = AXIS2_PLACEMENT_3D('',#7303,#7304,#7305);
#7303 = CARTESIAN_POINT('',(0.,0.84,4.3));
#7304 = DIRECTION('',(0.,-0.,1.));
#7305 = DIRECTION('',(-1.,0.,0.));
#7306 = ORIENTED_EDGE('',*,*,#7307,.T.);
#7307 = EDGE_CURVE('',#7297,#7308,#7310,.T.);
#7308 = VERTEX_POINT('',#7309);
#7309 = CARTESIAN_POINT('',(1.15,0.84,1.7));
#7310 = LINE('',#7311,#7312);
#7311 = CARTESIAN_POINT('',(1.15,0.84,4.3));
#7312 = VECTOR('',#7313,1.);
#7313 = DIRECTION('',(0.,0.,-1.));
#7314 = ORIENTED_EDGE('',*,*,#7315,.T.);
#7315 = EDGE_CURVE('',#7308,#7316,#7318,.T.);
#7316 = VERTEX_POINT('',#7317);
#7317 = CARTESIAN_POINT('',(-1.15,0.84,1.7));
#7318 = CIRCLE('',#7319,1.15);
#7319 = AXIS2_PLACEMENT_3D('',#7320,#7321,#7322);
#7320 = CARTESIAN_POINT('',(0.,0.84,1.7));
#7321 = DIRECTION('',(0.,-0.,1.));
#7322 = DIRECTION('',(-1.,0.,0.));
#7323 = ORIENTED_EDGE('',*,*,#7324,.F.);
#7324 = EDGE_CURVE('',#7299,#7316,#7325,.T.);
#7325 = LINE('',#7326,#7327);
#7326 = CARTESIAN_POINT('',(-1.15,0.84,4.3));
#7327 = VECTOR('',#7328,1.);
#7328 = DIRECTION('',(0.,0.,-1.));
#7329 = CYLINDRICAL_SURFACE('',#7330,1.15);
#7330 = AXIS2_PLACEMENT_3D('',#7331,#7332,#7333);
#7331 = CARTESIAN_POINT('',(0.,0.84,4.3));
#7332 = DIRECTION('',(0.,0.,-1.));
#7333 = DIRECTION('',(-1.,0.,0.));
#7334 = ADVANCED_FACE('',(#7335,#7383),#7419,.T.);
#7335 = FACE_BOUND('',#7336,.T.);
#7336 = EDGE_LOOP('',(#7337,#7362));
#7337 = ORIENTED_EDGE('',*,*,#7338,.T.);
#7338 = EDGE_CURVE('',#7339,#7341,#7343,.T.);
#7339 = VERTEX_POINT('',#7340);
#7340 = CARTESIAN_POINT('',(-6.862265930961E-13,5.610000000001,
    31.585000000006));
#7341 = VERTEX_POINT('',#7342);
#7342 = CARTESIAN_POINT('',(6.863533440493E-13,5.610000000001,
    29.514999999994));
#7343 = B_SPLINE_CURVE_WITH_KNOTS('',3,(#7344,#7345,#7346,#7347,#7348,
    #7349,#7350,#7351,#7352,#7353,#7354,#7355,#7356,#7357,#7358,#7359,
    #7360,#7361),.UNSPECIFIED.,.F.,.F.,(4,2,2,2,2,2,2,2,4),(
    1.623015714777E-03,2.028552992315E-03,2.434090269854E-03,
    2.839627547392E-03,3.245164824931E-03,3.650702102469E-03,
    4.056239380008E-03,4.461776657546E-03,4.867313935085E-03),
  .UNSPECIFIED.);
#7344 = CARTESIAN_POINT('',(-6.862265930961E-13,5.610000000001,
    31.585000000006));
#7345 = CARTESIAN_POINT('',(-0.13541954931,5.61,31.585));
#7346 = CARTESIAN_POINT('',(-0.271191300404,5.604049592389,
    31.558041968721));
#7347 = CARTESIAN_POINT('',(-0.52222958015,5.583446634986,
    31.453863705286));
#7348 = CARTESIAN_POINT('',(-0.636035954373,5.569095717292,
    31.377739053387));
#7349 = CARTESIAN_POINT('',(-0.828162816349,5.539758331019,
    31.185484087427));
#7350 = CARTESIAN_POINT('',(-0.904203088455,5.525261158336,
    31.071501111998));
#7351 = CARTESIAN_POINT('',(-1.007903450642,5.50441016002,
    30.821435570938));
#7352 = CARTESIAN_POINT('',(-1.035113897814,5.498252761539,
    30.686276272124));
#7353 = CARTESIAN_POINT('',(-1.034885383752,5.498302676716,
    30.41199910765));
#7354 = CARTESIAN_POINT('',(-1.007630646686,5.504470920706,
    30.277444650843));
#7355 = CARTESIAN_POINT('',(-0.903434133225,5.525409804465,
    30.027111192108));
#7356 = CARTESIAN_POINT('',(-0.826483270966,5.540031955681,
    29.91261567297));
#7357 = CARTESIAN_POINT('',(-0.636019274228,5.569080949343,
    29.722465795063));
#7358 = CARTESIAN_POINT('',(-0.520827616435,5.583570882115,
    29.645500419235));
#7359 = CARTESIAN_POINT('',(-0.271883515177,5.603983568821,
    29.542299522764));
#7360 = CARTESIAN_POINT('',(-0.135420940864,5.61,29.515));
#7361 = CARTESIAN_POINT('',(6.863533440493E-13,5.610000000001,
    29.514999999994));
#7362 = ORIENTED_EDGE('',*,*,#7363,.T.);
#7363 = EDGE_CURVE('',#7341,#7339,#7364,.T.);
#7364 = B_SPLINE_CURVE_WITH_KNOTS('',3,(#7365,#7366,#7367,#7368,#7369,
    #7370,#7371,#7372,#7373,#7374,#7375,#7376,#7377,#7378,#7379,#7380,
    #7381,#7382),.UNSPECIFIED.,.F.,.F.,(4,2,2,2,2,2,2,2,4),(
    4.867313935085E-03,5.272851214828E-03,5.678388494571E-03,
    6.083925774314E-03,6.489463054058E-03,6.895000333801E-03,
    7.300537613544E-03,7.706074893288E-03,8.111612173031E-03),
  .UNSPECIFIED.);
#7365 = CARTESIAN_POINT('',(6.863533440493E-13,5.610000000001,
    29.514999999994));
#7366 = CARTESIAN_POINT('',(0.135420941603,5.61,29.515));
#7367 = CARTESIAN_POINT('',(0.271194033865,5.60404946926,29.541958569756
    ));
#7368 = CARTESIAN_POINT('',(0.522234589702,5.583446122635,
    29.646138969525));
#7369 = CARTESIAN_POINT('',(0.636041787227,5.569094948127,
    29.722265226151));
#7370 = CARTESIAN_POINT('',(0.828168835351,5.539757290423,
    29.914523492888));
#7371 = CARTESIAN_POINT('',(0.90420892058,5.525260040101,30.028508675796
    ));
#7372 = CARTESIAN_POINT('',(1.007907213964,5.504409348895,
    30.278577780357));
#7373 = CARTESIAN_POINT('',(1.035116121533,5.498252275804,
    30.413742431355));
#7374 = CARTESIAN_POINT('',(1.034883131594,5.498303168663,
    30.688015991874));
#7375 = CARTESIAN_POINT('',(1.007626737354,5.504471761202,
    30.822569012973));
#7376 = CARTESIAN_POINT('',(0.903428411218,5.525410899437,
    31.072898283098));
#7377 = CARTESIAN_POINT('',(0.826477151729,5.540033008238,
    31.187391959576));
#7378 = CARTESIAN_POINT('',(0.636013656634,5.569081686845,
    31.377538289771));
#7379 = CARTESIAN_POINT('',(0.520822719487,5.583571383068,
    31.454502195889));
#7380 = CARTESIAN_POINT('',(0.271880741894,5.603983696801,
    31.557701041822));
#7381 = CARTESIAN_POINT('',(0.135419550044,5.61,31.585));
#7382 = CARTESIAN_POINT('',(-6.862265930961E-13,5.610000000001,
    31.585000000006));
#7383 = FACE_BOUND('',#7384,.T.);
#7384 = EDGE_LOOP('',(#7385,#7396,#7404,#7413));
#7385 = ORIENTED_EDGE('',*,*,#7386,.F.);
#7386 = EDGE_CURVE('',#7387,#7389,#7391,.T.);
#7387 = VERTEX_POINT('',#7388);
#7388 = CARTESIAN_POINT('',(-4.85,0.76,22.7));
#7389 = VERTEX_POINT('',#7390);
#7390 = CARTESIAN_POINT('',(4.85,0.76,22.7));
#7391 = CIRCLE('',#7392,4.85);
#7392 = AXIS2_PLACEMENT_3D('',#7393,#7394,#7395);
#7393 = CARTESIAN_POINT('',(0.,0.76,22.7));
#7394 = DIRECTION('',(0.,0.,-1.));
#7395 = DIRECTION('',(1.,0.,0.));
#7396 = ORIENTED_EDGE('',*,*,#7397,.T.);
#7397 = EDGE_CURVE('',#7387,#7398,#7400,.T.);
#7398 = VERTEX_POINT('',#7399);
#7399 = CARTESIAN_POINT('',(-4.85,0.76,34.8));
#7400 = LINE('',#7401,#7402);
#7401 = CARTESIAN_POINT('',(-4.85,0.76,22.7));
#7402 = VECTOR('',#7403,1.);
#7403 = DIRECTION('',(0.,0.,1.));
#7404 = ORIENTED_EDGE('',*,*,#7405,.T.);
#7405 = EDGE_CURVE('',#7398,#7406,#7408,.T.);
#7406 = VERTEX_POINT('',#7407);
#7407 = CARTESIAN_POINT('',(4.85,0.76,34.8));
#7408 = CIRCLE('',#7409,4.85);
#7409 = AXIS2_PLACEMENT_3D('',#7410,#7411,#7412);
#7410 = CARTESIAN_POINT('',(0.,0.76,34.8));
#7411 = DIRECTION('',(0.,0.,-1.));
#7412 = DIRECTION('',(1.,0.,0.));
#7413 = ORIENTED_EDGE('',*,*,#7414,.F.);
#7414 = EDGE_CURVE('',#7389,#7406,#7415,.T.);
#7415 = LINE('',#7416,#7417);
#7416 = CARTESIAN_POINT('',(4.85,0.76,22.7));
#7417 = VECTOR('',#7418,1.);
#7418 = DIRECTION('',(0.,0.,1.));
#7419 = CYLINDRICAL_SURFACE('',#7420,4.85);
#7420 = AXIS2_PLACEMENT_3D('',#7421,#7422,#7423);
#7421 = CARTESIAN_POINT('',(0.,0.76,22.7));
#7422 = DIRECTION('',(0.,0.,1.));
#7423 = DIRECTION('',(1.,0.,-0.));
#7424 = ADVANCED_FACE('',(#7425),#7451,.T.);
#7425 = FACE_BOUND('',#7426,.T.);
#7426 = EDGE_LOOP('',(#7427,#7428,#7436,#7445));
#7427 = ORIENTED_EDGE('',*,*,#7363,.F.);
#7428 = ORIENTED_EDGE('',*,*,#7429,.T.);
#7429 = EDGE_CURVE('',#7341,#7430,#7432,.T.);
#7430 = VERTEX_POINT('',#7431);
#7431 = CARTESIAN_POINT('',(1.267509437118E-16,6.28,29.515));
#7432 = LINE('',#7433,#7434);
#7433 = CARTESIAN_POINT('',(1.267509437118E-16,0.76,29.515));
#7434 = VECTOR('',#7435,1.);
#7435 = DIRECTION('',(0.,1.,0.));
#7436 = ORIENTED_EDGE('',*,*,#7437,.T.);
#7437 = EDGE_CURVE('',#7430,#7438,#7440,.T.);
#7438 = VERTEX_POINT('',#7439);
#7439 = CARTESIAN_POINT('',(0.,6.28,31.585));
#7440 = CIRCLE('',#7441,1.035);
#7441 = AXIS2_PLACEMENT_3D('',#7442,#7443,#7444);
#7442 = CARTESIAN_POINT('',(0.,6.28,30.55));
#7443 = DIRECTION('',(0.,-1.,0.));
#7444 = DIRECTION('',(0.,0.,1.));
#7445 = ORIENTED_EDGE('',*,*,#7446,.F.);
#7446 = EDGE_CURVE('',#7339,#7438,#7447,.T.);
#7447 = LINE('',#7448,#7449);
#7448 = CARTESIAN_POINT('',(0.,0.76,31.585));
#7449 = VECTOR('',#7450,1.);
#7450 = DIRECTION('',(0.,1.,0.));
#7451 = CYLINDRICAL_SURFACE('',#7452,1.035);
#7452 = AXIS2_PLACEMENT_3D('',#7453,#7454,#7455);
#7453 = CARTESIAN_POINT('',(0.,0.76,30.55));
#7454 = DIRECTION('',(0.,1.,0.));
#7455 = DIRECTION('',(0.,-0.,1.));
#7456 = ADVANCED_FACE('',(#7457),#7507,.T.);
#7457 = FACE_BOUND('',#7458,.T.);
#7458 = EDGE_LOOP('',(#7459,#7470,#7478,#7501));
#7459 = ORIENTED_EDGE('',*,*,#7460,.T.);
#7460 = EDGE_CURVE('',#7461,#7463,#7465,.T.);
#7461 = VERTEX_POINT('',#7462);
#7462 = CARTESIAN_POINT('',(0.,-4.76,31.585));
#7463 = VERTEX_POINT('',#7464);
#7464 = CARTESIAN_POINT('',(1.267509437118E-16,-4.76,29.515));
#7465 = CIRCLE('',#7466,1.035);
#7466 = AXIS2_PLACEMENT_3D('',#7467,#7468,#7469);
#7467 = CARTESIAN_POINT('',(0.,-4.76,30.55));
#7468 = DIRECTION('',(0.,1.,0.));
#7469 = DIRECTION('',(0.,-0.,1.));
#7470 = ORIENTED_EDGE('',*,*,#7471,.T.);
#7471 = EDGE_CURVE('',#7463,#7472,#7474,.T.);
#7472 = VERTEX_POINT('',#7473);
#7473 = CARTESIAN_POINT('',(-6.860998421428E-13,-4.090000000001,
    29.514999999994));
#7474 = LINE('',#7475,#7476);
#7475 = CARTESIAN_POINT('',(1.267509437118E-16,0.76,29.515));
#7476 = VECTOR('',#7477,1.);
#7477 = DIRECTION('',(0.,1.,0.));
#7478 = ORIENTED_EDGE('',*,*,#7479,.F.);
#7479 = EDGE_CURVE('',#7480,#7472,#7482,.T.);
#7480 = VERTEX_POINT('',#7481);
#7481 = CARTESIAN_POINT('',(6.862265930961E-13,-4.090000000001,
    31.585000000006));
#7482 = B_SPLINE_CURVE_WITH_KNOTS('',3,(#7483,#7484,#7485,#7486,#7487,
    #7488,#7489,#7490,#7491,#7492,#7493,#7494,#7495,#7496,#7497,#7498,
    #7499,#7500),.UNSPECIFIED.,.F.,.F.,(4,2,2,2,2,2,2,2,4),(
    4.867313935085E-03,5.272851214828E-03,5.678388494571E-03,
    6.083925774314E-03,6.489463054058E-03,6.895000333801E-03,
    7.300537613544E-03,7.706074893288E-03,8.111612173031E-03),
  .UNSPECIFIED.);
#7483 = CARTESIAN_POINT('',(6.862265930961E-13,-4.090000000001,
    31.585000000006));
#7484 = CARTESIAN_POINT('',(0.135420941603,-4.09,31.585));
#7485 = CARTESIAN_POINT('',(0.271194033865,-4.08404946926,
    31.558041430244));
#7486 = CARTESIAN_POINT('',(0.522234589702,-4.063446122635,
    31.453861030475));
#7487 = CARTESIAN_POINT('',(0.636041787227,-4.049094948127,
    31.377734773849));
#7488 = CARTESIAN_POINT('',(0.828168835351,-4.019757290423,
    31.185476507112));
#7489 = CARTESIAN_POINT('',(0.90420892058,-4.005260040101,
    31.071491324204));
#7490 = CARTESIAN_POINT('',(1.007907213964,-3.984409348895,
    30.821422219643));
#7491 = CARTESIAN_POINT('',(1.035116121533,-3.978252275804,
    30.686257568645));
#7492 = CARTESIAN_POINT('',(1.034883131594,-3.978303168663,
    30.411984008126));
#7493 = CARTESIAN_POINT('',(1.007626737354,-3.984471761202,
    30.277430987027));
#7494 = CARTESIAN_POINT('',(0.903428411218,-4.005410899437,
    30.027101716902));
#7495 = CARTESIAN_POINT('',(0.826477151729,-4.020033008238,
    29.912608040424));
#7496 = CARTESIAN_POINT('',(0.636013656634,-4.049081686845,
    29.722461710229));
#7497 = CARTESIAN_POINT('',(0.520822719487,-4.063571383068,
    29.645497804111));
#7498 = CARTESIAN_POINT('',(0.271880741894,-4.083983696801,
    29.542298958178));
#7499 = CARTESIAN_POINT('',(0.135419550044,-4.09,29.515));
#7500 = CARTESIAN_POINT('',(-6.860998421428E-13,-4.090000000001,
    29.514999999994));
#7501 = ORIENTED_EDGE('',*,*,#7502,.F.);
#7502 = EDGE_CURVE('',#7461,#7480,#7503,.T.);
#7503 = LINE('',#7504,#7505);
#7504 = CARTESIAN_POINT('',(0.,0.76,31.585));
#7505 = VECTOR('',#7506,1.);
#7506 = DIRECTION('',(0.,1.,0.));
#7507 = CYLINDRICAL_SURFACE('',#7508,1.035);
#7508 = AXIS2_PLACEMENT_3D('',#7509,#7510,#7511);
#7509 = CARTESIAN_POINT('',(0.,0.76,30.55));
#7510 = DIRECTION('',(0.,1.,0.));
#7511 = DIRECTION('',(0.,-0.,1.));
#7512 = ADVANCED_FACE('',(#7513),#7549,.F.);
#7513 = FACE_BOUND('',#7514,.F.);
#7514 = EDGE_LOOP('',(#7515,#7525,#7534,#7542));
#7515 = ORIENTED_EDGE('',*,*,#7516,.T.);
#7516 = EDGE_CURVE('',#7517,#7519,#7521,.T.);
#7517 = VERTEX_POINT('',#7518);
#7518 = CARTESIAN_POINT('',(-0.5,0.84,4.3));
#7519 = VERTEX_POINT('',#7520);
#7520 = CARTESIAN_POINT('',(-0.5,0.84,1.7));
#7521 = LINE('',#7522,#7523);
#7522 = CARTESIAN_POINT('',(-0.5,0.84,4.3));
#7523 = VECTOR('',#7524,1.);
#7524 = DIRECTION('',(0.,0.,-1.));
#7525 = ORIENTED_EDGE('',*,*,#7526,.T.);
#7526 = EDGE_CURVE('',#7519,#7527,#7529,.T.);
#7527 = VERTEX_POINT('',#7528);
#7528 = CARTESIAN_POINT('',(0.5,0.84,1.7));
#7529 = CIRCLE('',#7530,0.5);
#7530 = AXIS2_PLACEMENT_3D('',#7531,#7532,#7533);
#7531 = CARTESIAN_POINT('',(0.,0.84,1.7));
#7532 = DIRECTION('',(0.,-0.,1.));
#7533 = DIRECTION('',(-1.,0.,0.));
#7534 = ORIENTED_EDGE('',*,*,#7535,.F.);
#7535 = EDGE_CURVE('',#7536,#7527,#7538,.T.);
#7536 = VERTEX_POINT('',#7537);
#7537 = CARTESIAN_POINT('',(0.5,0.84,4.3));
#7538 = LINE('',#7539,#7540);
#7539 = CARTESIAN_POINT('',(0.5,0.84,4.3));
#7540 = VECTOR('',#7541,1.);
#7541 = DIRECTION('',(0.,0.,-1.));
#7542 = ORIENTED_EDGE('',*,*,#7543,.T.);
#7543 = EDGE_CURVE('',#7536,#7517,#7544,.T.);
#7544 = CIRCLE('',#7545,0.5);
#7545 = AXIS2_PLACEMENT_3D('',#7546,#7547,#7548);
#7546 = CARTESIAN_POINT('',(0.,0.84,4.3));
#7547 = DIRECTION('',(0.,0.,-1.));
#7548 = DIRECTION('',(-1.,0.,0.));
#7549 = CYLINDRICAL_SURFACE('',#7550,0.5);
#7550 = AXIS2_PLACEMENT_3D('',#7551,#7552,#7553);
#7551 = CARTESIAN_POINT('',(0.,0.84,4.3));
#7552 = DIRECTION('',(0.,0.,-1.));
#7553 = DIRECTION('',(-1.,0.,0.));
#7554 = ADVANCED_FACE('',(#7555),#7591,.F.);
#7555 = FACE_BOUND('',#7556,.F.);
#7556 = EDGE_LOOP('',(#7557,#7567,#7576,#7584));
#7557 = ORIENTED_EDGE('',*,*,#7558,.T.);
#7558 = EDGE_CURVE('',#7559,#7561,#7563,.T.);
#7559 = VERTEX_POINT('',#7560);
#7560 = CARTESIAN_POINT('',(-4.29,0.76,34.8));
#7561 = VERTEX_POINT('',#7562);
#7562 = CARTESIAN_POINT('',(-4.29,0.76,22.7));
#7563 = LINE('',#7564,#7565);
#7564 = CARTESIAN_POINT('',(-4.29,0.76,34.8));
#7565 = VECTOR('',#7566,1.);
#7566 = DIRECTION('',(0.,0.,-1.));
#7567 = ORIENTED_EDGE('',*,*,#7568,.T.);
#7568 = EDGE_CURVE('',#7561,#7569,#7571,.T.);
#7569 = VERTEX_POINT('',#7570);
#7570 = CARTESIAN_POINT('',(4.29,0.76,22.7));
#7571 = CIRCLE('',#7572,4.29);
#7572 = AXIS2_PLACEMENT_3D('',#7573,#7574,#7575);
#7573 = CARTESIAN_POINT('',(0.,0.76,22.7));
#7574 = DIRECTION('',(0.,-0.,1.));
#7575 = DIRECTION('',(-1.,0.,0.));
#7576 = ORIENTED_EDGE('',*,*,#7577,.F.);
#7577 = EDGE_CURVE('',#7578,#7569,#7580,.T.);
#7578 = VERTEX_POINT('',#7579);
#7579 = CARTESIAN_POINT('',(4.29,0.76,34.8));
#7580 = LINE('',#7581,#7582);
#7581 = CARTESIAN_POINT('',(4.29,0.76,34.8));
#7582 = VECTOR('',#7583,1.);
#7583 = DIRECTION('',(0.,0.,-1.));
#7584 = ORIENTED_EDGE('',*,*,#7585,.T.);
#7585 = EDGE_CURVE('',#7578,#7559,#7586,.T.);
#7586 = CIRCLE('',#7587,4.29);
#7587 = AXIS2_PLACEMENT_3D('',#7588,#7589,#7590);
#7588 = CARTESIAN_POINT('',(0.,0.76,34.8));
#7589 = DIRECTION('',(0.,0.,-1.));
#7590 = DIRECTION('',(-1.,0.,0.));
#7591 = CYLINDRICAL_SURFACE('',#7592,4.29);
#7592 = AXIS2_PLACEMENT_3D('',#7593,#7594,#7595);
#7593 = CARTESIAN_POINT('',(0.,0.76,34.8));
#7594 = DIRECTION('',(0.,0.,-1.));
#7595 = DIRECTION('',(-1.,0.,0.));
#7596 = ADVANCED_FACE('',(#7597),#7629,.T.);
#7597 = FACE_BOUND('',#7598,.T.);
#7598 = EDGE_LOOP('',(#7599,#7610,#7616,#7623));
#7599 = ORIENTED_EDGE('',*,*,#7600,.F.);
#7600 = EDGE_CURVE('',#7601,#7603,#7605,.T.);
#7601 = VERTEX_POINT('',#7602);
#7602 = CARTESIAN_POINT('',(-2.25,0.76,22.7));
#7603 = VERTEX_POINT('',#7604);
#7604 = CARTESIAN_POINT('',(2.25,0.76,22.7));
#7605 = CIRCLE('',#7606,2.25);
#7606 = AXIS2_PLACEMENT_3D('',#7607,#7608,#7609);
#7607 = CARTESIAN_POINT('',(0.,0.76,22.7));
#7608 = DIRECTION('',(0.,0.,-1.));
#7609 = DIRECTION('',(1.,0.,0.));
#7610 = ORIENTED_EDGE('',*,*,#7611,.T.);
#7611 = EDGE_CURVE('',#7601,#6765,#7612,.T.);
#7612 = LINE('',#7613,#7614);
#7613 = CARTESIAN_POINT('',(-2.25,0.76,22.7));
#7614 = VECTOR('',#7615,1.);
#7615 = DIRECTION('',(0.,0.,1.));
#7616 = ORIENTED_EDGE('',*,*,#7617,.T.);
#7617 = EDGE_CURVE('',#6765,#6774,#7618,.T.);
#7618 = CIRCLE('',#7619,2.25);
#7619 = AXIS2_PLACEMENT_3D('',#7620,#7621,#7622);
#7620 = CARTESIAN_POINT('',(0.,0.76,31.));
#7621 = DIRECTION('',(0.,0.,-1.));
#7622 = DIRECTION('',(1.,0.,0.));
#7623 = ORIENTED_EDGE('',*,*,#7624,.F.);
#7624 = EDGE_CURVE('',#7603,#6774,#7625,.T.);
#7625 = LINE('',#7626,#7627);
#7626 = CARTESIAN_POINT('',(2.25,0.76,22.7));
#7627 = VECTOR('',#7628,1.);
#7628 = DIRECTION('',(0.,0.,1.));
#7629 = CYLINDRICAL_SURFACE('',#7630,2.25);
#7630 = AXIS2_PLACEMENT_3D('',#7631,#7632,#7633);
#7631 = CARTESIAN_POINT('',(0.,0.76,22.7));
#7632 = DIRECTION('',(0.,0.,1.));
#7633 = DIRECTION('',(1.,0.,-0.));
#7634 = ADVANCED_FACE('',(#7635),#7661,.F.);
#7635 = FACE_BOUND('',#7636,.F.);
#7636 = EDGE_LOOP('',(#7637,#7645,#7646,#7654));
#7637 = ORIENTED_EDGE('',*,*,#7638,.T.);
#7638 = EDGE_CURVE('',#7639,#6851,#7641,.T.);
#7639 = VERTEX_POINT('',#7640);
#7640 = CARTESIAN_POINT('',(0.85,0.76,22.7));
#7641 = LINE('',#7642,#7643);
#7642 = CARTESIAN_POINT('',(0.85,0.76,22.7));
#7643 = VECTOR('',#7644,1.);
#7644 = DIRECTION('',(0.,0.,1.));
#7645 = ORIENTED_EDGE('',*,*,#6859,.T.);
#7646 = ORIENTED_EDGE('',*,*,#7647,.F.);
#7647 = EDGE_CURVE('',#7648,#6860,#7650,.T.);
#7648 = VERTEX_POINT('',#7649);
#7649 = CARTESIAN_POINT('',(-0.85,0.76,22.7));
#7650 = LINE('',#7651,#7652);
#7651 = CARTESIAN_POINT('',(-0.85,0.76,22.7));
#7652 = VECTOR('',#7653,1.);
#7653 = DIRECTION('',(0.,0.,1.));
#7654 = ORIENTED_EDGE('',*,*,#7655,.T.);
#7655 = EDGE_CURVE('',#7648,#7639,#7656,.T.);
#7656 = CIRCLE('',#7657,0.85);
#7657 = AXIS2_PLACEMENT_3D('',#7658,#7659,#7660);
#7658 = CARTESIAN_POINT('',(0.,0.76,22.7));
#7659 = DIRECTION('',(0.,0.,1.));
#7660 = DIRECTION('',(1.,0.,-0.));
#7661 = CYLINDRICAL_SURFACE('',#7662,0.85);
#7662 = AXIS2_PLACEMENT_3D('',#7663,#7664,#7665);
#7663 = CARTESIAN_POINT('',(0.,0.76,22.7));
#7664 = DIRECTION('',(0.,0.,1.));
#7665 = DIRECTION('',(1.,0.,-0.));
#7666 = ADVANCED_FACE('',(#7667),#7699,.T.);
#7667 = FACE_BOUND('',#7668,.T.);
#7668 = EDGE_LOOP('',(#7669,#7680,#7686,#7693));
#7669 = ORIENTED_EDGE('',*,*,#7670,.F.);
#7670 = EDGE_CURVE('',#7671,#7673,#7675,.T.);
#7671 = VERTEX_POINT('',#7672);
#7672 = CARTESIAN_POINT('',(-0.8,0.76,22.7));
#7673 = VERTEX_POINT('',#7674);
#7674 = CARTESIAN_POINT('',(0.8,0.76,22.7));
#7675 = CIRCLE('',#7676,0.8);
#7676 = AXIS2_PLACEMENT_3D('',#7677,#7678,#7679);
#7677 = CARTESIAN_POINT('',(0.,0.76,22.7));
#7678 = DIRECTION('',(0.,0.,-1.));
#7679 = DIRECTION('',(1.,0.,0.));
#7680 = ORIENTED_EDGE('',*,*,#7681,.T.);
#7681 = EDGE_CURVE('',#7671,#6907,#7682,.T.);
#7682 = LINE('',#7683,#7684);
#7683 = CARTESIAN_POINT('',(-0.8,0.76,22.7));
#7684 = VECTOR('',#7685,1.);
#7685 = DIRECTION('',(0.,0.,1.));
#7686 = ORIENTED_EDGE('',*,*,#7687,.T.);
#7687 = EDGE_CURVE('',#6907,#6916,#7688,.T.);
#7688 = CIRCLE('',#7689,0.8);
#7689 = AXIS2_PLACEMENT_3D('',#7690,#7691,#7692);
#7690 = CARTESIAN_POINT('',(0.,0.76,31.));
#7691 = DIRECTION('',(0.,0.,-1.));
#7692 = DIRECTION('',(1.,0.,0.));
#7693 = ORIENTED_EDGE('',*,*,#7694,.F.);
#7694 = EDGE_CURVE('',#7673,#6916,#7695,.T.);
#7695 = LINE('',#7696,#7697);
#7696 = CARTESIAN_POINT('',(0.8,0.76,22.7));
#7697 = VECTOR('',#7698,1.);
#7698 = DIRECTION('',(0.,0.,1.));
#7699 = CYLINDRICAL_SURFACE('',#7700,0.8);
#7700 = AXIS2_PLACEMENT_3D('',#7701,#7702,#7703);
#7701 = CARTESIAN_POINT('',(0.,0.76,22.7));
#7702 = DIRECTION('',(0.,0.,1.));
#7703 = DIRECTION('',(1.,0.,-0.));
#7704 = ADVANCED_FACE('',(#7705),#7731,.F.);
#7705 = FACE_BOUND('',#7706,.F.);
#7706 = EDGE_LOOP('',(#7707,#7715,#7716,#7724));
#7707 = ORIENTED_EDGE('',*,*,#7708,.T.);
#7708 = EDGE_CURVE('',#7709,#6989,#7711,.T.);
#7709 = VERTEX_POINT('',#7710);
#7710 = CARTESIAN_POINT('',(0.425,0.76,22.7));
#7711 = LINE('',#7712,#7713);
#7712 = CARTESIAN_POINT('',(0.425,0.76,22.7));
#7713 = VECTOR('',#7714,1.);
#7714 = DIRECTION('',(0.,0.,1.));
#7715 = ORIENTED_EDGE('',*,*,#6997,.T.);
#7716 = ORIENTED_EDGE('',*,*,#7717,.F.);
#7717 = EDGE_CURVE('',#7718,#6998,#7720,.T.);
#7718 = VERTEX_POINT('',#7719);
#7719 = CARTESIAN_POINT('',(-0.425,0.76,22.7));
#7720 = LINE('',#7721,#7722);
#7721 = CARTESIAN_POINT('',(-0.425,0.76,22.7));
#7722 = VECTOR('',#7723,1.);
#7723 = DIRECTION('',(0.,0.,1.));
#7724 = ORIENTED_EDGE('',*,*,#7725,.T.);
#7725 = EDGE_CURVE('',#7718,#7709,#7726,.T.);
#7726 = CIRCLE('',#7727,0.425);
#7727 = AXIS2_PLACEMENT_3D('',#7728,#7729,#7730);
#7728 = CARTESIAN_POINT('',(0.,0.76,22.7));
#7729 = DIRECTION('',(0.,0.,1.));
#7730 = DIRECTION('',(1.,0.,-0.));
#7731 = CYLINDRICAL_SURFACE('',#7732,0.425);
#7732 = AXIS2_PLACEMENT_3D('',#7733,#7734,#7735);
#7733 = CARTESIAN_POINT('',(0.,0.76,22.7));
#7734 = DIRECTION('',(0.,0.,1.));
#7735 = DIRECTION('',(1.,0.,-0.));
#7736 = ADVANCED_FACE('',(#7737,#7771,#7805),#7935,.T.);
#7737 = FACE_BOUND('',#7738,.T.);
#7738 = EDGE_LOOP('',(#7739,#7749,#7757,#7765));
#7739 = ORIENTED_EDGE('',*,*,#7740,.T.);
#7740 = EDGE_CURVE('',#7741,#7743,#7745,.T.);
#7741 = VERTEX_POINT('',#7742);
#7742 = CARTESIAN_POINT('',(-5.33,-7.8,5.28));
#7743 = VERTEX_POINT('',#7744);
#7744 = CARTESIAN_POINT('',(-5.33,-7.8,7.18));
#7745 = LINE('',#7746,#7747);
#7746 = CARTESIAN_POINT('',(-5.33,-7.8,0.));
#7747 = VECTOR('',#7748,1.);
#7748 = DIRECTION('',(-0.,0.,1.));
#7749 = ORIENTED_EDGE('',*,*,#7750,.T.);
#7750 = EDGE_CURVE('',#7743,#7751,#7753,.T.);
#7751 = VERTEX_POINT('',#7752);
#7752 = CARTESIAN_POINT('',(-4.83,-7.8,7.18));
#7753 = LINE('',#7754,#7755);
#7754 = CARTESIAN_POINT('',(-7.2,-7.8,7.18));
#7755 = VECTOR('',#7756,1.);
#7756 = DIRECTION('',(1.,0.,0.));
#7757 = ORIENTED_EDGE('',*,*,#7758,.T.);
#7758 = EDGE_CURVE('',#7751,#7759,#7761,.T.);
#7759 = VERTEX_POINT('',#7760);
#7760 = CARTESIAN_POINT('',(-4.83,-7.8,5.28));
#7761 = LINE('',#7762,#7763);
#7762 = CARTESIAN_POINT('',(-4.83,-7.8,0.));
#7763 = VECTOR('',#7764,1.);
#7764 = DIRECTION('',(0.,-0.,-1.));
#7765 = ORIENTED_EDGE('',*,*,#7766,.T.);
#7766 = EDGE_CURVE('',#7759,#7741,#7767,.T.);
#7767 = LINE('',#7768,#7769);
#7768 = CARTESIAN_POINT('',(-7.2,-7.8,5.28));
#7769 = VECTOR('',#7770,1.);
#7770 = DIRECTION('',(-1.,-0.,-0.));
#7771 = FACE_BOUND('',#7772,.T.);
#7772 = EDGE_LOOP('',(#7773,#7783,#7791,#7799));
#7773 = ORIENTED_EDGE('',*,*,#7774,.T.);
#7774 = EDGE_CURVE('',#7775,#7777,#7779,.T.);
#7775 = VERTEX_POINT('',#7776);
#7776 = CARTESIAN_POINT('',(5.33,-7.8,7.18));
#7777 = VERTEX_POINT('',#7778);
#7778 = CARTESIAN_POINT('',(5.33,-7.8,5.28));
#7779 = LINE('',#7780,#7781);
#7780 = CARTESIAN_POINT('',(5.33,-7.8,0.));
#7781 = VECTOR('',#7782,1.);
#7782 = DIRECTION('',(0.,-0.,-1.));
#7783 = ORIENTED_EDGE('',*,*,#7784,.T.);
#7784 = EDGE_CURVE('',#7777,#7785,#7787,.T.);
#7785 = VERTEX_POINT('',#7786);
#7786 = CARTESIAN_POINT('',(4.83,-7.8,5.28));
#7787 = LINE('',#7788,#7789);
#7788 = CARTESIAN_POINT('',(-7.2,-7.8,5.28));
#7789 = VECTOR('',#7790,1.);
#7790 = DIRECTION('',(-1.,-0.,-0.));
#7791 = ORIENTED_EDGE('',*,*,#7792,.T.);
#7792 = EDGE_CURVE('',#7785,#7793,#7795,.T.);
#7793 = VERTEX_POINT('',#7794);
#7794 = CARTESIAN_POINT('',(4.83,-7.8,7.18));
#7795 = LINE('',#7796,#7797);
#7796 = CARTESIAN_POINT('',(4.83,-7.8,0.));
#7797 = VECTOR('',#7798,1.);
#7798 = DIRECTION('',(-0.,0.,1.));
#7799 = ORIENTED_EDGE('',*,*,#7800,.T.);
#7800 = EDGE_CURVE('',#7793,#7775,#7801,.T.);
#7801 = LINE('',#7802,#7803);
#7802 = CARTESIAN_POINT('',(-7.2,-7.8,7.18));
#7803 = VECTOR('',#7804,1.);
#7804 = DIRECTION('',(1.,0.,0.));
#7805 = FACE_BOUND('',#7806,.T.);
#7806 = EDGE_LOOP('',(#7807,#7816,#7817,#7825,#7833,#7841,#7849,#7857,
    #7864,#7865,#7873,#7881,#7889,#7897,#7905,#7913,#7921,#7929));
#7807 = ORIENTED_EDGE('',*,*,#7808,.T.);
#7808 = EDGE_CURVE('',#7809,#7230,#7811,.T.);
#7809 = VERTEX_POINT('',#7810);
#7810 = CARTESIAN_POINT('',(-0.375,-7.8,1.15));
#7811 = CIRCLE('',#7812,0.375);
#7812 = AXIS2_PLACEMENT_3D('',#7813,#7814,#7815);
#7813 = CARTESIAN_POINT('',(2.22044604925E-15,-7.8,1.15));
#7814 = DIRECTION('',(0.,1.,0.));
#7815 = DIRECTION('',(0.,-0.,1.));
#7816 = ORIENTED_EDGE('',*,*,#7237,.T.);
#7817 = ORIENTED_EDGE('',*,*,#7818,.T.);
#7818 = EDGE_CURVE('',#7209,#7819,#7821,.T.);
#7819 = VERTEX_POINT('',#7820);
#7820 = CARTESIAN_POINT('',(0.375,-7.8,0.5));
#7821 = LINE('',#7822,#7823);
#7822 = CARTESIAN_POINT('',(0.375,-7.8,1.15));
#7823 = VECTOR('',#7824,1.);
#7824 = DIRECTION('',(-1.7080354225E-15,0.,-1.));
#7825 = ORIENTED_EDGE('',*,*,#7826,.T.);
#7826 = EDGE_CURVE('',#7819,#7827,#7829,.T.);
#7827 = VERTEX_POINT('',#7828);
#7828 = CARTESIAN_POINT('',(0.794549815589,-7.8,-6.505213034913E-16));
#7829 = LINE('',#7830,#7831);
#7830 = CARTESIAN_POINT('',(0.375,-7.8,0.5));
#7831 = VECTOR('',#7832,1.);
#7832 = DIRECTION('',(0.642787609687,0.,-0.766044443119));
#7833 = ORIENTED_EDGE('',*,*,#7834,.T.);
#7834 = EDGE_CURVE('',#7827,#7835,#7837,.T.);
#7835 = VERTEX_POINT('',#7836);
#7836 = CARTESIAN_POINT('',(1.745450184411,-7.8,0.));
#7837 = LINE('',#7838,#7839);
#7838 = CARTESIAN_POINT('',(1.665334536938E-15,-7.8,0.));
#7839 = VECTOR('',#7840,1.);
#7840 = DIRECTION('',(1.,0.,-0.));
#7841 = ORIENTED_EDGE('',*,*,#7842,.T.);
#7842 = EDGE_CURVE('',#7835,#7843,#7845,.T.);
#7843 = VERTEX_POINT('',#7844);
#7844 = CARTESIAN_POINT('',(2.165,-7.8,0.5));
#7845 = LINE('',#7846,#7847);
#7846 = CARTESIAN_POINT('',(1.745450184411,-7.8,0.));
#7847 = VECTOR('',#7848,1.);
#7848 = DIRECTION('',(0.642787609687,0.,0.766044443119));
#7849 = ORIENTED_EDGE('',*,*,#7850,.T.);
#7850 = EDGE_CURVE('',#7843,#7851,#7853,.T.);
#7851 = VERTEX_POINT('',#7852);
#7852 = CARTESIAN_POINT('',(2.165,-7.8,1.15));
#7853 = LINE('',#7854,#7855);
#7854 = CARTESIAN_POINT('',(2.165,-7.8,0.5));
#7855 = VECTOR('',#7856,1.);
#7856 = DIRECTION('',(1.7080354225E-15,0.,1.));
#7857 = ORIENTED_EDGE('',*,*,#7858,.T.);
#7858 = EDGE_CURVE('',#7851,#7274,#7859,.T.);
#7859 = CIRCLE('',#7860,0.375);
#7860 = AXIS2_PLACEMENT_3D('',#7861,#7862,#7863);
#7861 = CARTESIAN_POINT('',(2.54,-7.8,1.15));
#7862 = DIRECTION('',(0.,1.,0.));
#7863 = DIRECTION('',(0.,-0.,1.));
#7864 = ORIENTED_EDGE('',*,*,#7281,.T.);
#7865 = ORIENTED_EDGE('',*,*,#7866,.T.);
#7866 = EDGE_CURVE('',#7255,#7867,#7869,.T.);
#7867 = VERTEX_POINT('',#7868);
#7868 = CARTESIAN_POINT('',(2.915,-7.8,0.5));
#7869 = LINE('',#7870,#7871);
#7870 = CARTESIAN_POINT('',(2.915,-7.8,1.15));
#7871 = VECTOR('',#7872,1.);
#7872 = DIRECTION('',(0.,0.,-1.));
#7873 = ORIENTED_EDGE('',*,*,#7874,.T.);
#7874 = EDGE_CURVE('',#7867,#7875,#7877,.T.);
#7875 = VERTEX_POINT('',#7876);
#7876 = CARTESIAN_POINT('',(3.334549815589,-7.8,0.));
#7877 = LINE('',#7878,#7879);
#7878 = CARTESIAN_POINT('',(2.915,-7.8,0.5));
#7879 = VECTOR('',#7880,1.);
#7880 = DIRECTION('',(0.642787609687,0.,-0.766044443119));
#7881 = ORIENTED_EDGE('',*,*,#7882,.T.);
#7882 = EDGE_CURVE('',#7875,#7883,#7885,.T.);
#7883 = VERTEX_POINT('',#7884);
#7884 = CARTESIAN_POINT('',(7.2,-7.8,0.));
#7885 = LINE('',#7886,#7887);
#7886 = CARTESIAN_POINT('',(-7.2,-7.8,0.));
#7887 = VECTOR('',#7888,1.);
#7888 = DIRECTION('',(1.,0.,0.));
#7889 = ORIENTED_EDGE('',*,*,#7890,.T.);
#7890 = EDGE_CURVE('',#7883,#7891,#7893,.T.);
#7891 = VERTEX_POINT('',#7892);
#7892 = CARTESIAN_POINT('',(7.2,-7.8,14.1));
#7893 = LINE('',#7894,#7895);
#7894 = CARTESIAN_POINT('',(7.2,-7.8,0.));
#7895 = VECTOR('',#7896,1.);
#7896 = DIRECTION('',(-0.,0.,1.));
#7897 = ORIENTED_EDGE('',*,*,#7898,.T.);
#7898 = EDGE_CURVE('',#7891,#7899,#7901,.T.);
#7899 = VERTEX_POINT('',#7900);
#7900 = CARTESIAN_POINT('',(-7.2,-7.8,14.1));
#7901 = LINE('',#7902,#7903);
#7902 = CARTESIAN_POINT('',(-7.2,-7.8,14.1));
#7903 = VECTOR('',#7904,1.);
#7904 = DIRECTION('',(-1.,-0.,-0.));
#7905 = ORIENTED_EDGE('',*,*,#7906,.T.);
#7906 = EDGE_CURVE('',#7899,#7907,#7909,.T.);
#7907 = VERTEX_POINT('',#7908);
#7908 = CARTESIAN_POINT('',(-7.2,-7.8,0.));
#7909 = LINE('',#7910,#7911);
#7910 = CARTESIAN_POINT('',(-7.2,-7.8,0.));
#7911 = VECTOR('',#7912,1.);
#7912 = DIRECTION('',(0.,-0.,-1.));
#7913 = ORIENTED_EDGE('',*,*,#7914,.T.);
#7914 = EDGE_CURVE('',#7907,#7915,#7917,.T.);
#7915 = VERTEX_POINT('',#7916);
#7916 = CARTESIAN_POINT('',(-0.794549815589,-7.8,-9.556612704116E-18));
#7917 = LINE('',#7918,#7919);
#7918 = CARTESIAN_POINT('',(-7.2,-7.8,0.));
#7919 = VECTOR('',#7920,1.);
#7920 = DIRECTION('',(1.,0.,0.));
#7921 = ORIENTED_EDGE('',*,*,#7922,.T.);
#7922 = EDGE_CURVE('',#7915,#7923,#7925,.T.);
#7923 = VERTEX_POINT('',#7924);
#7924 = CARTESIAN_POINT('',(-0.375,-7.8,0.5));
#7925 = LINE('',#7926,#7927);
#7926 = CARTESIAN_POINT('',(-0.794549815589,-7.8,-6.938893903907E-17));
#7927 = VECTOR('',#7928,1.);
#7928 = DIRECTION('',(0.642787609687,0.,0.766044443119));
#7929 = ORIENTED_EDGE('',*,*,#7930,.T.);
#7930 = EDGE_CURVE('',#7923,#7809,#7931,.T.);
#7931 = LINE('',#7932,#7933);
#7932 = CARTESIAN_POINT('',(-0.375,-7.8,0.5));
#7933 = VECTOR('',#7934,1.);
#7934 = DIRECTION('',(0.,0.,1.));
#7935 = PLANE('',#7936);
#7936 = AXIS2_PLACEMENT_3D('',#7937,#7938,#7939);
#7937 = CARTESIAN_POINT('',(-7.2,-7.8,0.));
#7938 = DIRECTION('',(0.,-1.,0.));
#7939 = DIRECTION('',(0.,-0.,-1.));
#7940 = ADVANCED_FACE('',(#7941),#7966,.T.);
#7941 = FACE_BOUND('',#7942,.T.);
#7942 = EDGE_LOOP('',(#7943,#7953,#7959,#7960));
#7943 = ORIENTED_EDGE('',*,*,#7944,.T.);
#7944 = EDGE_CURVE('',#7945,#7947,#7949,.T.);
#7945 = VERTEX_POINT('',#7946);
#7946 = CARTESIAN_POINT('',(-5.33,-8.8,7.18));
#7947 = VERTEX_POINT('',#7948);
#7948 = CARTESIAN_POINT('',(-4.83,-8.8,7.18));
#7949 = LINE('',#7950,#7951);
#7950 = CARTESIAN_POINT('',(-5.08,-8.8,7.18));
#7951 = VECTOR('',#7952,1.);
#7952 = DIRECTION('',(1.,0.,-0.));
#7953 = ORIENTED_EDGE('',*,*,#7954,.T.);
#7954 = EDGE_CURVE('',#7947,#7751,#7955,.T.);
#7955 = LINE('',#7956,#7957);
#7956 = CARTESIAN_POINT('',(-4.83,-8.8,7.18));
#7957 = VECTOR('',#7958,1.);
#7958 = DIRECTION('',(-0.,1.,0.));
#7959 = ORIENTED_EDGE('',*,*,#7750,.F.);
#7960 = ORIENTED_EDGE('',*,*,#7961,.T.);
#7961 = EDGE_CURVE('',#7743,#7945,#7962,.T.);
#7962 = LINE('',#7963,#7964);
#7963 = CARTESIAN_POINT('',(-5.33,-8.8,7.18));
#7964 = VECTOR('',#7965,1.);
#7965 = DIRECTION('',(0.,-1.,-0.));
#7966 = PLANE('',#7967);
#7967 = AXIS2_PLACEMENT_3D('',#7968,#7969,#7970);
#7968 = CARTESIAN_POINT('',(-5.08,-8.8,7.18));
#7969 = DIRECTION('',(0.,0.,1.));
#7970 = DIRECTION('',(1.,0.,-0.));
#7971 = ADVANCED_FACE('',(#7972),#8039,.F.);
#7972 = FACE_BOUND('',#7973,.T.);
#7973 = EDGE_LOOP('',(#7974,#7984,#7992,#8000,#8009,#8017,#8025,#8031,
    #8032,#8033));
#7974 = ORIENTED_EDGE('',*,*,#7975,.F.);
#7975 = EDGE_CURVE('',#7976,#7978,#7980,.T.);
#7976 = VERTEX_POINT('',#7977);
#7977 = CARTESIAN_POINT('',(-5.33,-9.7,5.08));
#7978 = VERTEX_POINT('',#7979);
#7979 = CARTESIAN_POINT('',(-5.33,-8.8,5.28));
#7980 = LINE('',#7981,#7982);
#7981 = CARTESIAN_POINT('',(-5.33,-9.7,5.08));
#7982 = VECTOR('',#7983,1.);
#7983 = DIRECTION('',(0.,0.976187060184,0.216930457819));
#7984 = ORIENTED_EDGE('',*,*,#7985,.F.);
#7985 = EDGE_CURVE('',#7986,#7976,#7988,.T.);
#7986 = VERTEX_POINT('',#7987);
#7987 = CARTESIAN_POINT('',(-5.33,-10.8,5.93));
#7988 = LINE('',#7989,#7990);
#7989 = CARTESIAN_POINT('',(-5.33,-10.8,5.93));
#7990 = VECTOR('',#7991,1.);
#7991 = DIRECTION('',(0.,0.791285001392,-0.611447501076));
#7992 = ORIENTED_EDGE('',*,*,#7993,.F.);
#7993 = EDGE_CURVE('',#7994,#7986,#7996,.T.);
#7994 = VERTEX_POINT('',#7995);
#7995 = CARTESIAN_POINT('',(-5.33,-8.4,5.93));
#7996 = LINE('',#7997,#7998);
#7997 = CARTESIAN_POINT('',(-5.33,-9.3,5.93));
#7998 = VECTOR('',#7999,1.);
#7999 = DIRECTION('',(0.,-1.,-0.));
#8000 = ORIENTED_EDGE('',*,*,#8001,.F.);
#8001 = EDGE_CURVE('',#8002,#7994,#8004,.T.);
#8002 = VERTEX_POINT('',#8003);
#8003 = CARTESIAN_POINT('',(-5.33,-8.4,6.53));
#8004 = CIRCLE('',#8005,0.3);
#8005 = AXIS2_PLACEMENT_3D('',#8006,#8007,#8008);
#8006 = CARTESIAN_POINT('',(-5.33,-8.4,6.23));
#8007 = DIRECTION('',(-1.,0.,0.));
#8008 = DIRECTION('',(0.,0.,1.));
#8009 = ORIENTED_EDGE('',*,*,#8010,.F.);
#8010 = EDGE_CURVE('',#8011,#8002,#8013,.T.);
#8011 = VERTEX_POINT('',#8012);
#8012 = CARTESIAN_POINT('',(-5.33,-10.8,6.53));
#8013 = LINE('',#8014,#8015);
#8014 = CARTESIAN_POINT('',(-5.33,-9.3,6.53));
#8015 = VECTOR('',#8016,1.);
#8016 = DIRECTION('',(-0.,1.,0.));
#8017 = ORIENTED_EDGE('',*,*,#8018,.F.);
#8018 = EDGE_CURVE('',#8019,#8011,#8021,.T.);
#8019 = VERTEX_POINT('',#8020);
#8020 = CARTESIAN_POINT('',(-5.33,-9.7,7.38));
#8021 = LINE('',#8022,#8023);
#8022 = CARTESIAN_POINT('',(-5.33,-9.7,7.38));
#8023 = VECTOR('',#8024,1.);
#8024 = DIRECTION('',(0.,-0.791285001392,-0.611447501076));
#8025 = ORIENTED_EDGE('',*,*,#8026,.F.);
#8026 = EDGE_CURVE('',#7945,#8019,#8027,.T.);
#8027 = LINE('',#8028,#8029);
#8028 = CARTESIAN_POINT('',(-5.33,-8.8,7.18));
#8029 = VECTOR('',#8030,1.);
#8030 = DIRECTION('',(0.,-0.976187060184,0.216930457819));
#8031 = ORIENTED_EDGE('',*,*,#7961,.F.);
#8032 = ORIENTED_EDGE('',*,*,#7740,.F.);
#8033 = ORIENTED_EDGE('',*,*,#8034,.F.);
#8034 = EDGE_CURVE('',#7978,#7741,#8035,.T.);
#8035 = LINE('',#8036,#8037);
#8036 = CARTESIAN_POINT('',(-5.33,-9.3,5.28));
#8037 = VECTOR('',#8038,1.);
#8038 = DIRECTION('',(-0.,1.,0.));
#8039 = PLANE('',#8040);
#8040 = AXIS2_PLACEMENT_3D('',#8041,#8042,#8043);
#8041 = CARTESIAN_POINT('',(-5.33,-9.3,6.23));
#8042 = DIRECTION('',(1.,0.,0.));
#8043 = DIRECTION('',(0.,0.,-1.));
#8044 = ADVANCED_FACE('',(#8045),#8063,.T.);
#8045 = FACE_BOUND('',#8046,.T.);
#8046 = EDGE_LOOP('',(#8047,#8048,#8056,#8062));
#8047 = ORIENTED_EDGE('',*,*,#7766,.F.);
#8048 = ORIENTED_EDGE('',*,*,#8049,.T.);
#8049 = EDGE_CURVE('',#7759,#8050,#8052,.T.);
#8050 = VERTEX_POINT('',#8051);
#8051 = CARTESIAN_POINT('',(-4.83,-8.8,5.28));
#8052 = LINE('',#8053,#8054);
#8053 = CARTESIAN_POINT('',(-4.83,-7.8,5.28));
#8054 = VECTOR('',#8055,1.);
#8055 = DIRECTION('',(-0.,-1.,2.22044604925E-15));
#8056 = ORIENTED_EDGE('',*,*,#8057,.T.);
#8057 = EDGE_CURVE('',#8050,#7978,#8058,.T.);
#8058 = LINE('',#8059,#8060);
#8059 = CARTESIAN_POINT('',(-5.08,-8.8,5.28));
#8060 = VECTOR('',#8061,1.);
#8061 = DIRECTION('',(-1.,0.,-0.));
#8062 = ORIENTED_EDGE('',*,*,#8034,.T.);
#8063 = PLANE('',#8064);
#8064 = AXIS2_PLACEMENT_3D('',#8065,#8066,#8067);
#8065 = CARTESIAN_POINT('',(-5.08,-7.8,5.28));
#8066 = DIRECTION('',(0.,-2.22044604925E-15,-1.));
#8067 = DIRECTION('',(0.,1.,-2.22044604925E-15));
#8068 = ADVANCED_FACE('',(#8069),#8129,.T.);
#8069 = FACE_BOUND('',#8070,.T.);
#8070 = EDGE_LOOP('',(#8071,#8081,#8087,#8088,#8089,#8090,#8098,#8106,
    #8114,#8123));
#8071 = ORIENTED_EDGE('',*,*,#8072,.T.);
#8072 = EDGE_CURVE('',#8073,#8075,#8077,.T.);
#8073 = VERTEX_POINT('',#8074);
#8074 = CARTESIAN_POINT('',(-4.83,-10.8,5.93));
#8075 = VERTEX_POINT('',#8076);
#8076 = CARTESIAN_POINT('',(-4.83,-9.7,5.08));
#8077 = LINE('',#8078,#8079);
#8078 = CARTESIAN_POINT('',(-4.83,-10.8,5.93));
#8079 = VECTOR('',#8080,1.);
#8080 = DIRECTION('',(0.,0.791285001392,-0.611447501076));
#8081 = ORIENTED_EDGE('',*,*,#8082,.T.);
#8082 = EDGE_CURVE('',#8075,#8050,#8083,.T.);
#8083 = LINE('',#8084,#8085);
#8084 = CARTESIAN_POINT('',(-4.83,-9.7,5.08));
#8085 = VECTOR('',#8086,1.);
#8086 = DIRECTION('',(0.,0.976187060184,0.216930457819));
#8087 = ORIENTED_EDGE('',*,*,#8049,.F.);
#8088 = ORIENTED_EDGE('',*,*,#7758,.F.);
#8089 = ORIENTED_EDGE('',*,*,#7954,.F.);
#8090 = ORIENTED_EDGE('',*,*,#8091,.T.);
#8091 = EDGE_CURVE('',#7947,#8092,#8094,.T.);
#8092 = VERTEX_POINT('',#8093);
#8093 = CARTESIAN_POINT('',(-4.83,-9.7,7.38));
#8094 = LINE('',#8095,#8096);
#8095 = CARTESIAN_POINT('',(-4.83,-8.8,7.18));
#8096 = VECTOR('',#8097,1.);
#8097 = DIRECTION('',(0.,-0.976187060184,0.216930457819));
#8098 = ORIENTED_EDGE('',*,*,#8099,.T.);
#8099 = EDGE_CURVE('',#8092,#8100,#8102,.T.);
#8100 = VERTEX_POINT('',#8101);
#8101 = CARTESIAN_POINT('',(-4.83,-10.8,6.53));
#8102 = LINE('',#8103,#8104);
#8103 = CARTESIAN_POINT('',(-4.83,-9.7,7.38));
#8104 = VECTOR('',#8105,1.);
#8105 = DIRECTION('',(0.,-0.791285001392,-0.611447501076));
#8106 = ORIENTED_EDGE('',*,*,#8107,.T.);
#8107 = EDGE_CURVE('',#8100,#8108,#8110,.T.);
#8108 = VERTEX_POINT('',#8109);
#8109 = CARTESIAN_POINT('',(-4.83,-8.4,6.53));
#8110 = LINE('',#8111,#8112);
#8111 = CARTESIAN_POINT('',(-4.83,-9.3,6.53));
#8112 = VECTOR('',#8113,1.);
#8113 = DIRECTION('',(-0.,1.,0.));
#8114 = ORIENTED_EDGE('',*,*,#8115,.T.);
#8115 = EDGE_CURVE('',#8108,#8116,#8118,.T.);
#8116 = VERTEX_POINT('',#8117);
#8117 = CARTESIAN_POINT('',(-4.83,-8.4,5.93));
#8118 = CIRCLE('',#8119,0.3);
#8119 = AXIS2_PLACEMENT_3D('',#8120,#8121,#8122);
#8120 = CARTESIAN_POINT('',(-4.83,-8.4,6.23));
#8121 = DIRECTION('',(-1.,0.,0.));
#8122 = DIRECTION('',(0.,0.,1.));
#8123 = ORIENTED_EDGE('',*,*,#8124,.T.);
#8124 = EDGE_CURVE('',#8116,#8073,#8125,.T.);
#8125 = LINE('',#8126,#8127);
#8126 = CARTESIAN_POINT('',(-4.83,-9.3,5.93));
#8127 = VECTOR('',#8128,1.);
#8128 = DIRECTION('',(0.,-1.,-0.));
#8129 = PLANE('',#8130);
#8130 = AXIS2_PLACEMENT_3D('',#8131,#8132,#8133);
#8131 = CARTESIAN_POINT('',(-4.83,-9.3,6.23));
#8132 = DIRECTION('',(1.,0.,0.));
#8133 = DIRECTION('',(0.,0.,-1.));
#8134 = ADVANCED_FACE('',(#8135),#8160,.T.);
#8135 = FACE_BOUND('',#8136,.T.);
#8136 = EDGE_LOOP('',(#8137,#8147,#8153,#8154));
#8137 = ORIENTED_EDGE('',*,*,#8138,.T.);
#8138 = EDGE_CURVE('',#8139,#8141,#8143,.T.);
#8139 = VERTEX_POINT('',#8140);
#8140 = CARTESIAN_POINT('',(5.33,-8.8,5.28));
#8141 = VERTEX_POINT('',#8142);
#8142 = CARTESIAN_POINT('',(4.83,-8.8,5.28));
#8143 = LINE('',#8144,#8145);
#8144 = CARTESIAN_POINT('',(5.08,-8.8,5.28));
#8145 = VECTOR('',#8146,1.);
#8146 = DIRECTION('',(-1.,0.,-0.));
#8147 = ORIENTED_EDGE('',*,*,#8148,.T.);
#8148 = EDGE_CURVE('',#8141,#7785,#8149,.T.);
#8149 = LINE('',#8150,#8151);
#8150 = CARTESIAN_POINT('',(4.83,-8.8,5.28));
#8151 = VECTOR('',#8152,1.);
#8152 = DIRECTION('',(0.,1.,-2.22044604925E-15));
#8153 = ORIENTED_EDGE('',*,*,#7784,.F.);
#8154 = ORIENTED_EDGE('',*,*,#8155,.T.);
#8155 = EDGE_CURVE('',#7777,#8139,#8156,.T.);
#8156 = LINE('',#8157,#8158);
#8157 = CARTESIAN_POINT('',(5.33,-8.8,5.28));
#8158 = VECTOR('',#8159,1.);
#8159 = DIRECTION('',(-0.,-1.,2.22044604925E-15));
#8160 = PLANE('',#8161);
#8161 = AXIS2_PLACEMENT_3D('',#8162,#8163,#8164);
#8162 = CARTESIAN_POINT('',(5.08,-8.8,5.28));
#8163 = DIRECTION('',(0.,-2.22044604925E-15,-1.));
#8164 = DIRECTION('',(0.,1.,-2.22044604925E-15));
#8165 = ADVANCED_FACE('',(#8166),#8233,.T.);
#8166 = FACE_BOUND('',#8167,.T.);
#8167 = EDGE_LOOP('',(#8168,#8169,#8170,#8178,#8186,#8194,#8202,#8211,
    #8219,#8227));
#8168 = ORIENTED_EDGE('',*,*,#8155,.F.);
#8169 = ORIENTED_EDGE('',*,*,#7774,.F.);
#8170 = ORIENTED_EDGE('',*,*,#8171,.T.);
#8171 = EDGE_CURVE('',#7775,#8172,#8174,.T.);
#8172 = VERTEX_POINT('',#8173);
#8173 = CARTESIAN_POINT('',(5.33,-8.8,7.18));
#8174 = LINE('',#8175,#8176);
#8175 = CARTESIAN_POINT('',(5.33,-9.3,7.18));
#8176 = VECTOR('',#8177,1.);
#8177 = DIRECTION('',(0.,-1.,-0.));
#8178 = ORIENTED_EDGE('',*,*,#8179,.T.);
#8179 = EDGE_CURVE('',#8172,#8180,#8182,.T.);
#8180 = VERTEX_POINT('',#8181);
#8181 = CARTESIAN_POINT('',(5.33,-9.7,7.38));
#8182 = LINE('',#8183,#8184);
#8183 = CARTESIAN_POINT('',(5.33,-8.8,7.18));
#8184 = VECTOR('',#8185,1.);
#8185 = DIRECTION('',(0.,-0.976187060184,0.216930457819));
#8186 = ORIENTED_EDGE('',*,*,#8187,.T.);
#8187 = EDGE_CURVE('',#8180,#8188,#8190,.T.);
#8188 = VERTEX_POINT('',#8189);
#8189 = CARTESIAN_POINT('',(5.33,-10.8,6.53));
#8190 = LINE('',#8191,#8192);
#8191 = CARTESIAN_POINT('',(5.33,-9.7,7.38));
#8192 = VECTOR('',#8193,1.);
#8193 = DIRECTION('',(0.,-0.791285001392,-0.611447501076));
#8194 = ORIENTED_EDGE('',*,*,#8195,.T.);
#8195 = EDGE_CURVE('',#8188,#8196,#8198,.T.);
#8196 = VERTEX_POINT('',#8197);
#8197 = CARTESIAN_POINT('',(5.33,-8.4,6.53));
#8198 = LINE('',#8199,#8200);
#8199 = CARTESIAN_POINT('',(5.33,-9.3,6.53));
#8200 = VECTOR('',#8201,1.);
#8201 = DIRECTION('',(-0.,1.,0.));
#8202 = ORIENTED_EDGE('',*,*,#8203,.T.);
#8203 = EDGE_CURVE('',#8196,#8204,#8206,.T.);
#8204 = VERTEX_POINT('',#8205);
#8205 = CARTESIAN_POINT('',(5.33,-8.4,5.93));
#8206 = CIRCLE('',#8207,0.3);
#8207 = AXIS2_PLACEMENT_3D('',#8208,#8209,#8210);
#8208 = CARTESIAN_POINT('',(5.33,-8.4,6.23));
#8209 = DIRECTION('',(-1.,-0.,-0.));
#8210 = DIRECTION('',(0.,0.,-1.));
#8211 = ORIENTED_EDGE('',*,*,#8212,.T.);
#8212 = EDGE_CURVE('',#8204,#8213,#8215,.T.);
#8213 = VERTEX_POINT('',#8214);
#8214 = CARTESIAN_POINT('',(5.33,-10.8,5.93));
#8215 = LINE('',#8216,#8217);
#8216 = CARTESIAN_POINT('',(5.33,-9.3,5.93));
#8217 = VECTOR('',#8218,1.);
#8218 = DIRECTION('',(0.,-1.,-0.));
#8219 = ORIENTED_EDGE('',*,*,#8220,.T.);
#8220 = EDGE_CURVE('',#8213,#8221,#8223,.T.);
#8221 = VERTEX_POINT('',#8222);
#8222 = CARTESIAN_POINT('',(5.33,-9.7,5.08));
#8223 = LINE('',#8224,#8225);
#8224 = CARTESIAN_POINT('',(5.33,-10.8,5.93));
#8225 = VECTOR('',#8226,1.);
#8226 = DIRECTION('',(0.,0.791285001392,-0.611447501076));
#8227 = ORIENTED_EDGE('',*,*,#8228,.T.);
#8228 = EDGE_CURVE('',#8221,#8139,#8229,.T.);
#8229 = LINE('',#8230,#8231);
#8230 = CARTESIAN_POINT('',(5.33,-9.7,5.08));
#8231 = VECTOR('',#8232,1.);
#8232 = DIRECTION('',(0.,0.976187060184,0.216930457819));
#8233 = PLANE('',#8234);
#8234 = AXIS2_PLACEMENT_3D('',#8235,#8236,#8237);
#8235 = CARTESIAN_POINT('',(5.33,-9.3,6.23));
#8236 = DIRECTION('',(1.,0.,0.));
#8237 = DIRECTION('',(0.,0.,-1.));
#8238 = ADVANCED_FACE('',(#8239),#8257,.T.);
#8239 = FACE_BOUND('',#8240,.T.);
#8240 = EDGE_LOOP('',(#8241,#8242,#8250,#8256));
#8241 = ORIENTED_EDGE('',*,*,#7800,.F.);
#8242 = ORIENTED_EDGE('',*,*,#8243,.T.);
#8243 = EDGE_CURVE('',#7793,#8244,#8246,.T.);
#8244 = VERTEX_POINT('',#8245);
#8245 = CARTESIAN_POINT('',(4.83,-8.8,7.18));
#8246 = LINE('',#8247,#8248);
#8247 = CARTESIAN_POINT('',(4.83,-7.8,7.18));
#8248 = VECTOR('',#8249,1.);
#8249 = DIRECTION('',(0.,-1.,-0.));
#8250 = ORIENTED_EDGE('',*,*,#8251,.T.);
#8251 = EDGE_CURVE('',#8244,#8172,#8252,.T.);
#8252 = LINE('',#8253,#8254);
#8253 = CARTESIAN_POINT('',(5.08,-8.8,7.18));
#8254 = VECTOR('',#8255,1.);
#8255 = DIRECTION('',(1.,0.,-0.));
#8256 = ORIENTED_EDGE('',*,*,#8171,.F.);
#8257 = PLANE('',#8258);
#8258 = AXIS2_PLACEMENT_3D('',#8259,#8260,#8261);
#8259 = CARTESIAN_POINT('',(5.08,-7.8,7.18));
#8260 = DIRECTION('',(0.,0.,1.));
#8261 = DIRECTION('',(1.,0.,-0.));
#8262 = ADVANCED_FACE('',(#8263),#8323,.F.);
#8263 = FACE_BOUND('',#8264,.T.);
#8264 = EDGE_LOOP('',(#8265,#8266,#8267,#8275,#8283,#8291,#8300,#8308,
    #8316,#8322));
#8265 = ORIENTED_EDGE('',*,*,#7792,.F.);
#8266 = ORIENTED_EDGE('',*,*,#8148,.F.);
#8267 = ORIENTED_EDGE('',*,*,#8268,.F.);
#8268 = EDGE_CURVE('',#8269,#8141,#8271,.T.);
#8269 = VERTEX_POINT('',#8270);
#8270 = CARTESIAN_POINT('',(4.83,-9.7,5.08));
#8271 = LINE('',#8272,#8273);
#8272 = CARTESIAN_POINT('',(4.83,-9.7,5.08));
#8273 = VECTOR('',#8274,1.);
#8274 = DIRECTION('',(0.,0.976187060184,0.216930457819));
#8275 = ORIENTED_EDGE('',*,*,#8276,.F.);
#8276 = EDGE_CURVE('',#8277,#8269,#8279,.T.);
#8277 = VERTEX_POINT('',#8278);
#8278 = CARTESIAN_POINT('',(4.83,-10.8,5.93));
#8279 = LINE('',#8280,#8281);
#8280 = CARTESIAN_POINT('',(4.83,-10.8,5.93));
#8281 = VECTOR('',#8282,1.);
#8282 = DIRECTION('',(0.,0.791285001392,-0.611447501076));
#8283 = ORIENTED_EDGE('',*,*,#8284,.F.);
#8284 = EDGE_CURVE('',#8285,#8277,#8287,.T.);
#8285 = VERTEX_POINT('',#8286);
#8286 = CARTESIAN_POINT('',(4.83,-8.4,5.93));
#8287 = LINE('',#8288,#8289);
#8288 = CARTESIAN_POINT('',(4.83,-9.3,5.93));
#8289 = VECTOR('',#8290,1.);
#8290 = DIRECTION('',(0.,-1.,-0.));
#8291 = ORIENTED_EDGE('',*,*,#8292,.F.);
#8292 = EDGE_CURVE('',#8293,#8285,#8295,.T.);
#8293 = VERTEX_POINT('',#8294);
#8294 = CARTESIAN_POINT('',(4.83,-8.4,6.53));
#8295 = CIRCLE('',#8296,0.3);
#8296 = AXIS2_PLACEMENT_3D('',#8297,#8298,#8299);
#8297 = CARTESIAN_POINT('',(4.83,-8.4,6.23));
#8298 = DIRECTION('',(-1.,-0.,-0.));
#8299 = DIRECTION('',(0.,0.,-1.));
#8300 = ORIENTED_EDGE('',*,*,#8301,.F.);
#8301 = EDGE_CURVE('',#8302,#8293,#8304,.T.);
#8302 = VERTEX_POINT('',#8303);
#8303 = CARTESIAN_POINT('',(4.83,-10.8,6.53));
#8304 = LINE('',#8305,#8306);
#8305 = CARTESIAN_POINT('',(4.83,-9.3,6.53));
#8306 = VECTOR('',#8307,1.);
#8307 = DIRECTION('',(-0.,1.,0.));
#8308 = ORIENTED_EDGE('',*,*,#8309,.F.);
#8309 = EDGE_CURVE('',#8310,#8302,#8312,.T.);
#8310 = VERTEX_POINT('',#8311);
#8311 = CARTESIAN_POINT('',(4.83,-9.7,7.38));
#8312 = LINE('',#8313,#8314);
#8313 = CARTESIAN_POINT('',(4.83,-9.7,7.38));
#8314 = VECTOR('',#8315,1.);
#8315 = DIRECTION('',(0.,-0.791285001392,-0.611447501076));
#8316 = ORIENTED_EDGE('',*,*,#8317,.F.);
#8317 = EDGE_CURVE('',#8244,#8310,#8318,.T.);
#8318 = LINE('',#8319,#8320);
#8319 = CARTESIAN_POINT('',(4.83,-8.8,7.18));
#8320 = VECTOR('',#8321,1.);
#8321 = DIRECTION('',(0.,-0.976187060184,0.216930457819));
#8322 = ORIENTED_EDGE('',*,*,#8243,.F.);
#8323 = PLANE('',#8324);
#8324 = AXIS2_PLACEMENT_3D('',#8325,#8326,#8327);
#8325 = CARTESIAN_POINT('',(4.83,-9.3,6.23));
#8326 = DIRECTION('',(1.,0.,0.));
#8327 = DIRECTION('',(0.,0.,-1.));
#8328 = ADVANCED_FACE('',(#8329),#8363,.F.);
#8329 = FACE_BOUND('',#8330,.T.);
#8330 = EDGE_LOOP('',(#8331,#8332,#8340,#8348,#8357));
#8331 = ORIENTED_EDGE('',*,*,#7914,.F.);
#8332 = ORIENTED_EDGE('',*,*,#8333,.F.);
#8333 = EDGE_CURVE('',#8334,#7907,#8336,.T.);
#8334 = VERTEX_POINT('',#8335);
#8335 = CARTESIAN_POINT('',(-7.2,-2.4,0.));
#8336 = LINE('',#8337,#8338);
#8337 = CARTESIAN_POINT('',(-7.2,-5.551115123126E-16,0.));
#8338 = VECTOR('',#8339,1.);
#8339 = DIRECTION('',(0.,-1.,-0.));
#8340 = ORIENTED_EDGE('',*,*,#8341,.F.);
#8341 = EDGE_CURVE('',#8342,#8334,#8344,.T.);
#8342 = VERTEX_POINT('',#8343);
#8343 = CARTESIAN_POINT('',(-3.404761371961,-2.4,0.));
#8344 = LINE('',#8345,#8346);
#8345 = CARTESIAN_POINT('',(1.665334536938E-15,-2.4,0.));
#8346 = VECTOR('',#8347,1.);
#8347 = DIRECTION('',(-1.,-0.,0.));
#8348 = ORIENTED_EDGE('',*,*,#8349,.F.);
#8349 = EDGE_CURVE('',#8350,#8342,#8352,.T.);
#8350 = VERTEX_POINT('',#8351);
#8351 = CARTESIAN_POINT('',(-0.794549815589,-3.792352597822,0.));
#8352 = CIRCLE('',#8353,4.7);
#8353 = AXIS2_PLACEMENT_3D('',#8354,#8355,#8356);
#8354 = CARTESIAN_POINT('',(0.,0.84,0.));
#8355 = DIRECTION('',(0.,-0.,-1.));
#8356 = DIRECTION('',(1.,8.996571218497E-16,-0.));
#8357 = ORIENTED_EDGE('',*,*,#8358,.F.);
#8358 = EDGE_CURVE('',#7915,#8350,#8359,.T.);
#8359 = LINE('',#8360,#8361);
#8360 = CARTESIAN_POINT('',(-0.794549815589,-5.551115123126E-16,0.));
#8361 = VECTOR('',#8362,1.);
#8362 = DIRECTION('',(-0.,1.,0.));
#8363 = PLANE('',#8364);
#8364 = AXIS2_PLACEMENT_3D('',#8365,#8366,#8367);
#8365 = CARTESIAN_POINT('',(1.665334536938E-15,-5.551115123126E-16,0.));
#8366 = DIRECTION('',(0.,0.,1.));
#8367 = DIRECTION('',(1.,0.,-0.));
#8368 = ADVANCED_FACE('',(#8369),#8419,.T.);
#8369 = FACE_BOUND('',#8370,.T.);
#8370 = EDGE_LOOP('',(#8371,#8381,#8389,#8395,#8396,#8397,#8405,#8413));
#8371 = ORIENTED_EDGE('',*,*,#8372,.T.);
#8372 = EDGE_CURVE('',#8373,#8375,#8377,.T.);
#8373 = VERTEX_POINT('',#8374);
#8374 = CARTESIAN_POINT('',(-7.2,4.08,0.));
#8375 = VERTEX_POINT('',#8376);
#8376 = CARTESIAN_POINT('',(-7.2,4.08,2.6));
#8377 = LINE('',#8378,#8379);
#8378 = CARTESIAN_POINT('',(-7.2,4.08,0.));
#8379 = VECTOR('',#8380,1.);
#8380 = DIRECTION('',(0.,0.,1.));
#8381 = ORIENTED_EDGE('',*,*,#8382,.T.);
#8382 = EDGE_CURVE('',#8375,#8383,#8385,.T.);
#8383 = VERTEX_POINT('',#8384);
#8384 = CARTESIAN_POINT('',(-7.2,-2.4,2.6));
#8385 = LINE('',#8386,#8387);
#8386 = CARTESIAN_POINT('',(-7.2,5.8,2.6));
#8387 = VECTOR('',#8388,1.);
#8388 = DIRECTION('',(-0.,-1.,0.));
#8389 = ORIENTED_EDGE('',*,*,#8390,.T.);
#8390 = EDGE_CURVE('',#8383,#8334,#8391,.T.);
#8391 = LINE('',#8392,#8393);
#8392 = CARTESIAN_POINT('',(-7.2,-2.4,0.));
#8393 = VECTOR('',#8394,1.);
#8394 = DIRECTION('',(-0.,-0.,-1.));
#8395 = ORIENTED_EDGE('',*,*,#8333,.T.);
#8396 = ORIENTED_EDGE('',*,*,#7906,.F.);
#8397 = ORIENTED_EDGE('',*,*,#8398,.T.);
#8398 = EDGE_CURVE('',#7899,#8399,#8401,.T.);
#8399 = VERTEX_POINT('',#8400);
#8400 = CARTESIAN_POINT('',(-7.2,5.8,14.1));
#8401 = LINE('',#8402,#8403);
#8402 = CARTESIAN_POINT('',(-7.2,5.8,14.1));
#8403 = VECTOR('',#8404,1.);
#8404 = DIRECTION('',(0.,1.,-0.));
#8405 = ORIENTED_EDGE('',*,*,#8406,.T.);
#8406 = EDGE_CURVE('',#8399,#8407,#8409,.T.);
#8407 = VERTEX_POINT('',#8408);
#8408 = CARTESIAN_POINT('',(-7.2,5.8,0.));
#8409 = LINE('',#8410,#8411);
#8410 = CARTESIAN_POINT('',(-7.2,5.8,0.));
#8411 = VECTOR('',#8412,1.);
#8412 = DIRECTION('',(-0.,-0.,-1.));
#8413 = ORIENTED_EDGE('',*,*,#8414,.T.);
#8414 = EDGE_CURVE('',#8407,#8373,#8415,.T.);
#8415 = LINE('',#8416,#8417);
#8416 = CARTESIAN_POINT('',(-7.2,-5.551115123126E-16,0.));
#8417 = VECTOR('',#8418,1.);
#8418 = DIRECTION('',(0.,-1.,-0.));
#8419 = PLANE('',#8420);
#8420 = AXIS2_PLACEMENT_3D('',#8421,#8422,#8423);
#8421 = CARTESIAN_POINT('',(-7.2,5.8,0.));
#8422 = DIRECTION('',(-1.,0.,0.));
#8423 = DIRECTION('',(0.,0.,1.));
#8424 = ADVANCED_FACE('',(#8425,#8444),#8480,.T.);
#8425 = FACE_BOUND('',#8426,.T.);
#8426 = EDGE_LOOP('',(#8427,#8436,#8437,#8438));
#8427 = ORIENTED_EDGE('',*,*,#8428,.T.);
#8428 = EDGE_CURVE('',#8429,#7077,#8431,.T.);
#8429 = VERTEX_POINT('',#8430);
#8430 = CARTESIAN_POINT('',(3.572114219898,6.01,14.1));
#8431 = CIRCLE('',#8432,6.35);
#8432 = AXIS2_PLACEMENT_3D('',#8433,#8434,#8435);
#8433 = CARTESIAN_POINT('',(0.,0.76,14.1));
#8434 = DIRECTION('',(0.,-0.,-1.));
#8435 = DIRECTION('',(1.,-8.878505979409E-16,0.));
#8436 = ORIENTED_EDGE('',*,*,#7076,.T.);
#8437 = ORIENTED_EDGE('',*,*,#7033,.T.);
#8438 = ORIENTED_EDGE('',*,*,#8439,.T.);
#8439 = EDGE_CURVE('',#7036,#8429,#8440,.T.);
#8440 = LINE('',#8441,#8442);
#8441 = CARTESIAN_POINT('',(1.665334536938E-15,6.01,14.1));
#8442 = VECTOR('',#8443,1.);
#8443 = DIRECTION('',(1.,0.,-0.));
#8444 = FACE_BOUND('',#8445,.T.);
#8445 = EDGE_LOOP('',(#8446,#8457,#8465,#8472,#8473,#8474));
#8446 = ORIENTED_EDGE('',*,*,#8447,.T.);
#8447 = EDGE_CURVE('',#8448,#8450,#8452,.T.);
#8448 = VERTEX_POINT('',#8449);
#8449 = CARTESIAN_POINT('',(7.2,5.8,14.1));
#8450 = VERTEX_POINT('',#8451);
#8451 = CARTESIAN_POINT('',(5.2,7.8,14.1));
#8452 = CIRCLE('',#8453,2.);
#8453 = AXIS2_PLACEMENT_3D('',#8454,#8455,#8456);
#8454 = CARTESIAN_POINT('',(5.2,5.8,14.1));
#8455 = DIRECTION('',(0.,0.,1.));
#8456 = DIRECTION('',(1.,0.,-0.));
#8457 = ORIENTED_EDGE('',*,*,#8458,.T.);
#8458 = EDGE_CURVE('',#8450,#8459,#8461,.T.);
#8459 = VERTEX_POINT('',#8460);
#8460 = CARTESIAN_POINT('',(-5.2,7.8,14.1));
#8461 = LINE('',#8462,#8463);
#8462 = CARTESIAN_POINT('',(1.665334536938E-15,7.8,14.1));
#8463 = VECTOR('',#8464,1.);
#8464 = DIRECTION('',(-1.,-0.,0.));
#8465 = ORIENTED_EDGE('',*,*,#8466,.T.);
#8466 = EDGE_CURVE('',#8459,#8399,#8467,.T.);
#8467 = CIRCLE('',#8468,2.);
#8468 = AXIS2_PLACEMENT_3D('',#8469,#8470,#8471);
#8469 = CARTESIAN_POINT('',(-5.2,5.8,14.1));
#8470 = DIRECTION('',(0.,0.,1.));
#8471 = DIRECTION('',(1.,0.,-0.));
#8472 = ORIENTED_EDGE('',*,*,#8398,.F.);
#8473 = ORIENTED_EDGE('',*,*,#7898,.F.);
#8474 = ORIENTED_EDGE('',*,*,#8475,.T.);
#8475 = EDGE_CURVE('',#7891,#8448,#8476,.T.);
#8476 = LINE('',#8477,#8478);
#8477 = CARTESIAN_POINT('',(7.2,-5.551115123126E-16,14.1));
#8478 = VECTOR('',#8479,1.);
#8479 = DIRECTION('',(-0.,1.,0.));
#8480 = PLANE('',#8481);
#8481 = AXIS2_PLACEMENT_3D('',#8482,#8483,#8484);
#8482 = CARTESIAN_POINT('',(1.665334536938E-15,-5.551115123126E-16,14.1)
  );
#8483 = DIRECTION('',(0.,0.,1.));
#8484 = DIRECTION('',(1.,0.,-0.));
#8485 = ADVANCED_FACE('',(#8486),#8536,.T.);
#8486 = FACE_BOUND('',#8487,.T.);
#8487 = EDGE_LOOP('',(#8488,#8489,#8497,#8505,#8513,#8521,#8529,#8535));
#8488 = ORIENTED_EDGE('',*,*,#7890,.F.);
#8489 = ORIENTED_EDGE('',*,*,#8490,.T.);
#8490 = EDGE_CURVE('',#7883,#8491,#8493,.T.);
#8491 = VERTEX_POINT('',#8492);
#8492 = CARTESIAN_POINT('',(7.2,-2.4,0.));
#8493 = LINE('',#8494,#8495);
#8494 = CARTESIAN_POINT('',(7.2,-7.8,0.));
#8495 = VECTOR('',#8496,1.);
#8496 = DIRECTION('',(-0.,1.,0.));
#8497 = ORIENTED_EDGE('',*,*,#8498,.T.);
#8498 = EDGE_CURVE('',#8491,#8499,#8501,.T.);
#8499 = VERTEX_POINT('',#8500);
#8500 = CARTESIAN_POINT('',(7.2,-2.4,2.6));
#8501 = LINE('',#8502,#8503);
#8502 = CARTESIAN_POINT('',(7.2,-2.4,0.));
#8503 = VECTOR('',#8504,1.);
#8504 = DIRECTION('',(-0.,-0.,1.));
#8505 = ORIENTED_EDGE('',*,*,#8506,.T.);
#8506 = EDGE_CURVE('',#8499,#8507,#8509,.T.);
#8507 = VERTEX_POINT('',#8508);
#8508 = CARTESIAN_POINT('',(7.2,4.08,2.6));
#8509 = LINE('',#8510,#8511);
#8510 = CARTESIAN_POINT('',(7.2,-7.8,2.6));
#8511 = VECTOR('',#8512,1.);
#8512 = DIRECTION('',(-0.,1.,0.));
#8513 = ORIENTED_EDGE('',*,*,#8514,.T.);
#8514 = EDGE_CURVE('',#8507,#8515,#8517,.T.);
#8515 = VERTEX_POINT('',#8516);
#8516 = CARTESIAN_POINT('',(7.2,4.08,0.));
#8517 = LINE('',#8518,#8519);
#8518 = CARTESIAN_POINT('',(7.2,4.08,0.));
#8519 = VECTOR('',#8520,1.);
#8520 = DIRECTION('',(0.,0.,-1.));
#8521 = ORIENTED_EDGE('',*,*,#8522,.T.);
#8522 = EDGE_CURVE('',#8515,#8523,#8525,.T.);
#8523 = VERTEX_POINT('',#8524);
#8524 = CARTESIAN_POINT('',(7.2,5.8,0.));
#8525 = LINE('',#8526,#8527);
#8526 = CARTESIAN_POINT('',(7.2,-5.551115123126E-16,0.));
#8527 = VECTOR('',#8528,1.);
#8528 = DIRECTION('',(-0.,1.,0.));
#8529 = ORIENTED_EDGE('',*,*,#8530,.T.);
#8530 = EDGE_CURVE('',#8523,#8448,#8531,.T.);
#8531 = LINE('',#8532,#8533);
#8532 = CARTESIAN_POINT('',(7.2,5.8,0.));
#8533 = VECTOR('',#8534,1.);
#8534 = DIRECTION('',(-0.,-0.,1.));
#8535 = ORIENTED_EDGE('',*,*,#8475,.F.);
#8536 = PLANE('',#8537);
#8537 = AXIS2_PLACEMENT_3D('',#8538,#8539,#8540);
#8538 = CARTESIAN_POINT('',(7.2,-7.8,0.));
#8539 = DIRECTION('',(1.,0.,0.));
#8540 = DIRECTION('',(0.,0.,-1.));
#8541 = ADVANCED_FACE('',(#8542),#8569,.F.);
#8542 = FACE_BOUND('',#8543,.T.);
#8543 = EDGE_LOOP('',(#8544,#8555,#8561,#8562,#8563));
#8544 = ORIENTED_EDGE('',*,*,#8545,.F.);
#8545 = EDGE_CURVE('',#8546,#8548,#8550,.T.);
#8546 = VERTEX_POINT('',#8547);
#8547 = CARTESIAN_POINT('',(3.404761371961,-2.4,0.));
#8548 = VERTEX_POINT('',#8549);
#8549 = CARTESIAN_POINT('',(3.334549815589,-2.472216407084,0.));
#8550 = CIRCLE('',#8551,4.7);
#8551 = AXIS2_PLACEMENT_3D('',#8552,#8553,#8554);
#8552 = CARTESIAN_POINT('',(0.,0.84,0.));
#8553 = DIRECTION('',(0.,-0.,-1.));
#8554 = DIRECTION('',(1.,4.452149346589E-15,-0.));
#8555 = ORIENTED_EDGE('',*,*,#8556,.F.);
#8556 = EDGE_CURVE('',#8491,#8546,#8557,.T.);
#8557 = LINE('',#8558,#8559);
#8558 = CARTESIAN_POINT('',(1.665334536938E-15,-2.4,0.));
#8559 = VECTOR('',#8560,1.);
#8560 = DIRECTION('',(-1.,-0.,0.));
#8561 = ORIENTED_EDGE('',*,*,#8490,.F.);
#8562 = ORIENTED_EDGE('',*,*,#7882,.F.);
#8563 = ORIENTED_EDGE('',*,*,#8564,.F.);
#8564 = EDGE_CURVE('',#8548,#7875,#8565,.T.);
#8565 = LINE('',#8566,#8567);
#8566 = CARTESIAN_POINT('',(3.334549815589,-5.551115123126E-16,0.));
#8567 = VECTOR('',#8568,1.);
#8568 = DIRECTION('',(0.,-1.,-0.));
#8569 = PLANE('',#8570);
#8570 = AXIS2_PLACEMENT_3D('',#8571,#8572,#8573);
#8571 = CARTESIAN_POINT('',(1.665334536938E-15,-5.551115123126E-16,0.));
#8572 = DIRECTION('',(0.,0.,1.));
#8573 = DIRECTION('',(1.,0.,-0.));
#8574 = ADVANCED_FACE('',(#8575),#8586,.T.);
#8575 = FACE_BOUND('',#8576,.T.);
#8576 = EDGE_LOOP('',(#8577,#8583,#8584,#8585));
#8577 = ORIENTED_EDGE('',*,*,#8578,.T.);
#8578 = EDGE_CURVE('',#8019,#8092,#8579,.T.);
#8579 = LINE('',#8580,#8581);
#8580 = CARTESIAN_POINT('',(-5.08,-9.7,7.38));
#8581 = VECTOR('',#8582,1.);
#8582 = DIRECTION('',(1.,0.,0.));
#8583 = ORIENTED_EDGE('',*,*,#8091,.F.);
#8584 = ORIENTED_EDGE('',*,*,#7944,.F.);
#8585 = ORIENTED_EDGE('',*,*,#8026,.T.);
#8586 = PLANE('',#8587);
#8587 = AXIS2_PLACEMENT_3D('',#8588,#8589,#8590);
#8588 = CARTESIAN_POINT('',(-5.08,-9.7,7.38));
#8589 = DIRECTION('',(-0.,0.216930457819,0.976187060184));
#8590 = DIRECTION('',(0.,-0.976187060184,0.216930457819));
#8591 = ADVANCED_FACE('',(#8592),#8603,.T.);
#8592 = FACE_BOUND('',#8593,.T.);
#8593 = EDGE_LOOP('',(#8594,#8595,#8596,#8602));
#8594 = ORIENTED_EDGE('',*,*,#8057,.F.);
#8595 = ORIENTED_EDGE('',*,*,#8082,.F.);
#8596 = ORIENTED_EDGE('',*,*,#8597,.T.);
#8597 = EDGE_CURVE('',#8075,#7976,#8598,.T.);
#8598 = LINE('',#8599,#8600);
#8599 = CARTESIAN_POINT('',(-5.08,-9.7,5.08));
#8600 = VECTOR('',#8601,1.);
#8601 = DIRECTION('',(-1.,0.,-0.));
#8602 = ORIENTED_EDGE('',*,*,#7975,.T.);
#8603 = PLANE('',#8604);
#8604 = AXIS2_PLACEMENT_3D('',#8605,#8606,#8607);
#8605 = CARTESIAN_POINT('',(-5.08,-8.8,5.28));
#8606 = DIRECTION('',(0.,0.216930457819,-0.976187060184));
#8607 = DIRECTION('',(0.,0.976187060184,0.216930457819));
#8608 = ADVANCED_FACE('',(#8609),#8620,.T.);
#8609 = FACE_BOUND('',#8610,.T.);
#8610 = EDGE_LOOP('',(#8611,#8612,#8613,#8619));
#8611 = ORIENTED_EDGE('',*,*,#8597,.F.);
#8612 = ORIENTED_EDGE('',*,*,#8072,.F.);
#8613 = ORIENTED_EDGE('',*,*,#8614,.T.);
#8614 = EDGE_CURVE('',#8073,#7986,#8615,.T.);
#8615 = LINE('',#8616,#8617);
#8616 = CARTESIAN_POINT('',(-5.08,-10.8,5.93));
#8617 = VECTOR('',#8618,1.);
#8618 = DIRECTION('',(-1.,0.,-0.));
#8619 = ORIENTED_EDGE('',*,*,#7985,.T.);
#8620 = PLANE('',#8621);
#8621 = AXIS2_PLACEMENT_3D('',#8622,#8623,#8624);
#8622 = CARTESIAN_POINT('',(-5.08,-9.7,5.08));
#8623 = DIRECTION('',(0.,-0.611447501076,-0.791285001392));
#8624 = DIRECTION('',(0.,0.791285001392,-0.611447501076));
#8625 = ADVANCED_FACE('',(#8626),#8637,.T.);
#8626 = FACE_BOUND('',#8627,.T.);
#8627 = EDGE_LOOP('',(#8628,#8629,#8630,#8636));
#8628 = ORIENTED_EDGE('',*,*,#8614,.F.);
#8629 = ORIENTED_EDGE('',*,*,#8124,.F.);
#8630 = ORIENTED_EDGE('',*,*,#8631,.T.);
#8631 = EDGE_CURVE('',#8116,#7994,#8632,.T.);
#8632 = LINE('',#8633,#8634);
#8633 = CARTESIAN_POINT('',(-5.08,-8.4,5.93));
#8634 = VECTOR('',#8635,1.);
#8635 = DIRECTION('',(-1.,-0.,0.));
#8636 = ORIENTED_EDGE('',*,*,#7993,.T.);
#8637 = PLANE('',#8638);
#8638 = AXIS2_PLACEMENT_3D('',#8639,#8640,#8641);
#8639 = CARTESIAN_POINT('',(-5.08,-10.8,5.93));
#8640 = DIRECTION('',(0.,0.,1.));
#8641 = DIRECTION('',(1.,0.,-0.));
#8642 = ADVANCED_FACE('',(#8643),#8654,.F.);
#8643 = FACE_BOUND('',#8644,.F.);
#8644 = EDGE_LOOP('',(#8645,#8651,#8652,#8653));
#8645 = ORIENTED_EDGE('',*,*,#8646,.T.);
#8646 = EDGE_CURVE('',#8002,#8108,#8647,.T.);
#8647 = LINE('',#8648,#8649);
#8648 = CARTESIAN_POINT('',(-5.08,-8.4,6.53));
#8649 = VECTOR('',#8650,1.);
#8650 = DIRECTION('',(1.,-0.,-0.));
#8651 = ORIENTED_EDGE('',*,*,#8115,.T.);
#8652 = ORIENTED_EDGE('',*,*,#8631,.T.);
#8653 = ORIENTED_EDGE('',*,*,#8001,.F.);
#8654 = CYLINDRICAL_SURFACE('',#8655,0.3);
#8655 = AXIS2_PLACEMENT_3D('',#8656,#8657,#8658);
#8656 = CARTESIAN_POINT('',(-5.08,-8.4,6.23));
#8657 = DIRECTION('',(-1.,0.,0.));
#8658 = DIRECTION('',(0.,0.,1.));
#8659 = ADVANCED_FACE('',(#8660),#8671,.T.);
#8660 = FACE_BOUND('',#8661,.T.);
#8661 = EDGE_LOOP('',(#8662,#8663,#8664,#8670));
#8662 = ORIENTED_EDGE('',*,*,#8646,.T.);
#8663 = ORIENTED_EDGE('',*,*,#8107,.F.);
#8664 = ORIENTED_EDGE('',*,*,#8665,.T.);
#8665 = EDGE_CURVE('',#8100,#8011,#8666,.T.);
#8666 = LINE('',#8667,#8668);
#8667 = CARTESIAN_POINT('',(-5.08,-10.8,6.53));
#8668 = VECTOR('',#8669,1.);
#8669 = DIRECTION('',(-1.,0.,-0.));
#8670 = ORIENTED_EDGE('',*,*,#8010,.T.);
#8671 = PLANE('',#8672);
#8672 = AXIS2_PLACEMENT_3D('',#8673,#8674,#8675);
#8673 = CARTESIAN_POINT('',(-5.08,-8.4,6.53));
#8674 = DIRECTION('',(0.,0.,-1.));
#8675 = DIRECTION('',(-1.,0.,-0.));
#8676 = ADVANCED_FACE('',(#8677),#8683,.T.);
#8677 = FACE_BOUND('',#8678,.T.);
#8678 = EDGE_LOOP('',(#8679,#8680,#8681,#8682));
#8679 = ORIENTED_EDGE('',*,*,#8665,.F.);
#8680 = ORIENTED_EDGE('',*,*,#8099,.F.);
#8681 = ORIENTED_EDGE('',*,*,#8578,.F.);
#8682 = ORIENTED_EDGE('',*,*,#8018,.T.);
#8683 = PLANE('',#8684);
#8684 = AXIS2_PLACEMENT_3D('',#8685,#8686,#8687);
#8685 = CARTESIAN_POINT('',(-5.08,-10.8,6.53));
#8686 = DIRECTION('',(0.,-0.611447501076,0.791285001392));
#8687 = DIRECTION('',(0.,-0.791285001392,-0.611447501076));
#8688 = ADVANCED_FACE('',(#8689),#8700,.T.);
#8689 = FACE_BOUND('',#8690,.T.);
#8690 = EDGE_LOOP('',(#8691,#8697,#8698,#8699));
#8691 = ORIENTED_EDGE('',*,*,#8692,.T.);
#8692 = EDGE_CURVE('',#8221,#8269,#8693,.T.);
#8693 = LINE('',#8694,#8695);
#8694 = CARTESIAN_POINT('',(5.08,-9.7,5.08));
#8695 = VECTOR('',#8696,1.);
#8696 = DIRECTION('',(-1.,0.,-0.));
#8697 = ORIENTED_EDGE('',*,*,#8268,.T.);
#8698 = ORIENTED_EDGE('',*,*,#8138,.F.);
#8699 = ORIENTED_EDGE('',*,*,#8228,.F.);
#8700 = PLANE('',#8701);
#8701 = AXIS2_PLACEMENT_3D('',#8702,#8703,#8704);
#8702 = CARTESIAN_POINT('',(5.08,-9.7,5.08));
#8703 = DIRECTION('',(0.,0.216930457819,-0.976187060184));
#8704 = DIRECTION('',(0.,0.976187060184,0.216930457819));
#8705 = ADVANCED_FACE('',(#8706),#8717,.T.);
#8706 = FACE_BOUND('',#8707,.T.);
#8707 = EDGE_LOOP('',(#8708,#8714,#8715,#8716));
#8708 = ORIENTED_EDGE('',*,*,#8709,.T.);
#8709 = EDGE_CURVE('',#8213,#8277,#8710,.T.);
#8710 = LINE('',#8711,#8712);
#8711 = CARTESIAN_POINT('',(5.08,-10.8,5.93));
#8712 = VECTOR('',#8713,1.);
#8713 = DIRECTION('',(-1.,0.,-0.));
#8714 = ORIENTED_EDGE('',*,*,#8276,.T.);
#8715 = ORIENTED_EDGE('',*,*,#8692,.F.);
#8716 = ORIENTED_EDGE('',*,*,#8220,.F.);
#8717 = PLANE('',#8718);
#8718 = AXIS2_PLACEMENT_3D('',#8719,#8720,#8721);
#8719 = CARTESIAN_POINT('',(5.08,-10.8,5.93));
#8720 = DIRECTION('',(0.,-0.611447501076,-0.791285001392));
#8721 = DIRECTION('',(0.,0.791285001392,-0.611447501076));
#8722 = ADVANCED_FACE('',(#8723),#8734,.T.);
#8723 = FACE_BOUND('',#8724,.T.);
#8724 = EDGE_LOOP('',(#8725,#8731,#8732,#8733));
#8725 = ORIENTED_EDGE('',*,*,#8726,.T.);
#8726 = EDGE_CURVE('',#8204,#8285,#8727,.T.);
#8727 = LINE('',#8728,#8729);
#8728 = CARTESIAN_POINT('',(5.08,-8.4,5.93));
#8729 = VECTOR('',#8730,1.);
#8730 = DIRECTION('',(-1.,-0.,0.));
#8731 = ORIENTED_EDGE('',*,*,#8284,.T.);
#8732 = ORIENTED_EDGE('',*,*,#8709,.F.);
#8733 = ORIENTED_EDGE('',*,*,#8212,.F.);
#8734 = PLANE('',#8735);
#8735 = AXIS2_PLACEMENT_3D('',#8736,#8737,#8738);
#8736 = CARTESIAN_POINT('',(5.08,-8.4,5.93));
#8737 = DIRECTION('',(0.,0.,1.));
#8738 = DIRECTION('',(1.,0.,-0.));
#8739 = ADVANCED_FACE('',(#8740),#8751,.F.);
#8740 = FACE_BOUND('',#8741,.F.);
#8741 = EDGE_LOOP('',(#8742,#8743,#8744,#8750));
#8742 = ORIENTED_EDGE('',*,*,#8726,.T.);
#8743 = ORIENTED_EDGE('',*,*,#8292,.F.);
#8744 = ORIENTED_EDGE('',*,*,#8745,.T.);
#8745 = EDGE_CURVE('',#8293,#8196,#8746,.T.);
#8746 = LINE('',#8747,#8748);
#8747 = CARTESIAN_POINT('',(5.08,-8.4,6.53));
#8748 = VECTOR('',#8749,1.);
#8749 = DIRECTION('',(1.,0.,0.));
#8750 = ORIENTED_EDGE('',*,*,#8203,.T.);
#8751 = CYLINDRICAL_SURFACE('',#8752,0.3);
#8752 = AXIS2_PLACEMENT_3D('',#8753,#8754,#8755);
#8753 = CARTESIAN_POINT('',(5.08,-8.4,6.23));
#8754 = DIRECTION('',(1.,0.,0.));
#8755 = DIRECTION('',(0.,0.,-1.));
#8756 = ADVANCED_FACE('',(#8757),#8768,.T.);
#8757 = FACE_BOUND('',#8758,.T.);
#8758 = EDGE_LOOP('',(#8759,#8765,#8766,#8767));
#8759 = ORIENTED_EDGE('',*,*,#8760,.T.);
#8760 = EDGE_CURVE('',#8188,#8302,#8761,.T.);
#8761 = LINE('',#8762,#8763);
#8762 = CARTESIAN_POINT('',(5.08,-10.8,6.53));
#8763 = VECTOR('',#8764,1.);
#8764 = DIRECTION('',(-1.,0.,-0.));
#8765 = ORIENTED_EDGE('',*,*,#8301,.T.);
#8766 = ORIENTED_EDGE('',*,*,#8745,.T.);
#8767 = ORIENTED_EDGE('',*,*,#8195,.F.);
#8768 = PLANE('',#8769);
#8769 = AXIS2_PLACEMENT_3D('',#8770,#8771,#8772);
#8770 = CARTESIAN_POINT('',(5.08,-10.8,6.53));
#8771 = DIRECTION('',(0.,0.,-1.));
#8772 = DIRECTION('',(-1.,0.,-0.));
#8773 = ADVANCED_FACE('',(#8774),#8785,.T.);
#8774 = FACE_BOUND('',#8775,.T.);
#8775 = EDGE_LOOP('',(#8776,#8782,#8783,#8784));
#8776 = ORIENTED_EDGE('',*,*,#8777,.T.);
#8777 = EDGE_CURVE('',#8180,#8310,#8778,.T.);
#8778 = LINE('',#8779,#8780);
#8779 = CARTESIAN_POINT('',(5.08,-9.7,7.38));
#8780 = VECTOR('',#8781,1.);
#8781 = DIRECTION('',(-1.,-0.,-0.));
#8782 = ORIENTED_EDGE('',*,*,#8309,.T.);
#8783 = ORIENTED_EDGE('',*,*,#8760,.F.);
#8784 = ORIENTED_EDGE('',*,*,#8187,.F.);
#8785 = PLANE('',#8786);
#8786 = AXIS2_PLACEMENT_3D('',#8787,#8788,#8789);
#8787 = CARTESIAN_POINT('',(5.08,-9.7,7.38));
#8788 = DIRECTION('',(0.,-0.611447501076,0.791285001392));
#8789 = DIRECTION('',(0.,-0.791285001392,-0.611447501076));
#8790 = ADVANCED_FACE('',(#8791),#8797,.T.);
#8791 = FACE_BOUND('',#8792,.T.);
#8792 = EDGE_LOOP('',(#8793,#8794,#8795,#8796));
#8793 = ORIENTED_EDGE('',*,*,#8251,.F.);
#8794 = ORIENTED_EDGE('',*,*,#8317,.T.);
#8795 = ORIENTED_EDGE('',*,*,#8777,.F.);
#8796 = ORIENTED_EDGE('',*,*,#8179,.F.);
#8797 = PLANE('',#8798);
#8798 = AXIS2_PLACEMENT_3D('',#8799,#8800,#8801);
#8799 = CARTESIAN_POINT('',(5.08,-8.8,7.18));
#8800 = DIRECTION('',(-0.,0.216930457819,0.976187060184));
#8801 = DIRECTION('',(0.,-0.976187060184,0.216930457819));
#8802 = ADVANCED_FACE('',(#8803),#8822,.F.);
#8803 = FACE_BOUND('',#8804,.T.);
#8804 = EDGE_LOOP('',(#8805,#8813,#8814,#8815));
#8805 = ORIENTED_EDGE('',*,*,#8806,.F.);
#8806 = EDGE_CURVE('',#7923,#8807,#8809,.T.);
#8807 = VERTEX_POINT('',#8808);
#8808 = CARTESIAN_POINT('',(-0.375,-3.845016008511,0.5));
#8809 = LINE('',#8810,#8811);
#8810 = CARTESIAN_POINT('',(-0.375,-7.8,0.5));
#8811 = VECTOR('',#8812,1.);
#8812 = DIRECTION('',(0.,1.,-0.));
#8813 = ORIENTED_EDGE('',*,*,#7922,.F.);
#8814 = ORIENTED_EDGE('',*,*,#8358,.T.);
#8815 = ORIENTED_EDGE('',*,*,#8816,.F.);
#8816 = EDGE_CURVE('',#8807,#8350,#8817,.T.);
#8817 = ( BOUNDED_CURVE() B_SPLINE_CURVE(3,(#8818,#8819,#8820,#8821),
.UNSPECIFIED.,.F.,.F.) B_SPLINE_CURVE_WITH_KNOTS((4,4),(1.650668458561,
1.740665241813),.PIECEWISE_BEZIER_KNOTS.) CURVE() 
GEOMETRIC_REPRESENTATION_ITEM() RATIONAL_B_SPLINE_CURVE((1.,
0.999325162133,0.999325162133,1.)) REPRESENTATION_ITEM('') );
#8818 = CARTESIAN_POINT('',(-0.375,-3.845016008511,0.5));
#8819 = CARTESIAN_POINT('',(-0.51559290827,-3.83376261247,0.332447896476
    ));
#8820 = CARTESIAN_POINT('',(-0.655537286565,-3.816196287819,
    0.165668680879));
#8821 = CARTESIAN_POINT('',(-0.794549815589,-3.792352597822,0.));
#8822 = PLANE('',#8823);
#8823 = AXIS2_PLACEMENT_3D('',#8824,#8825,#8826);
#8824 = CARTESIAN_POINT('',(-0.794549815589,-7.8,-6.938893903907E-17));
#8825 = DIRECTION('',(-0.766044443119,0.,0.642787609687));
#8826 = DIRECTION('',(0.642787609687,0.,0.766044443119));
#8827 = ADVANCED_FACE('',(#8828),#8846,.F.);
#8828 = FACE_BOUND('',#8829,.T.);
#8829 = EDGE_LOOP('',(#8830,#8831,#8839,#8845));
#8830 = ORIENTED_EDGE('',*,*,#8390,.F.);
#8831 = ORIENTED_EDGE('',*,*,#8832,.F.);
#8832 = EDGE_CURVE('',#8833,#8383,#8835,.T.);
#8833 = VERTEX_POINT('',#8834);
#8834 = CARTESIAN_POINT('',(-3.404761371961,-2.4,2.6));
#8835 = LINE('',#8836,#8837);
#8836 = CARTESIAN_POINT('',(-7.2,-2.4,2.6));
#8837 = VECTOR('',#8838,1.);
#8838 = DIRECTION('',(-1.,-1.462652461986E-16,-0.));
#8839 = ORIENTED_EDGE('',*,*,#8840,.F.);
#8840 = EDGE_CURVE('',#8342,#8833,#8841,.T.);
#8841 = LINE('',#8842,#8843);
#8842 = CARTESIAN_POINT('',(-3.404761371961,-2.4,0.));
#8843 = VECTOR('',#8844,1.);
#8844 = DIRECTION('',(-0.,0.,1.));
#8845 = ORIENTED_EDGE('',*,*,#8341,.T.);
#8846 = PLANE('',#8847);
#8847 = AXIS2_PLACEMENT_3D('',#8848,#8849,#8850);
#8848 = CARTESIAN_POINT('',(-7.2,-2.4,0.));
#8849 = DIRECTION('',(1.462652461986E-16,-1.,0.));
#8850 = DIRECTION('',(1.,1.462652461986E-16,0.));
#8851 = ADVANCED_FACE('',(#8852),#8959,.F.);
#8852 = FACE_BOUND('',#8853,.F.);
#8853 = EDGE_LOOP('',(#8854,#8865,#8874,#8883,#8891,#8900,#8901,#8909,
    #8916,#8917,#8925,#8932,#8933,#8934,#8935,#8943,#8952,#8953));
#8854 = ORIENTED_EDGE('',*,*,#8855,.F.);
#8855 = EDGE_CURVE('',#8856,#8858,#8860,.T.);
#8856 = VERTEX_POINT('',#8857);
#8857 = CARTESIAN_POINT('',(0.794549815589,-3.792352597822,
    -4.607859233063E-16));
#8858 = VERTEX_POINT('',#8859);
#8859 = CARTESIAN_POINT('',(0.375,-3.845016008511,0.5));
#8860 = ( BOUNDED_CURVE() B_SPLINE_CURVE(3,(#8861,#8862,#8863,#8864),
.UNSPECIFIED.,.F.,.F.) B_SPLINE_CURVE_WITH_KNOTS((4,4),(4.542520065366,
4.632516848619),.PIECEWISE_BEZIER_KNOTS.) CURVE() 
GEOMETRIC_REPRESENTATION_ITEM() RATIONAL_B_SPLINE_CURVE((1.,
0.999325162133,0.999325162133,1.)) REPRESENTATION_ITEM('') );
#8861 = CARTESIAN_POINT('',(0.794549815589,-3.792352597822,
    -4.607859233063E-16));
#8862 = CARTESIAN_POINT('',(0.655537286565,-3.816196287819,
    0.165668680879));
#8863 = CARTESIAN_POINT('',(0.51559290827,-3.83376261247,0.332447896476)
  );
#8864 = CARTESIAN_POINT('',(0.375,-3.845016008511,0.5));
#8865 = ORIENTED_EDGE('',*,*,#8866,.F.);
#8866 = EDGE_CURVE('',#8867,#8856,#8869,.T.);
#8867 = VERTEX_POINT('',#8868);
#8868 = CARTESIAN_POINT('',(1.745450184411,-3.523874843959,0.));
#8869 = CIRCLE('',#8870,4.7);
#8870 = AXIS2_PLACEMENT_3D('',#8871,#8872,#8873);
#8871 = CARTESIAN_POINT('',(0.,0.84,0.));
#8872 = DIRECTION('',(0.,0.,-1.));
#8873 = DIRECTION('',(1.,0.,0.));
#8874 = ORIENTED_EDGE('',*,*,#8875,.F.);
#8875 = EDGE_CURVE('',#8876,#8867,#8878,.T.);
#8876 = VERTEX_POINT('',#8877);
#8877 = CARTESIAN_POINT('',(2.165,-3.331663337327,0.5));
#8878 = ( BOUNDED_CURVE() B_SPLINE_CURVE(3,(#8879,#8880,#8881,#8882),
.UNSPECIFIED.,.F.,.F.) B_SPLINE_CURVE_WITH_KNOTS((4,4),(1.092082124751,
1.190309655745),.PIECEWISE_BEZIER_KNOTS.) CURVE() 
GEOMETRIC_REPRESENTATION_ITEM() RATIONAL_B_SPLINE_CURVE((1.,
0.999196107626,0.999196107626,1.)) REPRESENTATION_ITEM('') );
#8879 = CARTESIAN_POINT('',(2.165,-3.331663337327,0.5));
#8880 = CARTESIAN_POINT('',(2.028354328203,-3.4025793858,0.337152029724)
  );
#8881 = CARTESIAN_POINT('',(1.888391874925,-3.466701435237,
    0.170351273201));
#8882 = CARTESIAN_POINT('',(1.745450184411,-3.523874843959,0.));
#8883 = ORIENTED_EDGE('',*,*,#8884,.F.);
#8884 = EDGE_CURVE('',#8885,#8876,#8887,.T.);
#8885 = VERTEX_POINT('',#8886);
#8886 = CARTESIAN_POINT('',(2.165,-3.331663337327,1.15));
#8887 = LINE('',#8888,#8889);
#8888 = CARTESIAN_POINT('',(2.165,-3.331663337327,0.5));
#8889 = VECTOR('',#8890,1.);
#8890 = DIRECTION('',(-1.7080354225E-15,-0.,-1.));
#8891 = ORIENTED_EDGE('',*,*,#8892,.F.);
#8892 = EDGE_CURVE('',#7263,#8885,#8893,.T.);
#8893 = B_SPLINE_CURVE_WITH_KNOTS('',3,(#8894,#8895,#8896,#8897,#8898,
    #8899),.UNSPECIFIED.,.F.,.F.,(4,2,4),(6.528925181098E-04,
    9.703968389818E-04,1.287901159854E-03),.UNSPECIFIED.);
#8894 = CARTESIAN_POINT('',(2.54,-3.114541692788,1.525));
#8895 = CARTESIAN_POINT('',(2.450387421918,-3.172099803439,1.525));
#8896 = CARTESIAN_POINT('',(2.359118145643,-3.22589373712,1.493010930471
    ));
#8897 = CARTESIAN_POINT('',(2.213649739207,-3.306888609399,
    1.359452264105));
#8898 = CARTESIAN_POINT('',(2.165,-3.331663337327,1.257721966883));
#8899 = CARTESIAN_POINT('',(2.165,-3.331663337327,1.15));
#8900 = ORIENTED_EDGE('',*,*,#7262,.F.);
#8901 = ORIENTED_EDGE('',*,*,#8902,.F.);
#8902 = EDGE_CURVE('',#8903,#7253,#8905,.T.);
#8903 = VERTEX_POINT('',#8904);
#8904 = CARTESIAN_POINT('',(2.915,-2.846838076184,0.5));
#8905 = LINE('',#8906,#8907);
#8906 = CARTESIAN_POINT('',(2.915,-2.846838076184,1.15));
#8907 = VECTOR('',#8908,1.);
#8908 = DIRECTION('',(-0.,-0.,1.));
#8909 = ORIENTED_EDGE('',*,*,#8910,.T.);
#8910 = EDGE_CURVE('',#8903,#8548,#8911,.T.);
#8911 = ( BOUNDED_CURVE() B_SPLINE_CURVE(3,(#8912,#8913,#8914,#8915),
.UNSPECIFIED.,.F.,.F.) B_SPLINE_CURVE_WITH_KNOTS((4,4),(2.239810236052,
2.35955451877),.PIECEWISE_BEZIER_KNOTS.) CURVE() 
GEOMETRIC_REPRESENTATION_ITEM() RATIONAL_B_SPLINE_CURVE((1.,
0.998805465795,0.998805465795,1.)) REPRESENTATION_ITEM('') );
#8912 = CARTESIAN_POINT('',(2.915,-2.846838076184,0.5));
#8913 = CARTESIAN_POINT('',(3.062247248296,-2.730416980407,
    0.324517562843));
#8914 = CARTESIAN_POINT('',(3.202264442153,-2.605393746177,0.15765156904
    ));
#8915 = CARTESIAN_POINT('',(3.334549815589,-2.472216407084,0.));
#8916 = ORIENTED_EDGE('',*,*,#8545,.F.);
#8917 = ORIENTED_EDGE('',*,*,#8918,.T.);
#8918 = EDGE_CURVE('',#8546,#8919,#8921,.T.);
#8919 = VERTEX_POINT('',#8920);
#8920 = CARTESIAN_POINT('',(3.404761371961,-2.4,2.6));
#8921 = LINE('',#8922,#8923);
#8922 = CARTESIAN_POINT('',(3.404761371961,-2.4,0.));
#8923 = VECTOR('',#8924,1.);
#8924 = DIRECTION('',(0.,0.,1.));
#8925 = ORIENTED_EDGE('',*,*,#8926,.T.);
#8926 = EDGE_CURVE('',#8919,#8833,#8927,.T.);
#8927 = CIRCLE('',#8928,4.7);
#8928 = AXIS2_PLACEMENT_3D('',#8929,#8930,#8931);
#8929 = CARTESIAN_POINT('',(0.,0.84,2.6));
#8930 = DIRECTION('',(0.,-0.,-1.));
#8931 = DIRECTION('',(1.,8.996571218497E-16,-0.));
#8932 = ORIENTED_EDGE('',*,*,#8840,.F.);
#8933 = ORIENTED_EDGE('',*,*,#8349,.F.);
#8934 = ORIENTED_EDGE('',*,*,#8816,.F.);
#8935 = ORIENTED_EDGE('',*,*,#8936,.T.);
#8936 = EDGE_CURVE('',#8807,#8937,#8939,.T.);
#8937 = VERTEX_POINT('',#8938);
#8938 = CARTESIAN_POINT('',(-0.375,-3.845016008511,1.15));
#8939 = LINE('',#8940,#8941);
#8940 = CARTESIAN_POINT('',(-0.375,-3.845016008511,0.));
#8941 = VECTOR('',#8942,1.);
#8942 = DIRECTION('',(0.,0.,1.));
#8943 = ORIENTED_EDGE('',*,*,#8944,.F.);
#8944 = EDGE_CURVE('',#7219,#8937,#8945,.T.);
#8945 = B_SPLINE_CURVE_WITH_KNOTS('',3,(#8946,#8947,#8948,#8949,#8950,
    #8951),.UNSPECIFIED.,.F.,.F.,(4,2,4),(5.865780717536E-04,
    8.796060985459E-04,1.172634125338E-03),.UNSPECIFIED.);
#8946 = CARTESIAN_POINT('',(-5.217321664956E-13,-3.86,1.525000000004));
#8947 = CARTESIAN_POINT('',(-9.781589433554E-02,-3.86,1.525));
#8948 = CARTESIAN_POINT('',(-0.195070681338,-3.85647350705,
    1.485210844623));
#8949 = CARTESIAN_POINT('',(-0.335075487511,-3.848564854068,
    1.345303094547));
#8950 = CARTESIAN_POINT('',(-0.375,-3.845016008511,1.249085278052));
#8951 = CARTESIAN_POINT('',(-0.375,-3.845016008511,1.15));
#8952 = ORIENTED_EDGE('',*,*,#7218,.F.);
#8953 = ORIENTED_EDGE('',*,*,#8954,.F.);
#8954 = EDGE_CURVE('',#8858,#7211,#8955,.T.);
#8955 = LINE('',#8956,#8957);
#8956 = CARTESIAN_POINT('',(0.375,-3.845016008511,1.15));
#8957 = VECTOR('',#8958,1.);
#8958 = DIRECTION('',(1.7080354225E-15,-0.,1.));
#8959 = CYLINDRICAL_SURFACE('',#8960,4.7);
#8960 = AXIS2_PLACEMENT_3D('',#8961,#8962,#8963);
#8961 = CARTESIAN_POINT('',(0.,0.84,0.));
#8962 = DIRECTION('',(0.,0.,1.));
#8963 = DIRECTION('',(1.,0.,-0.));
#8964 = ADVANCED_FACE('',(#8965,#8975),#9010,.T.);
#8965 = FACE_BOUND('',#8966,.T.);
#8966 = EDGE_LOOP('',(#8967,#8974));
#8967 = ORIENTED_EDGE('',*,*,#8968,.T.);
#8968 = EDGE_CURVE('',#7109,#7128,#8969,.T.);
#8969 = CIRCLE('',#8970,3.35);
#8970 = AXIS2_PLACEMENT_3D('',#8971,#8972,#8973);
#8971 = CARTESIAN_POINT('',(0.,0.84,2.6));
#8972 = DIRECTION('',(0.,0.,1.));
#8973 = DIRECTION('',(1.,0.,-0.));
#8974 = ORIENTED_EDGE('',*,*,#7135,.T.);
#8975 = FACE_BOUND('',#8976,.T.);
#8976 = EDGE_LOOP('',(#8977,#8983,#8984,#8985,#8986,#8994,#9003,#9009));
#8977 = ORIENTED_EDGE('',*,*,#8978,.T.);
#8978 = EDGE_CURVE('',#8499,#8919,#8979,.T.);
#8979 = LINE('',#8980,#8981);
#8980 = CARTESIAN_POINT('',(1.665334536938E-15,-2.4,2.6));
#8981 = VECTOR('',#8982,1.);
#8982 = DIRECTION('',(-1.,0.,-0.));
#8983 = ORIENTED_EDGE('',*,*,#8926,.T.);
#8984 = ORIENTED_EDGE('',*,*,#8832,.T.);
#8985 = ORIENTED_EDGE('',*,*,#8382,.F.);
#8986 = ORIENTED_EDGE('',*,*,#8987,.T.);
#8987 = EDGE_CURVE('',#8375,#8988,#8990,.T.);
#8988 = VERTEX_POINT('',#8989);
#8989 = CARTESIAN_POINT('',(-3.404761371961,4.08,2.6));
#8990 = LINE('',#8991,#8992);
#8991 = CARTESIAN_POINT('',(1.665334536938E-15,4.08,2.6));
#8992 = VECTOR('',#8993,1.);
#8993 = DIRECTION('',(1.,-0.,0.));
#8994 = ORIENTED_EDGE('',*,*,#8995,.T.);
#8995 = EDGE_CURVE('',#8988,#8996,#8998,.T.);
#8996 = VERTEX_POINT('',#8997);
#8997 = CARTESIAN_POINT('',(3.404761371961,4.08,2.6));
#8998 = CIRCLE('',#8999,4.7);
#8999 = AXIS2_PLACEMENT_3D('',#9000,#9001,#9002);
#9000 = CARTESIAN_POINT('',(0.,0.84,2.6));
#9001 = DIRECTION('',(0.,-0.,-1.));
#9002 = DIRECTION('',(1.,-1.77624611237E-15,0.));
#9003 = ORIENTED_EDGE('',*,*,#9004,.T.);
#9004 = EDGE_CURVE('',#8996,#8507,#9005,.T.);
#9005 = LINE('',#9006,#9007);
#9006 = CARTESIAN_POINT('',(1.665334536938E-15,4.08,2.6));
#9007 = VECTOR('',#9008,1.);
#9008 = DIRECTION('',(1.,-0.,0.));
#9009 = ORIENTED_EDGE('',*,*,#8506,.F.);
#9010 = PLANE('',#9011);
#9011 = AXIS2_PLACEMENT_3D('',#9012,#9013,#9014);
#9012 = CARTESIAN_POINT('',(1.665334536938E-15,0.84,2.6));
#9013 = DIRECTION('',(0.,0.,-1.));
#9014 = DIRECTION('',(-1.,0.,-0.));
#9015 = ADVANCED_FACE('',(#9016),#9034,.F.);
#9016 = FACE_BOUND('',#9017,.T.);
#9017 = EDGE_LOOP('',(#9018,#9026,#9027,#9028));
#9018 = ORIENTED_EDGE('',*,*,#9019,.F.);
#9019 = EDGE_CURVE('',#8988,#9020,#9022,.T.);
#9020 = VERTEX_POINT('',#9021);
#9021 = CARTESIAN_POINT('',(-3.404761371961,4.08,0.));
#9022 = LINE('',#9023,#9024);
#9023 = CARTESIAN_POINT('',(-3.404761371961,4.08,0.));
#9024 = VECTOR('',#9025,1.);
#9025 = DIRECTION('',(-0.,0.,-1.));
#9026 = ORIENTED_EDGE('',*,*,#8987,.F.);
#9027 = ORIENTED_EDGE('',*,*,#8372,.F.);
#9028 = ORIENTED_EDGE('',*,*,#9029,.F.);
#9029 = EDGE_CURVE('',#9020,#8373,#9030,.T.);
#9030 = LINE('',#9031,#9032);
#9031 = CARTESIAN_POINT('',(-3.404761371961,4.08,0.));
#9032 = VECTOR('',#9033,1.);
#9033 = DIRECTION('',(-1.,-0.,-0.));
#9034 = PLANE('',#9035);
#9035 = AXIS2_PLACEMENT_3D('',#9036,#9037,#9038);
#9036 = CARTESIAN_POINT('',(-3.404761371961,4.08,0.));
#9037 = DIRECTION('',(-0.,1.,0.));
#9038 = DIRECTION('',(0.,0.,1.));
#9039 = ADVANCED_FACE('',(#9040),#9059,.T.);
#9040 = FACE_BOUND('',#9041,.T.);
#9041 = EDGE_LOOP('',(#9042,#9043,#9051,#9058));
#9042 = ORIENTED_EDGE('',*,*,#8466,.F.);
#9043 = ORIENTED_EDGE('',*,*,#9044,.T.);
#9044 = EDGE_CURVE('',#8459,#9045,#9047,.T.);
#9045 = VERTEX_POINT('',#9046);
#9046 = CARTESIAN_POINT('',(-5.2,7.8,0.));
#9047 = LINE('',#9048,#9049);
#9048 = CARTESIAN_POINT('',(-5.2,7.8,0.));
#9049 = VECTOR('',#9050,1.);
#9050 = DIRECTION('',(-0.,-0.,-1.));
#9051 = ORIENTED_EDGE('',*,*,#9052,.T.);
#9052 = EDGE_CURVE('',#9045,#8407,#9053,.T.);
#9053 = CIRCLE('',#9054,2.);
#9054 = AXIS2_PLACEMENT_3D('',#9055,#9056,#9057);
#9055 = CARTESIAN_POINT('',(-5.2,5.8,0.));
#9056 = DIRECTION('',(0.,0.,1.));
#9057 = DIRECTION('',(1.,0.,-0.));
#9058 = ORIENTED_EDGE('',*,*,#8406,.F.);
#9059 = CYLINDRICAL_SURFACE('',#9060,2.);
#9060 = AXIS2_PLACEMENT_3D('',#9061,#9062,#9063);
#9061 = CARTESIAN_POINT('',(-5.2,5.8,0.));
#9062 = DIRECTION('',(0.,0.,1.));
#9063 = DIRECTION('',(1.,0.,-0.));
#9064 = ADVANCED_FACE('',(#9065),#9076,.F.);
#9065 = FACE_BOUND('',#9066,.T.);
#9066 = EDGE_LOOP('',(#9067,#9073,#9074,#9075));
#9067 = ORIENTED_EDGE('',*,*,#9068,.F.);
#9068 = EDGE_CURVE('',#8429,#7168,#9069,.T.);
#9069 = LINE('',#9070,#9071);
#9070 = CARTESIAN_POINT('',(3.572114219898,6.01,22.7));
#9071 = VECTOR('',#9072,1.);
#9072 = DIRECTION('',(-0.,0.,1.));
#9073 = ORIENTED_EDGE('',*,*,#8439,.F.);
#9074 = ORIENTED_EDGE('',*,*,#7061,.F.);
#9075 = ORIENTED_EDGE('',*,*,#7176,.F.);
#9076 = PLANE('',#9077);
#9077 = AXIS2_PLACEMENT_3D('',#9078,#9079,#9080);
#9078 = CARTESIAN_POINT('',(8.598741352602,6.01,22.7));
#9079 = DIRECTION('',(0.,-1.,0.));
#9080 = DIRECTION('',(0.,-0.,-1.));
#9081 = ADVANCED_FACE('',(#9082),#9088,.T.);
#9082 = FACE_BOUND('',#9083,.T.);
#9083 = EDGE_LOOP('',(#9084,#9085,#9086,#9087));
#9084 = ORIENTED_EDGE('',*,*,#7085,.F.);
#9085 = ORIENTED_EDGE('',*,*,#8428,.F.);
#9086 = ORIENTED_EDGE('',*,*,#9068,.T.);
#9087 = ORIENTED_EDGE('',*,*,#7167,.T.);
#9088 = CYLINDRICAL_SURFACE('',#9089,6.35);
#9089 = AXIS2_PLACEMENT_3D('',#9090,#9091,#9092);
#9090 = CARTESIAN_POINT('',(0.,0.76,14.1));
#9091 = DIRECTION('',(0.,0.,1.));
#9092 = DIRECTION('',(1.,0.,-0.));
#9093 = ADVANCED_FACE('',(#9094),#9112,.T.);
#9094 = FACE_BOUND('',#9095,.T.);
#9095 = EDGE_LOOP('',(#9096,#9097,#9105,#9111));
#9096 = ORIENTED_EDGE('',*,*,#8458,.F.);
#9097 = ORIENTED_EDGE('',*,*,#9098,.T.);
#9098 = EDGE_CURVE('',#8450,#9099,#9101,.T.);
#9099 = VERTEX_POINT('',#9100);
#9100 = CARTESIAN_POINT('',(5.2,7.8,0.));
#9101 = LINE('',#9102,#9103);
#9102 = CARTESIAN_POINT('',(5.2,7.8,0.));
#9103 = VECTOR('',#9104,1.);
#9104 = DIRECTION('',(-0.,-0.,-1.));
#9105 = ORIENTED_EDGE('',*,*,#9106,.T.);
#9106 = EDGE_CURVE('',#9099,#9045,#9107,.T.);
#9107 = LINE('',#9108,#9109);
#9108 = CARTESIAN_POINT('',(5.2,7.8,0.));
#9109 = VECTOR('',#9110,1.);
#9110 = DIRECTION('',(-1.,-1.067522139063E-16,0.));
#9111 = ORIENTED_EDGE('',*,*,#9044,.F.);
#9112 = PLANE('',#9113);
#9113 = AXIS2_PLACEMENT_3D('',#9114,#9115,#9116);
#9114 = CARTESIAN_POINT('',(5.2,7.8,0.));
#9115 = DIRECTION('',(-1.067522139063E-16,1.,0.));
#9116 = DIRECTION('',(-1.,-1.067522139063E-16,0.));
#9117 = ADVANCED_FACE('',(#9118),#9130,.T.);
#9118 = FACE_BOUND('',#9119,.T.);
#9119 = EDGE_LOOP('',(#9120,#9121,#9122,#9129));
#9120 = ORIENTED_EDGE('',*,*,#8447,.F.);
#9121 = ORIENTED_EDGE('',*,*,#8530,.F.);
#9122 = ORIENTED_EDGE('',*,*,#9123,.T.);
#9123 = EDGE_CURVE('',#8523,#9099,#9124,.T.);
#9124 = CIRCLE('',#9125,2.);
#9125 = AXIS2_PLACEMENT_3D('',#9126,#9127,#9128);
#9126 = CARTESIAN_POINT('',(5.2,5.8,0.));
#9127 = DIRECTION('',(0.,0.,1.));
#9128 = DIRECTION('',(1.,0.,-0.));
#9129 = ORIENTED_EDGE('',*,*,#9098,.F.);
#9130 = CYLINDRICAL_SURFACE('',#9131,2.);
#9131 = AXIS2_PLACEMENT_3D('',#9132,#9133,#9134);
#9132 = CARTESIAN_POINT('',(5.2,5.8,0.));
#9133 = DIRECTION('',(0.,0.,1.));
#9134 = DIRECTION('',(1.,0.,-0.));
#9135 = ADVANCED_FACE('',(#9136),#9154,.F.);
#9136 = FACE_BOUND('',#9137,.T.);
#9137 = EDGE_LOOP('',(#9138,#9139,#9140,#9148));
#9138 = ORIENTED_EDGE('',*,*,#8514,.F.);
#9139 = ORIENTED_EDGE('',*,*,#9004,.F.);
#9140 = ORIENTED_EDGE('',*,*,#9141,.F.);
#9141 = EDGE_CURVE('',#9142,#8996,#9144,.T.);
#9142 = VERTEX_POINT('',#9143);
#9143 = CARTESIAN_POINT('',(3.404761371961,4.08,0.));
#9144 = LINE('',#9145,#9146);
#9145 = CARTESIAN_POINT('',(3.404761371961,4.08,0.));
#9146 = VECTOR('',#9147,1.);
#9147 = DIRECTION('',(0.,-0.,1.));
#9148 = ORIENTED_EDGE('',*,*,#9149,.F.);
#9149 = EDGE_CURVE('',#8515,#9142,#9150,.T.);
#9150 = LINE('',#9151,#9152);
#9151 = CARTESIAN_POINT('',(7.2,4.08,0.));
#9152 = VECTOR('',#9153,1.);
#9153 = DIRECTION('',(-1.,-0.,-0.));
#9154 = PLANE('',#9155);
#9155 = AXIS2_PLACEMENT_3D('',#9156,#9157,#9158);
#9156 = CARTESIAN_POINT('',(7.2,4.08,0.));
#9157 = DIRECTION('',(-0.,1.,0.));
#9158 = DIRECTION('',(0.,0.,1.));
#9159 = ADVANCED_FACE('',(#9160),#9166,.F.);
#9160 = FACE_BOUND('',#9161,.T.);
#9161 = EDGE_LOOP('',(#9162,#9163,#9164,#9165));
#9162 = ORIENTED_EDGE('',*,*,#8918,.T.);
#9163 = ORIENTED_EDGE('',*,*,#8978,.F.);
#9164 = ORIENTED_EDGE('',*,*,#8498,.F.);
#9165 = ORIENTED_EDGE('',*,*,#8556,.T.);
#9166 = PLANE('',#9167);
#9167 = AXIS2_PLACEMENT_3D('',#9168,#9169,#9170);
#9168 = CARTESIAN_POINT('',(3.404761371961,-2.4,0.));
#9169 = DIRECTION('',(0.,-1.,0.));
#9170 = DIRECTION('',(0.,-0.,-1.));
#9171 = ADVANCED_FACE('',(#9172),#9183,.F.);
#9172 = FACE_BOUND('',#9173,.T.);
#9173 = EDGE_LOOP('',(#9174,#9175,#9176,#9182));
#9174 = ORIENTED_EDGE('',*,*,#8564,.T.);
#9175 = ORIENTED_EDGE('',*,*,#7874,.F.);
#9176 = ORIENTED_EDGE('',*,*,#9177,.F.);
#9177 = EDGE_CURVE('',#8903,#7867,#9178,.T.);
#9178 = LINE('',#9179,#9180);
#9179 = CARTESIAN_POINT('',(2.915,-7.8,0.5));
#9180 = VECTOR('',#9181,1.);
#9181 = DIRECTION('',(0.,-1.,-0.));
#9182 = ORIENTED_EDGE('',*,*,#8910,.T.);
#9183 = PLANE('',#9184);
#9184 = AXIS2_PLACEMENT_3D('',#9185,#9186,#9187);
#9185 = CARTESIAN_POINT('',(2.915,-7.8,0.5));
#9186 = DIRECTION('',(0.766044443119,0.,0.642787609687));
#9187 = DIRECTION('',(0.642787609687,0.,-0.766044443119));
#9188 = ADVANCED_FACE('',(#9189),#9200,.F.);
#9189 = FACE_BOUND('',#9190,.T.);
#9190 = EDGE_LOOP('',(#9191,#9197,#9198,#9199));
#9191 = ORIENTED_EDGE('',*,*,#9192,.F.);
#9192 = EDGE_CURVE('',#7809,#8937,#9193,.T.);
#9193 = LINE('',#9194,#9195);
#9194 = CARTESIAN_POINT('',(-0.375,-7.8,1.15));
#9195 = VECTOR('',#9196,1.);
#9196 = DIRECTION('',(0.,1.,-0.));
#9197 = ORIENTED_EDGE('',*,*,#7930,.F.);
#9198 = ORIENTED_EDGE('',*,*,#8806,.T.);
#9199 = ORIENTED_EDGE('',*,*,#8936,.T.);
#9200 = PLANE('',#9201);
#9201 = AXIS2_PLACEMENT_3D('',#9202,#9203,#9204);
#9202 = CARTESIAN_POINT('',(-0.375,-7.8,0.5));
#9203 = DIRECTION('',(-1.,0.,0.));
#9204 = DIRECTION('',(0.,0.,1.));
#9205 = ADVANCED_FACE('',(#9206),#9218,.F.);
#9206 = FACE_BOUND('',#9207,.F.);
#9207 = EDGE_LOOP('',(#9208,#9215,#9216,#9217));
#9208 = ORIENTED_EDGE('',*,*,#9209,.T.);
#9209 = EDGE_CURVE('',#7119,#7111,#9210,.T.);
#9210 = CIRCLE('',#9211,3.35);
#9211 = AXIS2_PLACEMENT_3D('',#9212,#9213,#9214);
#9212 = CARTESIAN_POINT('',(0.,0.84,4.3));
#9213 = DIRECTION('',(0.,0.,-1.));
#9214 = DIRECTION('',(1.,0.,0.));
#9215 = ORIENTED_EDGE('',*,*,#7108,.F.);
#9216 = ORIENTED_EDGE('',*,*,#8968,.T.);
#9217 = ORIENTED_EDGE('',*,*,#7127,.T.);
#9218 = CYLINDRICAL_SURFACE('',#9219,3.35);
#9219 = AXIS2_PLACEMENT_3D('',#9220,#9221,#9222);
#9220 = CARTESIAN_POINT('',(0.,0.84,2.6));
#9221 = DIRECTION('',(0.,0.,1.));
#9222 = DIRECTION('',(1.,0.,-0.));
#9223 = ADVANCED_FACE('',(#9224),#9236,.F.);
#9224 = FACE_BOUND('',#9225,.F.);
#9225 = EDGE_LOOP('',(#9226,#9233,#9234,#9235));
#9226 = ORIENTED_EDGE('',*,*,#9227,.T.);
#9227 = EDGE_CURVE('',#9142,#9020,#9228,.T.);
#9228 = CIRCLE('',#9229,4.7);
#9229 = AXIS2_PLACEMENT_3D('',#9230,#9231,#9232);
#9230 = CARTESIAN_POINT('',(0.,0.84,0.));
#9231 = DIRECTION('',(0.,0.,1.));
#9232 = DIRECTION('',(1.,0.,-0.));
#9233 = ORIENTED_EDGE('',*,*,#9019,.F.);
#9234 = ORIENTED_EDGE('',*,*,#8995,.T.);
#9235 = ORIENTED_EDGE('',*,*,#9141,.F.);
#9236 = CYLINDRICAL_SURFACE('',#9237,4.7);
#9237 = AXIS2_PLACEMENT_3D('',#9238,#9239,#9240);
#9238 = CARTESIAN_POINT('',(0.,0.84,0.));
#9239 = DIRECTION('',(0.,0.,1.));
#9240 = DIRECTION('',(1.,0.,-0.));
#9241 = ADVANCED_FACE('',(#9242),#9252,.F.);
#9242 = FACE_BOUND('',#9243,.T.);
#9243 = EDGE_LOOP('',(#9244,#9245,#9246,#9247,#9248,#9249,#9250,#9251));
#9244 = ORIENTED_EDGE('',*,*,#8414,.F.);
#9245 = ORIENTED_EDGE('',*,*,#9052,.F.);
#9246 = ORIENTED_EDGE('',*,*,#9106,.F.);
#9247 = ORIENTED_EDGE('',*,*,#9123,.F.);
#9248 = ORIENTED_EDGE('',*,*,#8522,.F.);
#9249 = ORIENTED_EDGE('',*,*,#9149,.T.);
#9250 = ORIENTED_EDGE('',*,*,#9227,.T.);
#9251 = ORIENTED_EDGE('',*,*,#9029,.T.);
#9252 = PLANE('',#9253);
#9253 = AXIS2_PLACEMENT_3D('',#9254,#9255,#9256);
#9254 = CARTESIAN_POINT('',(1.665334536938E-15,-5.551115123126E-16,0.));
#9255 = DIRECTION('',(0.,0.,1.));
#9256 = DIRECTION('',(1.,0.,-0.));
#9257 = ADVANCED_FACE('',(#9258),#9270,.T.);
#9258 = FACE_BOUND('',#9259,.T.);
#9259 = EDGE_LOOP('',(#9260,#9261,#9268,#9269));
#9260 = ORIENTED_EDGE('',*,*,#7161,.F.);
#9261 = ORIENTED_EDGE('',*,*,#9262,.T.);
#9262 = EDGE_CURVE('',#7153,#7151,#9263,.T.);
#9263 = CIRCLE('',#9264,4.949999999894);
#9264 = AXIS2_PLACEMENT_3D('',#9265,#9266,#9267);
#9265 = CARTESIAN_POINT('',(0.,0.76,22.699999999986));
#9266 = DIRECTION('',(-0.,0.,-1.));
#9267 = DIRECTION('',(-1.,0.,0.));
#9268 = ORIENTED_EDGE('',*,*,#7194,.T.);
#9269 = ORIENTED_EDGE('',*,*,#7093,.F.);
#9270 = CONICAL_SURFACE('',#9271,6.349999999827,0.785398163397);
#9271 = AXIS2_PLACEMENT_3D('',#9272,#9273,#9274);
#9272 = CARTESIAN_POINT('',(0.,0.76,21.300000000053));
#9273 = DIRECTION('',(-0.,-0.,-1.));
#9274 = DIRECTION('',(-1.,0.,0.));
#9275 = ADVANCED_FACE('',(#9276),#9282,.F.);
#9276 = FACE_BOUND('',#9277,.T.);
#9277 = EDGE_LOOP('',(#9278,#9279,#9280,#9281));
#9278 = ORIENTED_EDGE('',*,*,#9177,.T.);
#9279 = ORIENTED_EDGE('',*,*,#7866,.F.);
#9280 = ORIENTED_EDGE('',*,*,#7252,.F.);
#9281 = ORIENTED_EDGE('',*,*,#8902,.F.);
#9282 = PLANE('',#9283);
#9283 = AXIS2_PLACEMENT_3D('',#9284,#9285,#9286);
#9284 = CARTESIAN_POINT('',(2.915,-7.8,1.15));
#9285 = DIRECTION('',(1.,0.,0.));
#9286 = DIRECTION('',(0.,0.,-1.));
#9287 = ADVANCED_FACE('',(#9288),#9294,.F.);
#9288 = FACE_BOUND('',#9289,.F.);
#9289 = EDGE_LOOP('',(#9290,#9291,#9292,#9293));
#9290 = ORIENTED_EDGE('',*,*,#8944,.T.);
#9291 = ORIENTED_EDGE('',*,*,#9192,.F.);
#9292 = ORIENTED_EDGE('',*,*,#7808,.T.);
#9293 = ORIENTED_EDGE('',*,*,#7229,.T.);
#9294 = CYLINDRICAL_SURFACE('',#9295,0.375);
#9295 = AXIS2_PLACEMENT_3D('',#9296,#9297,#9298);
#9296 = CARTESIAN_POINT('',(2.22044604925E-15,-7.8,1.15));
#9297 = DIRECTION('',(0.,1.,0.));
#9298 = DIRECTION('',(0.,-0.,1.));
#9299 = ADVANCED_FACE('',(#9300,#9310),#9314,.T.);
#9300 = FACE_BOUND('',#9301,.T.);
#9301 = EDGE_LOOP('',(#9302,#9309));
#9302 = ORIENTED_EDGE('',*,*,#9303,.T.);
#9303 = EDGE_CURVE('',#7299,#7297,#9304,.T.);
#9304 = CIRCLE('',#9305,1.15);
#9305 = AXIS2_PLACEMENT_3D('',#9306,#9307,#9308);
#9306 = CARTESIAN_POINT('',(0.,0.84,4.3));
#9307 = DIRECTION('',(0.,-0.,1.));
#9308 = DIRECTION('',(-1.,0.,0.));
#9309 = ORIENTED_EDGE('',*,*,#7296,.T.);
#9310 = FACE_BOUND('',#9311,.T.);
#9311 = EDGE_LOOP('',(#9312,#9313));
#9312 = ORIENTED_EDGE('',*,*,#7118,.T.);
#9313 = ORIENTED_EDGE('',*,*,#9209,.T.);
#9314 = PLANE('',#9315);
#9315 = AXIS2_PLACEMENT_3D('',#9316,#9317,#9318);
#9316 = CARTESIAN_POINT('',(0.,0.84,4.3));
#9317 = DIRECTION('',(0.,0.,-1.));
#9318 = DIRECTION('',(-1.,0.,-0.));
#9319 = ADVANCED_FACE('',(#9320,#9330),#9334,.T.);
#9320 = FACE_BOUND('',#9321,.T.);
#9321 = EDGE_LOOP('',(#9322,#9329));
#9322 = ORIENTED_EDGE('',*,*,#9323,.T.);
#9323 = EDGE_CURVE('',#7389,#7387,#9324,.T.);
#9324 = CIRCLE('',#9325,4.85);
#9325 = AXIS2_PLACEMENT_3D('',#9326,#9327,#9328);
#9326 = CARTESIAN_POINT('',(0.,0.76,22.7));
#9327 = DIRECTION('',(0.,0.,-1.));
#9328 = DIRECTION('',(1.,0.,0.));
#9329 = ORIENTED_EDGE('',*,*,#7386,.T.);
#9330 = FACE_BOUND('',#9331,.T.);
#9331 = EDGE_LOOP('',(#9332,#9333));
#9332 = ORIENTED_EDGE('',*,*,#7150,.F.);
#9333 = ORIENTED_EDGE('',*,*,#9262,.F.);
#9334 = PLANE('',#9335);
#9335 = AXIS2_PLACEMENT_3D('',#9336,#9337,#9338);
#9336 = CARTESIAN_POINT('',(0.,0.76,22.7));
#9337 = DIRECTION('',(0.,0.,1.));
#9338 = DIRECTION('',(1.,0.,-0.));
#9339 = ADVANCED_FACE('',(#9340),#9351,.F.);
#9340 = FACE_BOUND('',#9341,.F.);
#9341 = EDGE_LOOP('',(#9342,#9343,#9349,#9350));
#9342 = ORIENTED_EDGE('',*,*,#8892,.T.);
#9343 = ORIENTED_EDGE('',*,*,#9344,.T.);
#9344 = EDGE_CURVE('',#8885,#7851,#9345,.T.);
#9345 = LINE('',#9346,#9347);
#9346 = CARTESIAN_POINT('',(2.165,-7.8,1.15));
#9347 = VECTOR('',#9348,1.);
#9348 = DIRECTION('',(-0.,-1.,-0.));
#9349 = ORIENTED_EDGE('',*,*,#7858,.T.);
#9350 = ORIENTED_EDGE('',*,*,#7273,.T.);
#9351 = CYLINDRICAL_SURFACE('',#9352,0.375);
#9352 = AXIS2_PLACEMENT_3D('',#9353,#9354,#9355);
#9353 = CARTESIAN_POINT('',(2.54,-7.8,1.15));
#9354 = DIRECTION('',(0.,1.,0.));
#9355 = DIRECTION('',(0.,-0.,1.));
#9356 = ADVANCED_FACE('',(#9357),#9368,.F.);
#9357 = FACE_BOUND('',#9358,.T.);
#9358 = EDGE_LOOP('',(#9359,#9365,#9366,#9367));
#9359 = ORIENTED_EDGE('',*,*,#9360,.F.);
#9360 = EDGE_CURVE('',#7819,#8858,#9361,.T.);
#9361 = LINE('',#9362,#9363);
#9362 = CARTESIAN_POINT('',(0.375,-7.8,0.5));
#9363 = VECTOR('',#9364,1.);
#9364 = DIRECTION('',(0.,1.,0.));
#9365 = ORIENTED_EDGE('',*,*,#7818,.F.);
#9366 = ORIENTED_EDGE('',*,*,#7208,.T.);
#9367 = ORIENTED_EDGE('',*,*,#8954,.F.);
#9368 = PLANE('',#9369);
#9369 = AXIS2_PLACEMENT_3D('',#9370,#9371,#9372);
#9370 = CARTESIAN_POINT('',(0.375,-7.8,1.15));
#9371 = DIRECTION('',(1.,0.,-1.7080354225E-15));
#9372 = DIRECTION('',(-1.7080354225E-15,0.,-1.));
#9373 = ADVANCED_FACE('',(#9374),#9386,.T.);
#9374 = FACE_BOUND('',#9375,.T.);
#9375 = EDGE_LOOP('',(#9376,#9377,#9378,#9379));
#9376 = ORIENTED_EDGE('',*,*,#7307,.F.);
#9377 = ORIENTED_EDGE('',*,*,#9303,.F.);
#9378 = ORIENTED_EDGE('',*,*,#7324,.T.);
#9379 = ORIENTED_EDGE('',*,*,#9380,.T.);
#9380 = EDGE_CURVE('',#7316,#7308,#9381,.T.);
#9381 = CIRCLE('',#9382,1.15);
#9382 = AXIS2_PLACEMENT_3D('',#9383,#9384,#9385);
#9383 = CARTESIAN_POINT('',(0.,0.84,1.7));
#9384 = DIRECTION('',(0.,-0.,1.));
#9385 = DIRECTION('',(-1.,0.,0.));
#9386 = CYLINDRICAL_SURFACE('',#9387,1.15);
#9387 = AXIS2_PLACEMENT_3D('',#9388,#9389,#9390);
#9388 = CARTESIAN_POINT('',(0.,0.84,4.3));
#9389 = DIRECTION('',(0.,0.,-1.));
#9390 = DIRECTION('',(-1.,0.,0.));
#9391 = ADVANCED_FACE('',(#9392,#9404),#9428,.T.);
#9392 = FACE_BOUND('',#9393,.T.);
#9393 = EDGE_LOOP('',(#9394,#9395,#9396,#9397));
#9394 = ORIENTED_EDGE('',*,*,#7397,.F.);
#9395 = ORIENTED_EDGE('',*,*,#9323,.F.);
#9396 = ORIENTED_EDGE('',*,*,#7414,.T.);
#9397 = ORIENTED_EDGE('',*,*,#9398,.T.);
#9398 = EDGE_CURVE('',#7406,#7398,#9399,.T.);
#9399 = CIRCLE('',#9400,4.85);
#9400 = AXIS2_PLACEMENT_3D('',#9401,#9402,#9403);
#9401 = CARTESIAN_POINT('',(0.,0.76,34.8));
#9402 = DIRECTION('',(0.,0.,-1.));
#9403 = DIRECTION('',(1.,0.,0.));
#9404 = FACE_BOUND('',#9405,.T.);
#9405 = EDGE_LOOP('',(#9406,#9407));
#9406 = ORIENTED_EDGE('',*,*,#7479,.T.);
#9407 = ORIENTED_EDGE('',*,*,#9408,.T.);
#9408 = EDGE_CURVE('',#7472,#7480,#9409,.T.);
#9409 = B_SPLINE_CURVE_WITH_KNOTS('',3,(#9410,#9411,#9412,#9413,#9414,
    #9415,#9416,#9417,#9418,#9419,#9420,#9421,#9422,#9423,#9424,#9425,
    #9426,#9427),.UNSPECIFIED.,.F.,.F.,(4,2,2,2,2,2,2,2,4),(
    1.623015714777E-03,2.028552992315E-03,2.434090269854E-03,
    2.839627547392E-03,3.245164824931E-03,3.650702102469E-03,
    4.056239380008E-03,4.461776657546E-03,4.867313935085E-03),
  .UNSPECIFIED.);
#9410 = CARTESIAN_POINT('',(-6.860998421428E-13,-4.090000000001,
    29.514999999994));
#9411 = CARTESIAN_POINT('',(-0.13541954931,-4.09,29.515));
#9412 = CARTESIAN_POINT('',(-0.271191300404,-4.084049592389,
    29.541958031279));
#9413 = CARTESIAN_POINT('',(-0.52222958015,-4.063446634986,
    29.646136294714));
#9414 = CARTESIAN_POINT('',(-0.636035954373,-4.049095717292,
    29.722260946613));
#9415 = CARTESIAN_POINT('',(-0.828162816349,-4.019758331019,
    29.914515912573));
#9416 = CARTESIAN_POINT('',(-0.904203088455,-4.005261158336,
    30.028498888002));
#9417 = CARTESIAN_POINT('',(-1.007903450642,-3.98441016002,
    30.278564429062));
#9418 = CARTESIAN_POINT('',(-1.035113897814,-3.978252761539,
    30.413723727876));
#9419 = CARTESIAN_POINT('',(-1.034885383752,-3.978302676716,
    30.68800089235));
#9420 = CARTESIAN_POINT('',(-1.007630646686,-3.984470920706,
    30.822555349157));
#9421 = CARTESIAN_POINT('',(-0.903434133225,-4.005409804465,
    31.072888807892));
#9422 = CARTESIAN_POINT('',(-0.826483270966,-4.020031955681,
    31.18738432703));
#9423 = CARTESIAN_POINT('',(-0.636019274228,-4.049080949343,
    31.377534204937));
#9424 = CARTESIAN_POINT('',(-0.520827616435,-4.063570882115,
    31.454499580765));
#9425 = CARTESIAN_POINT('',(-0.271883515177,-4.083983568821,
    31.557700477236));
#9426 = CARTESIAN_POINT('',(-0.135420940864,-4.09,31.585));
#9427 = CARTESIAN_POINT('',(6.862265930961E-13,-4.090000000001,
    31.585000000006));
#9428 = CYLINDRICAL_SURFACE('',#9429,4.85);
#9429 = AXIS2_PLACEMENT_3D('',#9430,#9431,#9432);
#9430 = CARTESIAN_POINT('',(0.,0.76,22.7));
#9431 = DIRECTION('',(0.,0.,1.));
#9432 = DIRECTION('',(1.,0.,-0.));
#9433 = ADVANCED_FACE('',(#9434),#9445,.F.);
#9434 = FACE_BOUND('',#9435,.T.);
#9435 = EDGE_LOOP('',(#9436,#9437,#9438,#9444));
#9436 = ORIENTED_EDGE('',*,*,#9344,.T.);
#9437 = ORIENTED_EDGE('',*,*,#7850,.F.);
#9438 = ORIENTED_EDGE('',*,*,#9439,.F.);
#9439 = EDGE_CURVE('',#8876,#7843,#9440,.T.);
#9440 = LINE('',#9441,#9442);
#9441 = CARTESIAN_POINT('',(2.165,-7.8,0.5));
#9442 = VECTOR('',#9443,1.);
#9443 = DIRECTION('',(-0.,-1.,0.));
#9444 = ORIENTED_EDGE('',*,*,#8884,.F.);
#9445 = PLANE('',#9446);
#9446 = AXIS2_PLACEMENT_3D('',#9447,#9448,#9449);
#9447 = CARTESIAN_POINT('',(2.165,-7.8,0.5));
#9448 = DIRECTION('',(-1.,0.,1.7080354225E-15));
#9449 = DIRECTION('',(1.7080354225E-15,0.,1.));
#9450 = ADVANCED_FACE('',(#9451),#9462,.F.);
#9451 = FACE_BOUND('',#9452,.T.);
#9452 = EDGE_LOOP('',(#9453,#9459,#9460,#9461));
#9453 = ORIENTED_EDGE('',*,*,#9454,.F.);
#9454 = EDGE_CURVE('',#7827,#8856,#9455,.T.);
#9455 = LINE('',#9456,#9457);
#9456 = CARTESIAN_POINT('',(0.794549815589,-7.8,-9.75781955237E-16));
#9457 = VECTOR('',#9458,1.);
#9458 = DIRECTION('',(-0.,1.,0.));
#9459 = ORIENTED_EDGE('',*,*,#7826,.F.);
#9460 = ORIENTED_EDGE('',*,*,#9360,.T.);
#9461 = ORIENTED_EDGE('',*,*,#8855,.F.);
#9462 = PLANE('',#9463);
#9463 = AXIS2_PLACEMENT_3D('',#9464,#9465,#9466);
#9464 = CARTESIAN_POINT('',(0.375,-7.8,0.5));
#9465 = DIRECTION('',(0.766044443119,0.,0.642787609687));
#9466 = DIRECTION('',(0.642787609687,0.,-0.766044443119));
#9467 = ADVANCED_FACE('',(#9468,#9478),#9482,.T.);
#9468 = FACE_BOUND('',#9469,.T.);
#9469 = EDGE_LOOP('',(#9470,#9471));
#9470 = ORIENTED_EDGE('',*,*,#7526,.T.);
#9471 = ORIENTED_EDGE('',*,*,#9472,.T.);
#9472 = EDGE_CURVE('',#7527,#7519,#9473,.T.);
#9473 = CIRCLE('',#9474,0.5);
#9474 = AXIS2_PLACEMENT_3D('',#9475,#9476,#9477);
#9475 = CARTESIAN_POINT('',(0.,0.84,1.7));
#9476 = DIRECTION('',(0.,-0.,1.));
#9477 = DIRECTION('',(-1.,0.,0.));
#9478 = FACE_BOUND('',#9479,.T.);
#9479 = EDGE_LOOP('',(#9480,#9481));
#9480 = ORIENTED_EDGE('',*,*,#9380,.F.);
#9481 = ORIENTED_EDGE('',*,*,#7315,.F.);
#9482 = PLANE('',#9483);
#9483 = AXIS2_PLACEMENT_3D('',#9484,#9485,#9486);
#9484 = CARTESIAN_POINT('',(0.,0.84,1.7));
#9485 = DIRECTION('',(0.,0.,-1.));
#9486 = DIRECTION('',(-1.,0.,-0.));
#9487 = ADVANCED_FACE('',(#9488,#9498),#9502,.T.);
#9488 = FACE_BOUND('',#9489,.T.);
#9489 = EDGE_LOOP('',(#9490,#9497));
#9490 = ORIENTED_EDGE('',*,*,#9491,.T.);
#9491 = EDGE_CURVE('',#7559,#7578,#9492,.T.);
#9492 = CIRCLE('',#9493,4.29);
#9493 = AXIS2_PLACEMENT_3D('',#9494,#9495,#9496);
#9494 = CARTESIAN_POINT('',(0.,0.76,34.8));
#9495 = DIRECTION('',(0.,0.,-1.));
#9496 = DIRECTION('',(-1.,0.,0.));
#9497 = ORIENTED_EDGE('',*,*,#7585,.T.);
#9498 = FACE_BOUND('',#9499,.T.);
#9499 = EDGE_LOOP('',(#9500,#9501));
#9500 = ORIENTED_EDGE('',*,*,#9398,.F.);
#9501 = ORIENTED_EDGE('',*,*,#7405,.F.);
#9502 = PLANE('',#9503);
#9503 = AXIS2_PLACEMENT_3D('',#9504,#9505,#9506);
#9504 = CARTESIAN_POINT('',(0.,0.76,34.8));
#9505 = DIRECTION('',(0.,0.,1.));
#9506 = DIRECTION('',(1.,0.,-0.));
#9507 = ADVANCED_FACE('',(#9508),#9520,.T.);
#9508 = FACE_BOUND('',#9509,.T.);
#9509 = EDGE_LOOP('',(#9510,#9511,#9512,#9513));
#9510 = ORIENTED_EDGE('',*,*,#7429,.F.);
#9511 = ORIENTED_EDGE('',*,*,#7338,.F.);
#9512 = ORIENTED_EDGE('',*,*,#7446,.T.);
#9513 = ORIENTED_EDGE('',*,*,#9514,.T.);
#9514 = EDGE_CURVE('',#7438,#7430,#9515,.T.);
#9515 = CIRCLE('',#9516,1.035);
#9516 = AXIS2_PLACEMENT_3D('',#9517,#9518,#9519);
#9517 = CARTESIAN_POINT('',(0.,6.28,30.55));
#9518 = DIRECTION('',(0.,-1.,0.));
#9519 = DIRECTION('',(0.,0.,1.));
#9520 = CYLINDRICAL_SURFACE('',#9521,1.035);
#9521 = AXIS2_PLACEMENT_3D('',#9522,#9523,#9524);
#9522 = CARTESIAN_POINT('',(0.,0.76,30.55));
#9523 = DIRECTION('',(0.,1.,0.));
#9524 = DIRECTION('',(0.,-0.,1.));
#9525 = ADVANCED_FACE('',(#9526),#9538,.T.);
#9526 = FACE_BOUND('',#9527,.T.);
#9527 = EDGE_LOOP('',(#9528,#9529,#9536,#9537));
#9528 = ORIENTED_EDGE('',*,*,#7471,.F.);
#9529 = ORIENTED_EDGE('',*,*,#9530,.T.);
#9530 = EDGE_CURVE('',#7463,#7461,#9531,.T.);
#9531 = CIRCLE('',#9532,1.035);
#9532 = AXIS2_PLACEMENT_3D('',#9533,#9534,#9535);
#9533 = CARTESIAN_POINT('',(0.,-4.76,30.55));
#9534 = DIRECTION('',(0.,1.,0.));
#9535 = DIRECTION('',(0.,-0.,1.));
#9536 = ORIENTED_EDGE('',*,*,#7502,.T.);
#9537 = ORIENTED_EDGE('',*,*,#9408,.F.);
#9538 = CYLINDRICAL_SURFACE('',#9539,1.035);
#9539 = AXIS2_PLACEMENT_3D('',#9540,#9541,#9542);
#9540 = CARTESIAN_POINT('',(0.,0.76,30.55));
#9541 = DIRECTION('',(0.,1.,0.));
#9542 = DIRECTION('',(0.,-0.,1.));
#9543 = ADVANCED_FACE('',(#9544),#9555,.F.);
#9544 = FACE_BOUND('',#9545,.T.);
#9545 = EDGE_LOOP('',(#9546,#9547,#9548,#9554));
#9546 = ORIENTED_EDGE('',*,*,#9439,.T.);
#9547 = ORIENTED_EDGE('',*,*,#7842,.F.);
#9548 = ORIENTED_EDGE('',*,*,#9549,.F.);
#9549 = EDGE_CURVE('',#8867,#7835,#9550,.T.);
#9550 = LINE('',#9551,#9552);
#9551 = CARTESIAN_POINT('',(1.745450184411,-7.8,0.));
#9552 = VECTOR('',#9553,1.);
#9553 = DIRECTION('',(-0.,-1.,0.));
#9554 = ORIENTED_EDGE('',*,*,#8875,.F.);
#9555 = PLANE('',#9556);
#9556 = AXIS2_PLACEMENT_3D('',#9557,#9558,#9559);
#9557 = CARTESIAN_POINT('',(1.745450184411,-7.8,0.));
#9558 = DIRECTION('',(-0.766044443119,0.,0.642787609687));
#9559 = DIRECTION('',(0.642787609687,0.,0.766044443119));
#9560 = ADVANCED_FACE('',(#9561),#9567,.F.);
#9561 = FACE_BOUND('',#9562,.T.);
#9562 = EDGE_LOOP('',(#9563,#9564,#9565,#9566));
#9563 = ORIENTED_EDGE('',*,*,#8866,.F.);
#9564 = ORIENTED_EDGE('',*,*,#9549,.T.);
#9565 = ORIENTED_EDGE('',*,*,#7834,.F.);
#9566 = ORIENTED_EDGE('',*,*,#9454,.T.);
#9567 = PLANE('',#9568);
#9568 = AXIS2_PLACEMENT_3D('',#9569,#9570,#9571);
#9569 = CARTESIAN_POINT('',(1.665334536938E-15,-5.551115123126E-16,0.));
#9570 = DIRECTION('',(0.,0.,1.));
#9571 = DIRECTION('',(1.,0.,-0.));
#9572 = ADVANCED_FACE('',(#9573),#9585,.F.);
#9573 = FACE_BOUND('',#9574,.F.);
#9574 = EDGE_LOOP('',(#9575,#9576,#9577,#9584));
#9575 = ORIENTED_EDGE('',*,*,#9472,.T.);
#9576 = ORIENTED_EDGE('',*,*,#7516,.F.);
#9577 = ORIENTED_EDGE('',*,*,#9578,.T.);
#9578 = EDGE_CURVE('',#7517,#7536,#9579,.T.);
#9579 = CIRCLE('',#9580,0.5);
#9580 = AXIS2_PLACEMENT_3D('',#9581,#9582,#9583);
#9581 = CARTESIAN_POINT('',(0.,0.84,4.3));
#9582 = DIRECTION('',(0.,0.,-1.));
#9583 = DIRECTION('',(-1.,0.,0.));
#9584 = ORIENTED_EDGE('',*,*,#7535,.T.);
#9585 = CYLINDRICAL_SURFACE('',#9586,0.5);
#9586 = AXIS2_PLACEMENT_3D('',#9587,#9588,#9589);
#9587 = CARTESIAN_POINT('',(0.,0.84,4.3));
#9588 = DIRECTION('',(0.,0.,-1.));
#9589 = DIRECTION('',(-1.,0.,0.));
#9590 = ADVANCED_FACE('',(#9591),#9603,.F.);
#9591 = FACE_BOUND('',#9592,.F.);
#9592 = EDGE_LOOP('',(#9593,#9600,#9601,#9602));
#9593 = ORIENTED_EDGE('',*,*,#9594,.T.);
#9594 = EDGE_CURVE('',#7569,#7561,#9595,.T.);
#9595 = CIRCLE('',#9596,4.29);
#9596 = AXIS2_PLACEMENT_3D('',#9597,#9598,#9599);
#9597 = CARTESIAN_POINT('',(0.,0.76,22.7));
#9598 = DIRECTION('',(0.,-0.,1.));
#9599 = DIRECTION('',(-1.,0.,0.));
#9600 = ORIENTED_EDGE('',*,*,#7558,.F.);
#9601 = ORIENTED_EDGE('',*,*,#9491,.T.);
#9602 = ORIENTED_EDGE('',*,*,#7577,.T.);
#9603 = CYLINDRICAL_SURFACE('',#9604,4.29);
#9604 = AXIS2_PLACEMENT_3D('',#9605,#9606,#9607);
#9605 = CARTESIAN_POINT('',(0.,0.76,34.8));
#9606 = DIRECTION('',(0.,0.,-1.));
#9607 = DIRECTION('',(-1.,0.,0.));
#9608 = ADVANCED_FACE('',(#9609),#9613,.T.);
#9609 = FACE_BOUND('',#9610,.T.);
#9610 = EDGE_LOOP('',(#9611,#9612));
#9611 = ORIENTED_EDGE('',*,*,#9514,.F.);
#9612 = ORIENTED_EDGE('',*,*,#7437,.F.);
#9613 = PLANE('',#9614);
#9614 = AXIS2_PLACEMENT_3D('',#9615,#9616,#9617);
#9615 = CARTESIAN_POINT('',(0.,6.28,30.55));
#9616 = DIRECTION('',(-0.,1.,0.));
#9617 = DIRECTION('',(0.,0.,1.));
#9618 = ADVANCED_FACE('',(#9619),#9623,.F.);
#9619 = FACE_BOUND('',#9620,.T.);
#9620 = EDGE_LOOP('',(#9621,#9622));
#9621 = ORIENTED_EDGE('',*,*,#7460,.F.);
#9622 = ORIENTED_EDGE('',*,*,#9530,.F.);
#9623 = PLANE('',#9624);
#9624 = AXIS2_PLACEMENT_3D('',#9625,#9626,#9627);
#9625 = CARTESIAN_POINT('',(0.,-4.76,30.55));
#9626 = DIRECTION('',(-0.,1.,0.));
#9627 = DIRECTION('',(0.,0.,1.));
#9628 = ADVANCED_FACE('',(#9629),#9633,.T.);
#9629 = FACE_BOUND('',#9630,.T.);
#9630 = EDGE_LOOP('',(#9631,#9632));
#9631 = ORIENTED_EDGE('',*,*,#9578,.T.);
#9632 = ORIENTED_EDGE('',*,*,#7543,.T.);
#9633 = PLANE('',#9634);
#9634 = AXIS2_PLACEMENT_3D('',#9635,#9636,#9637);
#9635 = CARTESIAN_POINT('',(0.,0.84,4.3));
#9636 = DIRECTION('',(0.,0.,-1.));
#9637 = DIRECTION('',(-1.,0.,-0.));
#9638 = ADVANCED_FACE('',(#9639,#9649),#9653,.T.);
#9639 = FACE_BOUND('',#9640,.T.);
#9640 = EDGE_LOOP('',(#9641,#9648));
#9641 = ORIENTED_EDGE('',*,*,#9642,.T.);
#9642 = EDGE_CURVE('',#7603,#7601,#9643,.T.);
#9643 = CIRCLE('',#9644,2.25);
#9644 = AXIS2_PLACEMENT_3D('',#9645,#9646,#9647);
#9645 = CARTESIAN_POINT('',(0.,0.76,22.7));
#9646 = DIRECTION('',(0.,0.,-1.));
#9647 = DIRECTION('',(1.,0.,0.));
#9648 = ORIENTED_EDGE('',*,*,#7600,.T.);
#9649 = FACE_BOUND('',#9650,.T.);
#9650 = EDGE_LOOP('',(#9651,#9652));
#9651 = ORIENTED_EDGE('',*,*,#7568,.T.);
#9652 = ORIENTED_EDGE('',*,*,#9594,.T.);
#9653 = PLANE('',#9654);
#9654 = AXIS2_PLACEMENT_3D('',#9655,#9656,#9657);
#9655 = CARTESIAN_POINT('',(0.,0.76,22.7));
#9656 = DIRECTION('',(0.,0.,1.));
#9657 = DIRECTION('',(1.,0.,-0.));
#9658 = ADVANCED_FACE('',(#9659),#9665,.T.);
#9659 = FACE_BOUND('',#9660,.T.);
#9660 = EDGE_LOOP('',(#9661,#9662,#9663,#9664));
#9661 = ORIENTED_EDGE('',*,*,#7611,.F.);
#9662 = ORIENTED_EDGE('',*,*,#9642,.F.);
#9663 = ORIENTED_EDGE('',*,*,#7624,.T.);
#9664 = ORIENTED_EDGE('',*,*,#6773,.T.);
#9665 = CYLINDRICAL_SURFACE('',#9666,2.25);
#9666 = AXIS2_PLACEMENT_3D('',#9667,#9668,#9669);
#9667 = CARTESIAN_POINT('',(0.,0.76,22.7));
#9668 = DIRECTION('',(0.,0.,1.));
#9669 = DIRECTION('',(1.,0.,-0.));
#9670 = ADVANCED_FACE('',(#9671),#9683,.T.);
#9671 = FACE_BOUND('',#9672,.T.);
#9672 = EDGE_LOOP('',(#9673,#9674,#9681,#9682));
#9673 = ORIENTED_EDGE('',*,*,#6764,.F.);
#9674 = ORIENTED_EDGE('',*,*,#9675,.T.);
#9675 = EDGE_CURVE('',#6756,#6754,#9676,.T.);
#9676 = ( BOUNDED_CURVE() B_SPLINE_CURVE(3,(#9677,#9678,#9679,#9680),
.UNSPECIFIED.,.F.,.F.) B_SPLINE_CURVE_WITH_KNOTS((4,4),(0.,1.),
.PIECEWISE_BEZIER_KNOTS.) CURVE() GEOMETRIC_REPRESENTATION_ITEM() 
RATIONAL_B_SPLINE_CURVE((1.,0.333333333333,0.333333333333,1.)) 
REPRESENTATION_ITEM('') );
#9677 = CARTESIAN_POINT('',(-2.15,0.76,31.1));
#9678 = CARTESIAN_POINT('',(-2.15,5.06,31.1));
#9679 = CARTESIAN_POINT('',(2.15,5.06,31.1));
#9680 = CARTESIAN_POINT('',(2.15,0.76,31.1));
#9681 = ORIENTED_EDGE('',*,*,#6782,.T.);
#9682 = ORIENTED_EDGE('',*,*,#7617,.F.);
#9683 = ( BOUNDED_SURFACE() B_SPLINE_SURFACE(3,3,(
    (#9684,#9685,#9686,#9687)
    ,(#9688,#9689,#9690,#9691)
    ,(#9692,#9693,#9694,#9695)
    ,(#9696,#9697,#9698,#9699
)),.UNSPECIFIED.,.F.,.F.,.F.) B_SPLINE_SURFACE_WITH_KNOTS((4,4),(4,4),(
    0.,1.),(0.,1.),.PIECEWISE_BEZIER_KNOTS.) 
GEOMETRIC_REPRESENTATION_ITEM() RATIONAL_B_SPLINE_SURFACE((
    (1.,0.333333333333,0.333333333333,1.)
    ,(0.804737854124,0.268245951375,0.268245951375,0.804737854124)
    ,(0.804737854124,0.268245951375,0.268245951375,0.804737854124)
,(1.,0.333333333333,0.333333333333,1.
))) REPRESENTATION_ITEM('') SURFACE() );
#9684 = CARTESIAN_POINT('',(2.15,0.76,31.1));
#9685 = CARTESIAN_POINT('',(2.15,5.06,31.1));
#9686 = CARTESIAN_POINT('',(-2.15,5.06,31.1));
#9687 = CARTESIAN_POINT('',(-2.15,0.76,31.1));
#9688 = CARTESIAN_POINT('',(2.208578643763,0.76,31.1));
#9689 = CARTESIAN_POINT('',(2.208578643763,5.177157287525,31.1));
#9690 = CARTESIAN_POINT('',(-2.208578643763,5.177157287525,31.1));
#9691 = CARTESIAN_POINT('',(-2.208578643763,0.76,31.1));
#9692 = CARTESIAN_POINT('',(2.25,0.76,31.058578643763));
#9693 = CARTESIAN_POINT('',(2.25,5.26,31.058578643763));
#9694 = CARTESIAN_POINT('',(-2.25,5.26,31.058578643763));
#9695 = CARTESIAN_POINT('',(-2.25,0.76,31.058578643763));
#9696 = CARTESIAN_POINT('',(2.25,0.76,31.));
#9697 = CARTESIAN_POINT('',(2.25,5.26,31.));
#9698 = CARTESIAN_POINT('',(-2.25,5.26,31.));
#9699 = CARTESIAN_POINT('',(-2.25,0.76,31.));
#9700 = ADVANCED_FACE('',(#9701,#9741),#9745,.T.);
#9701 = FACE_BOUND('',#9702,.T.);
#9702 = EDGE_LOOP('',(#9703,#9704));
#9703 = ORIENTED_EDGE('',*,*,#6809,.T.);
#9704 = ORIENTED_EDGE('',*,*,#9705,.T.);
#9705 = EDGE_CURVE('',#6812,#6810,#9706,.T.);
#9706 = B_SPLINE_CURVE_WITH_KNOTS('',3,(#9707,#9708,#9709,#9710,#9711,
    #9712,#9713,#9714,#9715,#9716,#9717,#9718,#9719,#9720,#9721,#9722,
    #9723,#9724,#9725,#9726,#9727,#9728,#9729,#9730,#9731,#9732,#9733,
    #9734,#9735,#9736,#9737,#9738,#9739,#9740),.UNSPECIFIED.,.F.,.F.,(4,
    1,1,2,2,2,1,1,2,2,2,1,1,2,2,2,1,1,2,2,4),(0.,6.25E-02,9.375E-02,
    0.109375,0.125,0.25,0.3125,0.34375,0.359375,0.375,0.5,0.5625,0.59375
    ,0.609375,0.625,0.75,0.8125,0.84375,0.859375,0.875,1.),
  .UNSPECIFIED.);
#9707 = CARTESIAN_POINT('',(-0.95,0.76,31.1));
#9708 = CARTESIAN_POINT('',(-0.95,0.820312831859,31.1));
#9709 = CARTESIAN_POINT('',(-0.941662360751,0.909258702514,31.1));
#9710 = CARTESIAN_POINT('',(-0.917344246275,1.01036297496,31.1));
#9711 = CARTESIAN_POINT('',(-0.903795582496,1.053122111012,31.1));
#9712 = CARTESIAN_POINT('',(-0.894068336706,1.081501253619,31.1));
#9713 = CARTESIAN_POINT('',(-0.889309692965,1.094482843347,31.1));
#9714 = CARTESIAN_POINT('',(-0.835212430365,1.231347019979,31.1));
#9715 = CARTESIAN_POINT('',(-0.764200103875,1.339197917706,31.1));
#9716 = CARTESIAN_POINT('',(-0.625527111253,1.478028204338,31.1));
#9717 = CARTESIAN_POINT('',(-0.550601179592,1.539179206481,31.1));
#9718 = CARTESIAN_POINT('',(-0.453406080792,1.596059795262,31.1));
#9719 = CARTESIAN_POINT('',(-0.409655000193,1.617338137515,31.1));
#9720 = CARTESIAN_POINT('',(-0.380021826848,1.630835020585,31.1));
#9721 = CARTESIAN_POINT('',(-0.36368667854,1.637748915889,31.1));
#9722 = CARTESIAN_POINT('',(-0.237716338433,1.68769864697,31.1));
#9723 = CARTESIAN_POINT('',(-0.120455501072,1.709932741104,31.1));
#9724 = CARTESIAN_POINT('',(6.022775053582E-02,1.710033629448,31.1));
#9725 = CARTESIAN_POINT('',(0.149109810198,1.701721212285,31.1));
#9726 = CARTESIAN_POINT('',(0.250251305723,1.677388384926,31.1));
#9727 = CARTESIAN_POINT('',(0.293050323646,1.663823957343,31.1));
#9728 = CARTESIAN_POINT('',(0.321461371749,1.654084100509,31.1));
#9729 = CARTESIAN_POINT('',(0.334482843347,1.649309692965,31.1));
#9730 = CARTESIAN_POINT('',(0.471347019979,1.595212430365,31.1));
#9731 = CARTESIAN_POINT('',(0.579197917707,1.524200103875,31.1));
#9732 = CARTESIAN_POINT('',(0.718028204338,1.385527111253,31.1));
#9733 = CARTESIAN_POINT('',(0.779179206481,1.310601179592,31.1));
#9734 = CARTESIAN_POINT('',(0.836059795262,1.213406080792,31.1));
#9735 = CARTESIAN_POINT('',(0.857338137515,1.169655000193,31.1));
#9736 = CARTESIAN_POINT('',(0.870835020585,1.140021826848,31.1));
#9737 = CARTESIAN_POINT('',(0.877740459843,1.1237080042,31.1));
#9738 = CARTESIAN_POINT('',(0.927766295336,0.997545733155,31.1));
#9739 = CARTESIAN_POINT('',(0.95,0.88098240846,31.1));
#9740 = CARTESIAN_POINT('',(0.95,0.76,31.1));
#9741 = FACE_BOUND('',#9742,.T.);
#9742 = EDGE_LOOP('',(#9743,#9744));
#9743 = ORIENTED_EDGE('',*,*,#6753,.F.);
#9744 = ORIENTED_EDGE('',*,*,#9675,.F.);
#9745 = PLANE('',#9746);
#9746 = AXIS2_PLACEMENT_3D('',#9747,#9748,#9749);
#9747 = CARTESIAN_POINT('',(0.,0.76,31.1));
#9748 = DIRECTION('',(0.,0.,1.));
#9749 = DIRECTION('',(1.,0.,-0.));
#9750 = ADVANCED_FACE('',(#9751),#9763,.T.);
#9751 = FACE_BOUND('',#9752,.T.);
#9752 = EDGE_LOOP('',(#9753,#9754,#9755,#9756));
#9753 = ORIENTED_EDGE('',*,*,#6850,.F.);
#9754 = ORIENTED_EDGE('',*,*,#9705,.F.);
#9755 = ORIENTED_EDGE('',*,*,#6868,.T.);
#9756 = ORIENTED_EDGE('',*,*,#9757,.T.);
#9757 = EDGE_CURVE('',#6860,#6851,#9758,.T.);
#9758 = CIRCLE('',#9759,0.85);
#9759 = AXIS2_PLACEMENT_3D('',#9760,#9761,#9762);
#9760 = CARTESIAN_POINT('',(0.,0.76,31.));
#9761 = DIRECTION('',(0.,0.,-1.));
#9762 = DIRECTION('',(-1.,0.,0.));
#9763 = ( BOUNDED_SURFACE() B_SPLINE_SURFACE(3,3,(
    (#9764,#9765,#9766,#9767)
    ,(#9768,#9769,#9770,#9771)
    ,(#9772,#9773,#9774,#9775)
    ,(#9776,#9777,#9778,#9779
)),.UNSPECIFIED.,.F.,.F.,.F.) B_SPLINE_SURFACE_WITH_KNOTS((4,4),(4,4),(
    0.,1.),(0.,1.),.PIECEWISE_BEZIER_KNOTS.) 
GEOMETRIC_REPRESENTATION_ITEM() RATIONAL_B_SPLINE_SURFACE((
    (1.,0.333333333333,0.333333333333,1.)
    ,(0.804737854124,0.268245951375,0.268245951375,0.804737854124)
    ,(0.804737854124,0.268245951375,0.268245951375,0.804737854124)
,(1.,0.333333333333,0.333333333333,1.
))) REPRESENTATION_ITEM('') SURFACE() );
#9764 = CARTESIAN_POINT('',(-0.95,0.76,31.1));
#9765 = CARTESIAN_POINT('',(-0.95,2.66,31.1));
#9766 = CARTESIAN_POINT('',(0.95,2.66,31.1));
#9767 = CARTESIAN_POINT('',(0.95,0.76,31.1));
#9768 = CARTESIAN_POINT('',(-0.891421356237,0.76,31.1));
#9769 = CARTESIAN_POINT('',(-0.891421356237,2.542842712475,31.1));
#9770 = CARTESIAN_POINT('',(0.891421356237,2.542842712475,31.1));
#9771 = CARTESIAN_POINT('',(0.891421356237,0.76,31.1));
#9772 = CARTESIAN_POINT('',(-0.85,0.76,31.058578643763));
#9773 = CARTESIAN_POINT('',(-0.85,2.46,31.058578643763));
#9774 = CARTESIAN_POINT('',(0.85,2.46,31.058578643763));
#9775 = CARTESIAN_POINT('',(0.85,0.76,31.058578643763));
#9776 = CARTESIAN_POINT('',(-0.85,0.76,31.));
#9777 = CARTESIAN_POINT('',(-0.85,2.46,31.));
#9778 = CARTESIAN_POINT('',(0.85,2.46,31.));
#9779 = CARTESIAN_POINT('',(0.85,0.76,31.));
#9780 = ADVANCED_FACE('',(#9781),#9793,.F.);
#9781 = FACE_BOUND('',#9782,.F.);
#9782 = EDGE_LOOP('',(#9783,#9784,#9785,#9792));
#9783 = ORIENTED_EDGE('',*,*,#9757,.T.);
#9784 = ORIENTED_EDGE('',*,*,#7638,.F.);
#9785 = ORIENTED_EDGE('',*,*,#9786,.T.);
#9786 = EDGE_CURVE('',#7639,#7648,#9787,.T.);
#9787 = CIRCLE('',#9788,0.85);
#9788 = AXIS2_PLACEMENT_3D('',#9789,#9790,#9791);
#9789 = CARTESIAN_POINT('',(0.,0.76,22.7));
#9790 = DIRECTION('',(0.,0.,1.));
#9791 = DIRECTION('',(1.,0.,-0.));
#9792 = ORIENTED_EDGE('',*,*,#7647,.T.);
#9793 = CYLINDRICAL_SURFACE('',#9794,0.85);
#9794 = AXIS2_PLACEMENT_3D('',#9795,#9796,#9797);
#9795 = CARTESIAN_POINT('',(0.,0.76,22.7));
#9796 = DIRECTION('',(0.,0.,1.));
#9797 = DIRECTION('',(1.,0.,-0.));
#9798 = ADVANCED_FACE('',(#9799,#9809),#9813,.T.);
#9799 = FACE_BOUND('',#9800,.T.);
#9800 = EDGE_LOOP('',(#9801,#9808));
#9801 = ORIENTED_EDGE('',*,*,#9802,.T.);
#9802 = EDGE_CURVE('',#7673,#7671,#9803,.T.);
#9803 = CIRCLE('',#9804,0.8);
#9804 = AXIS2_PLACEMENT_3D('',#9805,#9806,#9807);
#9805 = CARTESIAN_POINT('',(0.,0.76,22.7));
#9806 = DIRECTION('',(0.,0.,-1.));
#9807 = DIRECTION('',(1.,0.,0.));
#9808 = ORIENTED_EDGE('',*,*,#7670,.T.);
#9809 = FACE_BOUND('',#9810,.T.);
#9810 = EDGE_LOOP('',(#9811,#9812));
#9811 = ORIENTED_EDGE('',*,*,#9786,.T.);
#9812 = ORIENTED_EDGE('',*,*,#7655,.T.);
#9813 = PLANE('',#9814);
#9814 = AXIS2_PLACEMENT_3D('',#9815,#9816,#9817);
#9815 = CARTESIAN_POINT('',(0.,0.76,22.7));
#9816 = DIRECTION('',(0.,0.,1.));
#9817 = DIRECTION('',(1.,0.,-0.));
#9818 = ADVANCED_FACE('',(#9819),#9825,.T.);
#9819 = FACE_BOUND('',#9820,.T.);
#9820 = EDGE_LOOP('',(#9821,#9822,#9823,#9824));
#9821 = ORIENTED_EDGE('',*,*,#7681,.F.);
#9822 = ORIENTED_EDGE('',*,*,#9802,.F.);
#9823 = ORIENTED_EDGE('',*,*,#7694,.T.);
#9824 = ORIENTED_EDGE('',*,*,#6915,.T.);
#9825 = CYLINDRICAL_SURFACE('',#9826,0.8);
#9826 = AXIS2_PLACEMENT_3D('',#9827,#9828,#9829);
#9827 = CARTESIAN_POINT('',(0.,0.76,22.7));
#9828 = DIRECTION('',(0.,0.,1.));
#9829 = DIRECTION('',(1.,0.,-0.));
#9830 = ADVANCED_FACE('',(#9831),#9843,.T.);
#9831 = FACE_BOUND('',#9832,.T.);
#9832 = EDGE_LOOP('',(#9833,#9834,#9841,#9842));
#9833 = ORIENTED_EDGE('',*,*,#6906,.F.);
#9834 = ORIENTED_EDGE('',*,*,#9835,.T.);
#9835 = EDGE_CURVE('',#6898,#6896,#9836,.T.);
#9836 = ( BOUNDED_CURVE() B_SPLINE_CURVE(3,(#9837,#9838,#9839,#9840),
.UNSPECIFIED.,.F.,.F.) B_SPLINE_CURVE_WITH_KNOTS((4,4),(0.,1.),
.PIECEWISE_BEZIER_KNOTS.) CURVE() GEOMETRIC_REPRESENTATION_ITEM() 
RATIONAL_B_SPLINE_CURVE((1.,0.333333333333,0.333333333333,1.)) 
REPRESENTATION_ITEM('') );
#9837 = CARTESIAN_POINT('',(-0.7,0.76,31.1));
#9838 = CARTESIAN_POINT('',(-0.7,2.16,31.1));
#9839 = CARTESIAN_POINT('',(0.7,2.16,31.1));
#9840 = CARTESIAN_POINT('',(0.7,0.76,31.1));
#9841 = ORIENTED_EDGE('',*,*,#6924,.T.);
#9842 = ORIENTED_EDGE('',*,*,#7687,.F.);
#9843 = ( BOUNDED_SURFACE() B_SPLINE_SURFACE(3,3,(
    (#9844,#9845,#9846,#9847)
    ,(#9848,#9849,#9850,#9851)
    ,(#9852,#9853,#9854,#9855)
    ,(#9856,#9857,#9858,#9859
)),.UNSPECIFIED.,.F.,.F.,.F.) B_SPLINE_SURFACE_WITH_KNOTS((4,4),(4,4),(
    0.,1.),(0.,1.),.PIECEWISE_BEZIER_KNOTS.) 
GEOMETRIC_REPRESENTATION_ITEM() RATIONAL_B_SPLINE_SURFACE((
    (1.,0.333333333333,0.333333333333,1.)
    ,(0.804737854124,0.268245951375,0.268245951375,0.804737854124)
    ,(0.804737854124,0.268245951375,0.268245951375,0.804737854124)
,(1.,0.333333333333,0.333333333333,1.
))) REPRESENTATION_ITEM('') SURFACE() );
#9844 = CARTESIAN_POINT('',(0.7,0.76,31.1));
#9845 = CARTESIAN_POINT('',(0.7,2.16,31.1));
#9846 = CARTESIAN_POINT('',(-0.7,2.16,31.1));
#9847 = CARTESIAN_POINT('',(-0.7,0.76,31.1));
#9848 = CARTESIAN_POINT('',(0.758578643763,0.76,31.1));
#9849 = CARTESIAN_POINT('',(0.758578643763,2.277157287525,31.1));
#9850 = CARTESIAN_POINT('',(-0.758578643763,2.277157287525,31.1));
#9851 = CARTESIAN_POINT('',(-0.758578643763,0.76,31.1));
#9852 = CARTESIAN_POINT('',(0.8,0.76,31.058578643763));
#9853 = CARTESIAN_POINT('',(0.8,2.36,31.058578643763));
#9854 = CARTESIAN_POINT('',(-0.8,2.36,31.058578643763));
#9855 = CARTESIAN_POINT('',(-0.8,0.76,31.058578643763));
#9856 = CARTESIAN_POINT('',(0.8,0.76,31.));
#9857 = CARTESIAN_POINT('',(0.8,2.36,31.));
#9858 = CARTESIAN_POINT('',(-0.8,2.36,31.));
#9859 = CARTESIAN_POINT('',(-0.8,0.76,31.));
#9860 = ADVANCED_FACE('',(#9861,#9897),#9901,.T.);
#9861 = FACE_BOUND('',#9862,.T.);
#9862 = EDGE_LOOP('',(#9863,#9864));
#9863 = ORIENTED_EDGE('',*,*,#6951,.T.);
#9864 = ORIENTED_EDGE('',*,*,#9865,.T.);
#9865 = EDGE_CURVE('',#6954,#6952,#9866,.T.);
#9866 = B_SPLINE_CURVE_WITH_KNOTS('',3,(#9867,#9868,#9869,#9870,#9871,
    #9872,#9873,#9874,#9875,#9876,#9877,#9878,#9879,#9880,#9881,#9882,
    #9883,#9884,#9885,#9886,#9887,#9888,#9889,#9890,#9891,#9892,#9893,
    #9894,#9895,#9896),.UNSPECIFIED.,.F.,.F.,(4,1,2,2,2,1,2,2,2,1,2,2,2,
    1,2,2,4),(0.,6.25E-02,9.375E-02,0.125,0.25,0.3125,0.34375,0.375,0.5,
    0.5625,0.59375,0.625,0.75,0.8125,0.84375,0.875,1.),.UNSPECIFIED.);
#9867 = CARTESIAN_POINT('',(-0.525,0.76,31.1));
#9868 = CARTESIAN_POINT('',(-0.525,0.793290734818,31.1));
#9869 = CARTESIAN_POINT('',(-0.520392357257,0.842415001247,31.1));
#9870 = CARTESIAN_POINT('',(-0.5088732504,0.890321513978,31.1));
#9871 = CARTESIAN_POINT('',(-0.499657964915,0.921988577199,31.1));
#9872 = CARTESIAN_POINT('',(-0.494760533616,0.936475537117,31.1));
#9873 = CARTESIAN_POINT('',(-0.461652155823,1.020346464132,31.1));
#9874 = CARTESIAN_POINT('',(-0.422186606111,1.080170879494,31.1));
#9875 = CARTESIAN_POINT('',(-0.345753287129,1.156761150438,31.1));
#9876 = CARTESIAN_POINT('',(-0.304397290183,1.190522192915,31.1));
#9877 = CARTESIAN_POINT('',(-0.258332287055,1.217482095902,31.1));
#9878 = CARTESIAN_POINT('',(-0.226575839151,1.233944000228,31.1));
#9879 = CARTESIAN_POINT('',(-0.208680751817,1.242012289085,31.1));
#9880 = CARTESIAN_POINT('',(-0.131525605332,1.272645133951,31.1));
#9881 = CARTESIAN_POINT('',(-6.641145541334E-02,1.284932886218,31.1));
#9882 = CARTESIAN_POINT('',(3.320572770667E-02,1.285033556891,31.1));
#9883 = CARTESIAN_POINT('',(8.226623880167E-02,1.280451081817,31.1));
#9884 = CARTESIAN_POINT('',(0.130204629199,1.268919391126,31.1));
#9885 = CARTESIAN_POINT('',(0.161914195976,1.259687327194,31.1));
#9886 = CARTESIAN_POINT('',(0.176475537117,1.254760533616,31.1));
#9887 = CARTESIAN_POINT('',(0.260346464132,1.221652155823,31.1));
#9888 = CARTESIAN_POINT('',(0.320170879494,1.182186606111,31.1));
#9889 = CARTESIAN_POINT('',(0.396761150438,1.105753287129,31.1));
#9890 = CARTESIAN_POINT('',(0.430522192915,1.064397290183,31.1));
#9891 = CARTESIAN_POINT('',(0.457482095902,1.018332287055,31.1));
#9892 = CARTESIAN_POINT('',(0.473944000228,0.986575839151,31.1));
#9893 = CARTESIAN_POINT('',(0.481995334401,0.96872345569,31.1));
#9894 = CARTESIAN_POINT('',(0.512712952686,0.891354789841,31.1));
#9895 = CARTESIAN_POINT('',(0.525,0.826938215667,31.1));
#9896 = CARTESIAN_POINT('',(0.525,0.76,31.1));
#9897 = FACE_BOUND('',#9898,.T.);
#9898 = EDGE_LOOP('',(#9899,#9900));
#9899 = ORIENTED_EDGE('',*,*,#6895,.F.);
#9900 = ORIENTED_EDGE('',*,*,#9835,.F.);
#9901 = PLANE('',#9902);
#9902 = AXIS2_PLACEMENT_3D('',#9903,#9904,#9905);
#9903 = CARTESIAN_POINT('',(0.,0.76,31.1));
#9904 = DIRECTION('',(0.,0.,1.));
#9905 = DIRECTION('',(1.,0.,-0.));
#9906 = ADVANCED_FACE('',(#9907),#9919,.T.);
#9907 = FACE_BOUND('',#9908,.T.);
#9908 = EDGE_LOOP('',(#9909,#9910,#9911,#9912));
#9909 = ORIENTED_EDGE('',*,*,#6988,.F.);
#9910 = ORIENTED_EDGE('',*,*,#9865,.F.);
#9911 = ORIENTED_EDGE('',*,*,#7006,.T.);
#9912 = ORIENTED_EDGE('',*,*,#9913,.T.);
#9913 = EDGE_CURVE('',#6998,#6989,#9914,.T.);
#9914 = CIRCLE('',#9915,0.425);
#9915 = AXIS2_PLACEMENT_3D('',#9916,#9917,#9918);
#9916 = CARTESIAN_POINT('',(0.,0.76,31.));
#9917 = DIRECTION('',(0.,0.,-1.));
#9918 = DIRECTION('',(-1.,0.,0.));
#9919 = ( BOUNDED_SURFACE() B_SPLINE_SURFACE(3,3,(
    (#9920,#9921,#9922,#9923)
    ,(#9924,#9925,#9926,#9927)
    ,(#9928,#9929,#9930,#9931)
    ,(#9932,#9933,#9934,#9935
)),.UNSPECIFIED.,.F.,.F.,.F.) B_SPLINE_SURFACE_WITH_KNOTS((4,4),(4,4),(
    0.,1.),(0.,1.),.PIECEWISE_BEZIER_KNOTS.) 
GEOMETRIC_REPRESENTATION_ITEM() RATIONAL_B_SPLINE_SURFACE((
    (1.,0.333333333333,0.333333333333,1.)
    ,(0.804737854124,0.268245951375,0.268245951375,0.804737854124)
    ,(0.804737854124,0.268245951375,0.268245951375,0.804737854124)
,(1.,0.333333333333,0.333333333333,1.
))) REPRESENTATION_ITEM('') SURFACE() );
#9920 = CARTESIAN_POINT('',(-0.525,0.76,31.1));
#9921 = CARTESIAN_POINT('',(-0.525,1.81,31.1));
#9922 = CARTESIAN_POINT('',(0.525,1.81,31.1));
#9923 = CARTESIAN_POINT('',(0.525,0.76,31.1));
#9924 = CARTESIAN_POINT('',(-0.466421356237,0.76,31.1));
#9925 = CARTESIAN_POINT('',(-0.466421356237,1.692842712475,31.1));
#9926 = CARTESIAN_POINT('',(0.466421356237,1.692842712475,31.1));
#9927 = CARTESIAN_POINT('',(0.466421356237,0.76,31.1));
#9928 = CARTESIAN_POINT('',(-0.425,0.76,31.058578643763));
#9929 = CARTESIAN_POINT('',(-0.425,1.61,31.058578643763));
#9930 = CARTESIAN_POINT('',(0.425,1.61,31.058578643763));
#9931 = CARTESIAN_POINT('',(0.425,0.76,31.058578643763));
#9932 = CARTESIAN_POINT('',(-0.425,0.76,31.));
#9933 = CARTESIAN_POINT('',(-0.425,1.61,31.));
#9934 = CARTESIAN_POINT('',(0.425,1.61,31.));
#9935 = CARTESIAN_POINT('',(0.425,0.76,31.));
#9936 = ADVANCED_FACE('',(#9937),#9949,.F.);
#9937 = FACE_BOUND('',#9938,.F.);
#9938 = EDGE_LOOP('',(#9939,#9940,#9941,#9948));
#9939 = ORIENTED_EDGE('',*,*,#9913,.T.);
#9940 = ORIENTED_EDGE('',*,*,#7708,.F.);
#9941 = ORIENTED_EDGE('',*,*,#9942,.T.);
#9942 = EDGE_CURVE('',#7709,#7718,#9943,.T.);
#9943 = CIRCLE('',#9944,0.425);
#9944 = AXIS2_PLACEMENT_3D('',#9945,#9946,#9947);
#9945 = CARTESIAN_POINT('',(0.,0.76,22.7));
#9946 = DIRECTION('',(0.,0.,1.));
#9947 = DIRECTION('',(1.,0.,-0.));
#9948 = ORIENTED_EDGE('',*,*,#7717,.T.);
#9949 = CYLINDRICAL_SURFACE('',#9950,0.425);
#9950 = AXIS2_PLACEMENT_3D('',#9951,#9952,#9953);
#9951 = CARTESIAN_POINT('',(0.,0.76,22.7));
#9952 = DIRECTION('',(0.,0.,1.));
#9953 = DIRECTION('',(1.,0.,-0.));
#9954 = ADVANCED_FACE('',(#9955),#9959,.T.);
#9955 = FACE_BOUND('',#9956,.T.);
#9956 = EDGE_LOOP('',(#9957,#9958));
#9957 = ORIENTED_EDGE('',*,*,#9942,.T.);
#9958 = ORIENTED_EDGE('',*,*,#7725,.T.);
#9959 = PLANE('',#9960);
#9960 = AXIS2_PLACEMENT_3D('',#9961,#9962,#9963);
#9961 = CARTESIAN_POINT('',(0.,0.76,22.7));
#9962 = DIRECTION('',(0.,0.,1.));
#9963 = DIRECTION('',(1.,0.,-0.));
#9964 = MANIFOLD_SOLID_BREP('',#9965);
#9965 = CLOSED_SHELL('',(#9966,#10008,#10054,#10086,#10110,#10120,#10150
    ,#10168));
#9966 = ADVANCED_FACE('',(#9967),#10003,.T.);
#9967 = FACE_BOUND('',#9968,.T.);
#9968 = EDGE_LOOP('',(#9969,#9980,#9988,#9997));
#9969 = ORIENTED_EDGE('',*,*,#9970,.T.);
#9970 = EDGE_CURVE('',#9971,#9973,#9975,.T.);
#9971 = VERTEX_POINT('',#9972);
#9972 = CARTESIAN_POINT('',(2.54,9.E-02,0.775));
#9973 = VERTEX_POINT('',#9974);
#9974 = CARTESIAN_POINT('',(2.54,9.E-02,1.525));
#9975 = CIRCLE('',#9976,0.375);
#9976 = AXIS2_PLACEMENT_3D('',#9977,#9978,#9979);
#9977 = CARTESIAN_POINT('',(2.54,9.E-02,1.15));
#9978 = DIRECTION('',(0.,-1.,-2.684517406053E-16));
#9979 = DIRECTION('',(0.,2.684517406053E-16,-1.));
#9980 = ORIENTED_EDGE('',*,*,#9981,.T.);
#9981 = EDGE_CURVE('',#9973,#9982,#9984,.T.);
#9982 = VERTEX_POINT('',#9983);
#9983 = CARTESIAN_POINT('',(2.54,-11.8,1.525));
#9984 = LINE('',#9985,#9986);
#9985 = CARTESIAN_POINT('',(2.54,9.E-02,1.525));
#9986 = VECTOR('',#9987,1.);
#9987 = DIRECTION('',(0.,-1.,-2.684517406053E-16));
#9988 = ORIENTED_EDGE('',*,*,#9989,.T.);
#9989 = EDGE_CURVE('',#9982,#9990,#9992,.T.);
#9990 = VERTEX_POINT('',#9991);
#9991 = CARTESIAN_POINT('',(2.54,-11.8,0.775));
#9992 = CIRCLE('',#9993,0.375);
#9993 = AXIS2_PLACEMENT_3D('',#9994,#9995,#9996);
#9994 = CARTESIAN_POINT('',(2.54,-11.8,1.15));
#9995 = DIRECTION('',(0.,1.,2.684517406053E-16));
#9996 = DIRECTION('',(0.,2.684517406053E-16,-1.));
#9997 = ORIENTED_EDGE('',*,*,#9998,.F.);
#9998 = EDGE_CURVE('',#9971,#9990,#9999,.T.);
#9999 = LINE('',#10000,#10001);
#10000 = CARTESIAN_POINT('',(2.54,9.E-02,0.775));
#10001 = VECTOR('',#10002,1.);
#10002 = DIRECTION('',(0.,-1.,-2.684517406053E-16));
#10003 = CYLINDRICAL_SURFACE('',#10004,0.375);
#10004 = AXIS2_PLACEMENT_3D('',#10005,#10006,#10007);
#10005 = CARTESIAN_POINT('',(2.54,9.E-02,1.15));
#10006 = DIRECTION('',(0.,-1.,-2.684517406053E-16));
#10007 = DIRECTION('',(0.,2.684517406053E-16,-1.));
#10008 = ADVANCED_FACE('',(#10009),#10037,.T.);
#10009 = FACE_BOUND('',#10010,.T.);
#10010 = EDGE_LOOP('',(#10011,#10022,#10029,#10030));
#10011 = ORIENTED_EDGE('',*,*,#10012,.T.);
#10012 = EDGE_CURVE('',#10013,#10015,#10017,.T.);
#10013 = VERTEX_POINT('',#10014);
#10014 = CARTESIAN_POINT('',(2.54,1.215,1.9));
#10015 = VERTEX_POINT('',#10016);
#10016 = CARTESIAN_POINT('',(2.54,0.465,1.9));
#10017 = CIRCLE('',#10018,0.375);
#10018 = AXIS2_PLACEMENT_3D('',#10019,#10020,#10021);
#10019 = CARTESIAN_POINT('',(2.54,0.84,1.9));
#10020 = DIRECTION('',(0.,6.123233995737E-17,-1.));
#10021 = DIRECTION('',(0.,1.,6.123233995737E-17));
#10022 = ORIENTED_EDGE('',*,*,#10023,.T.);
#10023 = EDGE_CURVE('',#10015,#9973,#10024,.T.);
#10024 = CIRCLE('',#10025,0.375);
#10025 = AXIS2_PLACEMENT_3D('',#10026,#10027,#10028);
#10026 = CARTESIAN_POINT('',(2.54,9.E-02,1.9));
#10027 = DIRECTION('',(-1.,0.,0.));
#10028 = DIRECTION('',(0.,0.,1.));
#10029 = ORIENTED_EDGE('',*,*,#9970,.F.);
#10030 = ORIENTED_EDGE('',*,*,#10031,.F.);
#10031 = EDGE_CURVE('',#10013,#9971,#10032,.T.);
#10032 = CIRCLE('',#10033,1.125);
#10033 = AXIS2_PLACEMENT_3D('',#10034,#10035,#10036);
#10034 = CARTESIAN_POINT('',(2.54,9.E-02,1.9));
#10035 = DIRECTION('',(-1.,0.,0.));
#10036 = DIRECTION('',(0.,0.,1.));
#10037 = ( BOUNDED_SURFACE() B_SPLINE_SURFACE(3,3,(
    (#10038,#10039,#10040,#10041)
    ,(#10042,#10043,#10044,#10045)
    ,(#10046,#10047,#10048,#10049)
    ,(#10050,#10051,#10052,#10053
)),.UNSPECIFIED.,.F.,.F.,.F.) B_SPLINE_SURFACE_WITH_KNOTS((4,4),(4,4),(
    0.,1.),(0.,1.),.PIECEWISE_BEZIER_KNOTS.) 
GEOMETRIC_REPRESENTATION_ITEM() RATIONAL_B_SPLINE_SURFACE((
    (1.,0.804737854124,0.804737854124,1.)
    ,(0.333333333333,0.268245951375,0.268245951375,0.333333333333)
    ,(0.333333333333,0.268245951375,0.268245951375,0.333333333333)
,(1.,0.804737854124,0.804737854124,1.
))) REPRESENTATION_ITEM('') SURFACE() );
#10038 = CARTESIAN_POINT('',(2.54,1.215,1.9));
#10039 = CARTESIAN_POINT('',(2.54,1.215,1.24099025767));
#10040 = CARTESIAN_POINT('',(2.54,0.74900974233,0.775));
#10041 = CARTESIAN_POINT('',(2.54,9.E-02,0.775));
#10042 = CARTESIAN_POINT('',(3.29,1.215,1.9));
#10043 = CARTESIAN_POINT('',(3.29,1.215,1.24099025767));
#10044 = CARTESIAN_POINT('',(3.29,0.74900974233,0.775));
#10045 = CARTESIAN_POINT('',(3.29,9.E-02,0.775));
#10046 = CARTESIAN_POINT('',(3.29,0.465,1.9));
#10047 = CARTESIAN_POINT('',(3.29,0.465,1.68033008589));
#10048 = CARTESIAN_POINT('',(3.29,0.30966991411,1.525));
#10049 = CARTESIAN_POINT('',(3.29,9.E-02,1.525));
#10050 = CARTESIAN_POINT('',(2.54,0.465,1.9));
#10051 = CARTESIAN_POINT('',(2.54,0.465,1.68033008589));
#10052 = CARTESIAN_POINT('',(2.54,0.30966991411,1.525));
#10053 = CARTESIAN_POINT('',(2.54,9.E-02,1.525));
#10054 = ADVANCED_FACE('',(#10055),#10081,.T.);
#10055 = FACE_BOUND('',#10056,.T.);
#10056 = EDGE_LOOP('',(#10057,#10068,#10074,#10075));
#10057 = ORIENTED_EDGE('',*,*,#10058,.T.);
#10058 = EDGE_CURVE('',#10059,#10061,#10063,.T.);
#10059 = VERTEX_POINT('',#10060);
#10060 = CARTESIAN_POINT('',(2.54,1.215,4.3));
#10061 = VERTEX_POINT('',#10062);
#10062 = CARTESIAN_POINT('',(2.54,0.465,4.3));
#10063 = CIRCLE('',#10064,0.375);
#10064 = AXIS2_PLACEMENT_3D('',#10065,#10066,#10067);
#10065 = CARTESIAN_POINT('',(2.54,0.84,4.3));
#10066 = DIRECTION('',(0.,1.734723475977E-16,-1.));
#10067 = DIRECTION('',(0.,1.,1.734723475977E-16));
#10068 = ORIENTED_EDGE('',*,*,#10069,.T.);
#10069 = EDGE_CURVE('',#10061,#10015,#10070,.T.);
#10070 = LINE('',#10071,#10072);
#10071 = CARTESIAN_POINT('',(2.54,0.465,4.3));
#10072 = VECTOR('',#10073,1.);
#10073 = DIRECTION('',(0.,1.734723475977E-16,-1.));
#10074 = ORIENTED_EDGE('',*,*,#10012,.F.);
#10075 = ORIENTED_EDGE('',*,*,#10076,.F.);
#10076 = EDGE_CURVE('',#10059,#10013,#10077,.T.);
#10077 = LINE('',#10078,#10079);
#10078 = CARTESIAN_POINT('',(2.54,1.215,4.3));
#10079 = VECTOR('',#10080,1.);
#10080 = DIRECTION('',(0.,1.734723475977E-16,-1.));
#10081 = CYLINDRICAL_SURFACE('',#10082,0.375);
#10082 = AXIS2_PLACEMENT_3D('',#10083,#10084,#10085);
#10083 = CARTESIAN_POINT('',(2.54,0.84,4.3));
#10084 = DIRECTION('',(0.,1.734723475977E-16,-1.));
#10085 = DIRECTION('',(0.,1.,1.734723475977E-16));
#10086 = ADVANCED_FACE('',(#10087),#10105,.T.);
#10087 = FACE_BOUND('',#10088,.T.);
#10088 = EDGE_LOOP('',(#10089,#10090,#10097,#10098));
#10089 = ORIENTED_EDGE('',*,*,#9981,.F.);
#10090 = ORIENTED_EDGE('',*,*,#10091,.T.);
#10091 = EDGE_CURVE('',#9973,#9971,#10092,.T.);
#10092 = CIRCLE('',#10093,0.375);
#10093 = AXIS2_PLACEMENT_3D('',#10094,#10095,#10096);
#10094 = CARTESIAN_POINT('',(2.54,9.E-02,1.15));
#10095 = DIRECTION('',(0.,-1.,-2.684517406053E-16));
#10096 = DIRECTION('',(0.,2.684517406053E-16,-1.));
#10097 = ORIENTED_EDGE('',*,*,#9998,.T.);
#10098 = ORIENTED_EDGE('',*,*,#10099,.T.);
#10099 = EDGE_CURVE('',#9990,#9982,#10100,.T.);
#10100 = CIRCLE('',#10101,0.375);
#10101 = AXIS2_PLACEMENT_3D('',#10102,#10103,#10104);
#10102 = CARTESIAN_POINT('',(2.54,-11.8,1.15));
#10103 = DIRECTION('',(0.,1.,2.684517406053E-16));
#10104 = DIRECTION('',(0.,2.684517406053E-16,-1.));
#10105 = CYLINDRICAL_SURFACE('',#10106,0.375);
#10106 = AXIS2_PLACEMENT_3D('',#10107,#10108,#10109);
#10107 = CARTESIAN_POINT('',(2.54,9.E-02,1.15));
#10108 = DIRECTION('',(0.,-1.,-2.684517406053E-16));
#10109 = DIRECTION('',(0.,2.684517406053E-16,-1.));
#10110 = ADVANCED_FACE('',(#10111),#10115,.T.);
#10111 = FACE_BOUND('',#10112,.T.);
#10112 = EDGE_LOOP('',(#10113,#10114));
#10113 = ORIENTED_EDGE('',*,*,#10099,.F.);
#10114 = ORIENTED_EDGE('',*,*,#9989,.F.);
#10115 = PLANE('',#10116);
#10116 = AXIS2_PLACEMENT_3D('',#10117,#10118,#10119);
#10117 = CARTESIAN_POINT('',(2.54,-11.8,1.15));
#10118 = DIRECTION('',(0.,-1.,-2.832769448824E-16));
#10119 = DIRECTION('',(0.,2.832769448824E-16,-1.));
#10120 = ADVANCED_FACE('',(#10121),#10133,.T.);
#10121 = FACE_BOUND('',#10122,.T.);
#10122 = EDGE_LOOP('',(#10123,#10124,#10131,#10132));
#10123 = ORIENTED_EDGE('',*,*,#10023,.F.);
#10124 = ORIENTED_EDGE('',*,*,#10125,.T.);
#10125 = EDGE_CURVE('',#10015,#10013,#10126,.T.);
#10126 = CIRCLE('',#10127,0.375);
#10127 = AXIS2_PLACEMENT_3D('',#10128,#10129,#10130);
#10128 = CARTESIAN_POINT('',(2.54,0.84,1.9));
#10129 = DIRECTION('',(0.,6.123233995737E-17,-1.));
#10130 = DIRECTION('',(0.,1.,6.123233995737E-17));
#10131 = ORIENTED_EDGE('',*,*,#10031,.T.);
#10132 = ORIENTED_EDGE('',*,*,#10091,.F.);
#10133 = ( BOUNDED_SURFACE() B_SPLINE_SURFACE(3,3,(
    (#10134,#10135,#10136,#10137)
    ,(#10138,#10139,#10140,#10141)
    ,(#10142,#10143,#10144,#10145)
    ,(#10146,#10147,#10148,#10149
)),.UNSPECIFIED.,.F.,.F.,.F.) B_SPLINE_SURFACE_WITH_KNOTS((4,4),(4,4),(
    0.,1.),(0.,1.),.PIECEWISE_BEZIER_KNOTS.) 
GEOMETRIC_REPRESENTATION_ITEM() RATIONAL_B_SPLINE_SURFACE((
    (1.,0.804737854124,0.804737854124,1.)
    ,(0.333333333333,0.268245951375,0.268245951375,0.333333333333)
    ,(0.333333333333,0.268245951375,0.268245951375,0.333333333333)
,(1.,0.804737854124,0.804737854124,1.
))) REPRESENTATION_ITEM('') SURFACE() );
#10134 = CARTESIAN_POINT('',(2.54,0.465,1.9));
#10135 = CARTESIAN_POINT('',(2.54,0.465,1.68033008589));
#10136 = CARTESIAN_POINT('',(2.54,0.30966991411,1.525));
#10137 = CARTESIAN_POINT('',(2.54,9.E-02,1.525));
#10138 = CARTESIAN_POINT('',(1.79,0.465,1.9));
#10139 = CARTESIAN_POINT('',(1.79,0.465,1.68033008589));
#10140 = CARTESIAN_POINT('',(1.79,0.30966991411,1.525));
#10141 = CARTESIAN_POINT('',(1.79,9.E-02,1.525));
#10142 = CARTESIAN_POINT('',(1.79,1.215,1.9));
#10143 = CARTESIAN_POINT('',(1.79,1.215,1.24099025767));
#10144 = CARTESIAN_POINT('',(1.79,0.74900974233,0.775));
#10145 = CARTESIAN_POINT('',(1.79,9.E-02,0.775));
#10146 = CARTESIAN_POINT('',(2.54,1.215,1.9));
#10147 = CARTESIAN_POINT('',(2.54,1.215,1.24099025767));
#10148 = CARTESIAN_POINT('',(2.54,0.74900974233,0.775));
#10149 = CARTESIAN_POINT('',(2.54,9.E-02,0.775));
#10150 = ADVANCED_FACE('',(#10151),#10163,.T.);
#10151 = FACE_BOUND('',#10152,.T.);
#10152 = EDGE_LOOP('',(#10153,#10154,#10161,#10162));
#10153 = ORIENTED_EDGE('',*,*,#10069,.F.);
#10154 = ORIENTED_EDGE('',*,*,#10155,.T.);
#10155 = EDGE_CURVE('',#10061,#10059,#10156,.T.);
#10156 = CIRCLE('',#10157,0.375);
#10157 = AXIS2_PLACEMENT_3D('',#10158,#10159,#10160);
#10158 = CARTESIAN_POINT('',(2.54,0.84,4.3));
#10159 = DIRECTION('',(0.,1.734723475977E-16,-1.));
#10160 = DIRECTION('',(0.,1.,1.734723475977E-16));
#10161 = ORIENTED_EDGE('',*,*,#10076,.T.);
#10162 = ORIENTED_EDGE('',*,*,#10125,.F.);
#10163 = CYLINDRICAL_SURFACE('',#10164,0.375);
#10164 = AXIS2_PLACEMENT_3D('',#10165,#10166,#10167);
#10165 = CARTESIAN_POINT('',(2.54,0.84,4.3));
#10166 = DIRECTION('',(0.,1.734723475977E-16,-1.));
#10167 = DIRECTION('',(0.,1.,1.734723475977E-16));
#10168 = ADVANCED_FACE('',(#10169),#10173,.F.);
#10169 = FACE_BOUND('',#10170,.T.);
#10170 = EDGE_LOOP('',(#10171,#10172));
#10171 = ORIENTED_EDGE('',*,*,#10058,.F.);
#10172 = ORIENTED_EDGE('',*,*,#10155,.F.);
#10173 = PLANE('',#10174);
#10174 = AXIS2_PLACEMENT_3D('',#10175,#10176,#10177);
#10175 = CARTESIAN_POINT('',(2.54,0.84,4.3));
#10176 = DIRECTION('',(0.,0.,-1.));
#10177 = DIRECTION('',(-1.,0.,-0.));
#10178 = ( GEOMETRIC_REPRESENTATION_CONTEXT(3) 
GLOBAL_UNCERTAINTY_ASSIGNED_CONTEXT((#10182)) 
GLOBAL_UNIT_ASSIGNED_CONTEXT((#10179,#10180,#10181)) 
REPRESENTATION_CONTEXT('Context #1',
  '3D Context with UNIT and UNCERTAINTY') );
#10179 = ( LENGTH_UNIT() NAMED_UNIT(*) SI_UNIT(.MILLI.,.METRE.) );
#10180 = ( NAMED_UNIT(*) PLANE_ANGLE_UNIT() SI_UNIT($,.RADIAN.) );
#10181 = ( NAMED_UNIT(*) SI_UNIT($,.STERADIAN.) SOLID_ANGLE_UNIT() );
#10182 = UNCERTAINTY_MEASURE_WITH_UNIT(LENGTH_MEASURE(2.E-05),#10179,
  'distance_accuracy_value','confusion accuracy');
#10183 = CONTEXT_DEPENDENT_SHAPE_REPRESENTATION(#10184,#10186);
#10184 = ( REPRESENTATION_RELATIONSHIP('','',#6532,#6509) 
REPRESENTATION_RELATIONSHIP_WITH_TRANSFORMATION(#10185) 
SHAPE_REPRESENTATION_RELATIONSHIP() );
#10185 = ITEM_DEFINED_TRANSFORMATION('','',#11,#6510);
#10186 = PRODUCT_DEFINITION_SHAPE('Placement','Placement of an item',
  #10187);
#10187 = NEXT_ASSEMBLY_USAGE_OCCURRENCE('11','=>[0:1:1:9]','',#6504,
  #6527,$);
#10188 = PRODUCT_RELATED_PRODUCT_CATEGORY('part',$,(#6529));
#10189 = CONTEXT_DEPENDENT_SHAPE_REPRESENTATION(#10190,#10192);
#10190 = ( REPRESENTATION_RELATIONSHIP('','',#112,#10) 
REPRESENTATION_RELATIONSHIP_WITH_TRANSFORMATION(#10191) 
SHAPE_REPRESENTATION_RELATIONSHIP() );
#10191 = ITEM_DEFINED_TRANSFORMATION('','',#11,#47);
#10192 = PRODUCT_DEFINITION_SHAPE('Placement','Placement of an item',
  #10193);
#10193 = NEXT_ASSEMBLY_USAGE_OCCURRENCE('13','C7','',#5,#107,$);
#10194 = CONTEXT_DEPENDENT_SHAPE_REPRESENTATION(#10195,#10197);
#10195 = ( REPRESENTATION_RELATIONSHIP('','',#112,#10) 
REPRESENTATION_RELATIONSHIP_WITH_TRANSFORMATION(#10196) 
SHAPE_REPRESENTATION_RELATIONSHIP() );
#10196 = ITEM_DEFINED_TRANSFORMATION('','',#11,#51);
#10197 = PRODUCT_DEFINITION_SHAPE('Placement','Placement of an item',
  #10198);
#10198 = NEXT_ASSEMBLY_USAGE_OCCURRENCE('14','C8','',#5,#107,$);
#10199 = CONTEXT_DEPENDENT_SHAPE_REPRESENTATION(#10200,#10202);
#10200 = ( REPRESENTATION_RELATIONSHIP('','',#1013,#10) 
REPRESENTATION_RELATIONSHIP_WITH_TRANSFORMATION(#10201) 
SHAPE_REPRESENTATION_RELATIONSHIP() );
#10201 = ITEM_DEFINED_TRANSFORMATION('','',#11,#55);
#10202 = PRODUCT_DEFINITION_SHAPE('Placement','Placement of an item',
  #10203);
#10203 = NEXT_ASSEMBLY_USAGE_OCCURRENCE('15','R1','',#5,#1008,$);
#10204 = CONTEXT_DEPENDENT_SHAPE_REPRESENTATION(#10205,#10207);
#10205 = ( REPRESENTATION_RELATIONSHIP('','',#1013,#10) 
REPRESENTATION_RELATIONSHIP_WITH_TRANSFORMATION(#10206) 
SHAPE_REPRESENTATION_RELATIONSHIP() );
#10206 = ITEM_DEFINED_TRANSFORMATION('','',#11,#59);
#10207 = PRODUCT_DEFINITION_SHAPE('Placement','Placement of an item',
  #10208);
#10208 = NEXT_ASSEMBLY_USAGE_OCCURRENCE('16','R2','',#5,#1008,$);
#10209 = CONTEXT_DEPENDENT_SHAPE_REPRESENTATION(#10210,#10212);
#10210 = ( REPRESENTATION_RELATIONSHIP('','',#1860,#10) 
REPRESENTATION_RELATIONSHIP_WITH_TRANSFORMATION(#10211) 
SHAPE_REPRESENTATION_RELATIONSHIP() );
#10211 = ITEM_DEFINED_TRANSFORMATION('','',#11,#63);
#10212 = PRODUCT_DEFINITION_SHAPE('Placement','Placement of an item',
  #10213);
#10213 = NEXT_ASSEMBLY_USAGE_OCCURRENCE('17','U2','',#5,#1855,$);
#10214 = CONTEXT_DEPENDENT_SHAPE_REPRESENTATION(#10215,#10217);
#10215 = ( REPRESENTATION_RELATIONSHIP('','',#112,#10) 
REPRESENTATION_RELATIONSHIP_WITH_TRANSFORMATION(#10216) 
SHAPE_REPRESENTATION_RELATIONSHIP() );
#10216 = ITEM_DEFINED_TRANSFORMATION('','',#11,#67);
#10217 = PRODUCT_DEFINITION_SHAPE('Placement','Placement of an item',
  #10218);
#10218 = NEXT_ASSEMBLY_USAGE_OCCURRENCE('18','C3','',#5,#107,$);
#10219 = CONTEXT_DEPENDENT_SHAPE_REPRESENTATION(#10220,#10222);
#10220 = ( REPRESENTATION_RELATIONSHIP('','',#1013,#10) 
REPRESENTATION_RELATIONSHIP_WITH_TRANSFORMATION(#10221) 
SHAPE_REPRESENTATION_RELATIONSHIP() );
#10221 = ITEM_DEFINED_TRANSFORMATION('','',#11,#71);
#10222 = PRODUCT_DEFINITION_SHAPE('Placement','Placement of an item',
  #10223);
#10223 = NEXT_ASSEMBLY_USAGE_OCCURRENCE('19','R6','',#5,#1008,$);
#10224 = CONTEXT_DEPENDENT_SHAPE_REPRESENTATION(#10225,#10227);
#10225 = ( REPRESENTATION_RELATIONSHIP('','',#6509,#10) 
REPRESENTATION_RELATIONSHIP_WITH_TRANSFORMATION(#10226) 
SHAPE_REPRESENTATION_RELATIONSHIP() );
#10226 = ITEM_DEFINED_TRANSFORMATION('','',#11,#75);
#10227 = PRODUCT_DEFINITION_SHAPE('Placement','Placement of an item',
  #10228);
#10228 = NEXT_ASSEMBLY_USAGE_OCCURRENCE('20','J1','',#5,#6504,$);
#10229 = SHAPE_DEFINITION_REPRESENTATION(#10230,#10236);
#10230 = PRODUCT_DEFINITION_SHAPE('','',#10231);
#10231 = PRODUCT_DEFINITION('design','',#10232,#10235);
#10232 = PRODUCT_DEFINITION_FORMATION('','',#10233);
#10233 = PRODUCT('PinHeader_1x02_P2.54mm_Vertical',
  'PinHeader_1x02_P2.54mm_Vertical','',(#10234));
#10234 = PRODUCT_CONTEXT('',#2,'mechanical');
#10235 = PRODUCT_DEFINITION_CONTEXT('part definition',#2,'design');
#10236 = SHAPE_REPRESENTATION('',(#11,#10237),#10241);
#10237 = AXIS2_PLACEMENT_3D('',#10238,#10239,#10240);
#10238 = CARTESIAN_POINT('',(0.,0.,0.));
#10239 = DIRECTION('',(0.,0.,1.));
#10240 = DIRECTION('',(1.,0.,-0.));
#10241 = ( GEOMETRIC_REPRESENTATION_CONTEXT(3) 
GLOBAL_UNCERTAINTY_ASSIGNED_CONTEXT((#10245)) 
GLOBAL_UNIT_ASSIGNED_CONTEXT((#10242,#10243,#10244)) 
REPRESENTATION_CONTEXT('Context #1',
  '3D Context with UNIT and UNCERTAINTY') );
#10242 = ( LENGTH_UNIT() NAMED_UNIT(*) SI_UNIT(.MILLI.,.METRE.) );
#10243 = ( NAMED_UNIT(*) PLANE_ANGLE_UNIT() SI_UNIT($,.RADIAN.) );
#10244 = ( NAMED_UNIT(*) SI_UNIT($,.STERADIAN.) SOLID_ANGLE_UNIT() );
#10245 = UNCERTAINTY_MEASURE_WITH_UNIT(LENGTH_MEASURE(1.E-07),#10242,
  'distance_accuracy_value','confusion accuracy');
#10246 = CONTEXT_DEPENDENT_SHAPE_REPRESENTATION(#10247,#10249);
#10247 = ( REPRESENTATION_RELATIONSHIP('','',#10236,#10) 
REPRESENTATION_RELATIONSHIP_WITH_TRANSFORMATION(#10248) 
SHAPE_REPRESENTATION_RELATIONSHIP() );
#10248 = ITEM_DEFINED_TRANSFORMATION('','',#11,#79);
#10249 = PRODUCT_DEFINITION_SHAPE('Placement','Placement of an item',
  #10250);
#10250 = NEXT_ASSEMBLY_USAGE_OCCURRENCE('22','J4','',#5,#10231,$);
#10251 = PRODUCT_RELATED_PRODUCT_CATEGORY('part',$,(#10233));
#10252 = SHAPE_DEFINITION_REPRESENTATION(#10253,#10259);
#10253 = PRODUCT_DEFINITION_SHAPE('','',#10254);
#10254 = PRODUCT_DEFINITION('design','',#10255,#10258);
#10255 = PRODUCT_DEFINITION_FORMATION('','',#10256);
#10256 = PRODUCT('PinHeader_1x02_P254mm_Vertical',
  'PinHeader_1x02_P254mm_Vertical','',(#10257));
#10257 = PRODUCT_CONTEXT('',#2,'mechanical');
#10258 = PRODUCT_DEFINITION_CONTEXT('part definition',#2,'design');
#10259 = ADVANCED_BREP_SHAPE_REPRESENTATION('',(#11,#10260),#11692);
#10260 = MANIFOLD_SOLID_BREP('',#10261);
#10261 = CLOSED_SHELL('',(#10262,#10302,#10333,#10364,#10529,#10694,
    #10711,#10728,#10745,#10762,#10779,#10796,#10813,#10830,#10847,
    #10864,#10876,#10907,#10931,#10955,#10972,#11003,#11027,#11051,
    #11068,#11099,#11123,#11147,#11164,#11195,#11219,#11243,#11260,
    #11291,#11315,#11339,#11356,#11387,#11411,#11435,#11452,#11483,
    #11507,#11531,#11548,#11579,#11603,#11627,#11644,#11656,#11668,
    #11680));
#10262 = ADVANCED_FACE('',(#10263),#10297,.F.);
#10263 = FACE_BOUND('',#10264,.F.);
#10264 = EDGE_LOOP('',(#10265,#10275,#10283,#10291));
#10265 = ORIENTED_EDGE('',*,*,#10266,.T.);
#10266 = EDGE_CURVE('',#10267,#10269,#10271,.T.);
#10267 = VERTEX_POINT('',#10268);
#10268 = CARTESIAN_POINT('',(-1.016,1.27,0.));
#10269 = VERTEX_POINT('',#10270);
#10270 = CARTESIAN_POINT('',(-1.016,1.27,2.54));
#10271 = LINE('',#10272,#10273);
#10272 = CARTESIAN_POINT('',(-1.016,1.27,0.));
#10273 = VECTOR('',#10274,1.);
#10274 = DIRECTION('',(0.,0.,1.));
#10275 = ORIENTED_EDGE('',*,*,#10276,.T.);
#10276 = EDGE_CURVE('',#10269,#10277,#10279,.T.);
#10277 = VERTEX_POINT('',#10278);
#10278 = CARTESIAN_POINT('',(-1.27,1.016,2.54));
#10279 = LINE('',#10280,#10281);
#10280 = CARTESIAN_POINT('',(-1.016,1.27,2.54));
#10281 = VECTOR('',#10282,1.);
#10282 = DIRECTION('',(-0.707106781187,-0.707106781187,0.));
#10283 = ORIENTED_EDGE('',*,*,#10284,.F.);
#10284 = EDGE_CURVE('',#10285,#10277,#10287,.T.);
#10285 = VERTEX_POINT('',#10286);
#10286 = CARTESIAN_POINT('',(-1.27,1.016,0.));
#10287 = LINE('',#10288,#10289);
#10288 = CARTESIAN_POINT('',(-1.27,1.016,0.));
#10289 = VECTOR('',#10290,1.);
#10290 = DIRECTION('',(0.,0.,1.));
#10291 = ORIENTED_EDGE('',*,*,#10292,.F.);
#10292 = EDGE_CURVE('',#10267,#10285,#10293,.T.);
#10293 = LINE('',#10294,#10295);
#10294 = CARTESIAN_POINT('',(-1.016,1.27,0.));
#10295 = VECTOR('',#10296,1.);
#10296 = DIRECTION('',(-0.707106781187,-0.707106781187,0.));
#10297 = PLANE('',#10298);
#10298 = AXIS2_PLACEMENT_3D('',#10299,#10300,#10301);
#10299 = CARTESIAN_POINT('',(-1.016,1.27,0.));
#10300 = DIRECTION('',(0.707106781187,-0.707106781187,0.));
#10301 = DIRECTION('',(-0.707106781187,-0.707106781187,0.));
#10302 = ADVANCED_FACE('',(#10303),#10328,.F.);
#10303 = FACE_BOUND('',#10304,.F.);
#10304 = EDGE_LOOP('',(#10305,#10315,#10321,#10322));
#10305 = ORIENTED_EDGE('',*,*,#10306,.T.);
#10306 = EDGE_CURVE('',#10307,#10309,#10311,.T.);
#10307 = VERTEX_POINT('',#10308);
#10308 = CARTESIAN_POINT('',(1.016,1.27,0.));
#10309 = VERTEX_POINT('',#10310);
#10310 = CARTESIAN_POINT('',(1.016,1.27,2.54));
#10311 = LINE('',#10312,#10313);
#10312 = CARTESIAN_POINT('',(1.016,1.27,0.));
#10313 = VECTOR('',#10314,1.);
#10314 = DIRECTION('',(0.,0.,1.));
#10315 = ORIENTED_EDGE('',*,*,#10316,.T.);
#10316 = EDGE_CURVE('',#10309,#10269,#10317,.T.);
#10317 = LINE('',#10318,#10319);
#10318 = CARTESIAN_POINT('',(1.016,1.27,2.54));
#10319 = VECTOR('',#10320,1.);
#10320 = DIRECTION('',(-1.,0.,0.));
#10321 = ORIENTED_EDGE('',*,*,#10266,.F.);
#10322 = ORIENTED_EDGE('',*,*,#10323,.F.);
#10323 = EDGE_CURVE('',#10307,#10267,#10324,.T.);
#10324 = LINE('',#10325,#10326);
#10325 = CARTESIAN_POINT('',(1.016,1.27,0.));
#10326 = VECTOR('',#10327,1.);
#10327 = DIRECTION('',(-1.,0.,0.));
#10328 = PLANE('',#10329);
#10329 = AXIS2_PLACEMENT_3D('',#10330,#10331,#10332);
#10330 = CARTESIAN_POINT('',(1.016,1.27,0.));
#10331 = DIRECTION('',(0.,-1.,0.));
#10332 = DIRECTION('',(-1.,0.,0.));
#10333 = ADVANCED_FACE('',(#10334),#10359,.F.);
#10334 = FACE_BOUND('',#10335,.F.);
#10335 = EDGE_LOOP('',(#10336,#10337,#10345,#10353));
#10336 = ORIENTED_EDGE('',*,*,#10284,.T.);
#10337 = ORIENTED_EDGE('',*,*,#10338,.T.);
#10338 = EDGE_CURVE('',#10277,#10339,#10341,.T.);
#10339 = VERTEX_POINT('',#10340);
#10340 = CARTESIAN_POINT('',(-1.27,-1.016,2.54));
#10341 = LINE('',#10342,#10343);
#10342 = CARTESIAN_POINT('',(-1.27,1.016,2.54));
#10343 = VECTOR('',#10344,1.);
#10344 = DIRECTION('',(0.,-1.,0.));
#10345 = ORIENTED_EDGE('',*,*,#10346,.F.);
#10346 = EDGE_CURVE('',#10347,#10339,#10349,.T.);
#10347 = VERTEX_POINT('',#10348);
#10348 = CARTESIAN_POINT('',(-1.27,-1.016,0.));
#10349 = LINE('',#10350,#10351);
#10350 = CARTESIAN_POINT('',(-1.27,-1.016,0.));
#10351 = VECTOR('',#10352,1.);
#10352 = DIRECTION('',(0.,0.,1.));
#10353 = ORIENTED_EDGE('',*,*,#10354,.F.);
#10354 = EDGE_CURVE('',#10285,#10347,#10355,.T.);
#10355 = LINE('',#10356,#10357);
#10356 = CARTESIAN_POINT('',(-1.27,1.016,0.));
#10357 = VECTOR('',#10358,1.);
#10358 = DIRECTION('',(0.,-1.,0.));
#10359 = PLANE('',#10360);
#10360 = AXIS2_PLACEMENT_3D('',#10361,#10362,#10363);
#10361 = CARTESIAN_POINT('',(-1.27,1.016,0.));
#10362 = DIRECTION('',(1.,0.,0.));
#10363 = DIRECTION('',(0.,-1.,0.));
#10364 = ADVANCED_FACE('',(#10365,#10456,#10490),#10524,.F.);
#10365 = FACE_BOUND('',#10366,.F.);
#10366 = EDGE_LOOP('',(#10367,#10368,#10369,#10377,#10385,#10393,#10401,
    #10409,#10417,#10425,#10433,#10441,#10449,#10455));
#10367 = ORIENTED_EDGE('',*,*,#10292,.T.);
#10368 = ORIENTED_EDGE('',*,*,#10354,.T.);
#10369 = ORIENTED_EDGE('',*,*,#10370,.T.);
#10370 = EDGE_CURVE('',#10347,#10371,#10373,.T.);
#10371 = VERTEX_POINT('',#10372);
#10372 = CARTESIAN_POINT('',(-1.016,-1.27,0.));
#10373 = LINE('',#10374,#10375);
#10374 = CARTESIAN_POINT('',(-1.27,-1.016,0.));
#10375 = VECTOR('',#10376,1.);
#10376 = DIRECTION('',(0.707106781187,-0.707106781187,0.));
#10377 = ORIENTED_EDGE('',*,*,#10378,.T.);
#10378 = EDGE_CURVE('',#10371,#10379,#10381,.T.);
#10379 = VERTEX_POINT('',#10380);
#10380 = CARTESIAN_POINT('',(-1.27,-1.524,0.));
#10381 = LINE('',#10382,#10383);
#10382 = CARTESIAN_POINT('',(-1.016,-1.27,0.));
#10383 = VECTOR('',#10384,1.);
#10384 = DIRECTION('',(-0.707106781187,-0.707106781187,0.));
#10385 = ORIENTED_EDGE('',*,*,#10386,.T.);
#10386 = EDGE_CURVE('',#10379,#10387,#10389,.T.);
#10387 = VERTEX_POINT('',#10388);
#10388 = CARTESIAN_POINT('',(-1.27,-3.556,0.));
#10389 = LINE('',#10390,#10391);
#10390 = CARTESIAN_POINT('',(-1.27,-1.524,0.));
#10391 = VECTOR('',#10392,1.);
#10392 = DIRECTION('',(0.,-1.,0.));
#10393 = ORIENTED_EDGE('',*,*,#10394,.T.);
#10394 = EDGE_CURVE('',#10387,#10395,#10397,.T.);
#10395 = VERTEX_POINT('',#10396);
#10396 = CARTESIAN_POINT('',(-1.016,-3.81,0.));
#10397 = LINE('',#10398,#10399);
#10398 = CARTESIAN_POINT('',(-1.27,-3.556,0.));
#10399 = VECTOR('',#10400,1.);
#10400 = DIRECTION('',(0.707106781187,-0.707106781187,0.));
#10401 = ORIENTED_EDGE('',*,*,#10402,.T.);
#10402 = EDGE_CURVE('',#10395,#10403,#10405,.T.);
#10403 = VERTEX_POINT('',#10404);
#10404 = CARTESIAN_POINT('',(1.016,-3.81,0.));
#10405 = LINE('',#10406,#10407);
#10406 = CARTESIAN_POINT('',(-1.016,-3.81,0.));
#10407 = VECTOR('',#10408,1.);
#10408 = DIRECTION('',(1.,0.,0.));
#10409 = ORIENTED_EDGE('',*,*,#10410,.T.);
#10410 = EDGE_CURVE('',#10403,#10411,#10413,.T.);
#10411 = VERTEX_POINT('',#10412);
#10412 = CARTESIAN_POINT('',(1.27,-3.556,0.));
#10413 = LINE('',#10414,#10415);
#10414 = CARTESIAN_POINT('',(1.016,-3.81,0.));
#10415 = VECTOR('',#10416,1.);
#10416 = DIRECTION('',(0.707106781187,0.707106781187,0.));
#10417 = ORIENTED_EDGE('',*,*,#10418,.T.);
#10418 = EDGE_CURVE('',#10411,#10419,#10421,.T.);
#10419 = VERTEX_POINT('',#10420);
#10420 = CARTESIAN_POINT('',(1.27,-1.524,0.));
#10421 = LINE('',#10422,#10423);
#10422 = CARTESIAN_POINT('',(1.27,-3.556,0.));
#10423 = VECTOR('',#10424,1.);
#10424 = DIRECTION('',(0.,1.,0.));
#10425 = ORIENTED_EDGE('',*,*,#10426,.T.);
#10426 = EDGE_CURVE('',#10419,#10427,#10429,.T.);
#10427 = VERTEX_POINT('',#10428);
#10428 = CARTESIAN_POINT('',(1.016,-1.27,0.));
#10429 = LINE('',#10430,#10431);
#10430 = CARTESIAN_POINT('',(1.27,-1.524,0.));
#10431 = VECTOR('',#10432,1.);
#10432 = DIRECTION('',(-0.707106781187,0.707106781187,0.));
#10433 = ORIENTED_EDGE('',*,*,#10434,.T.);
#10434 = EDGE_CURVE('',#10427,#10435,#10437,.T.);
#10435 = VERTEX_POINT('',#10436);
#10436 = CARTESIAN_POINT('',(1.27,-1.016,0.));
#10437 = LINE('',#10438,#10439);
#10438 = CARTESIAN_POINT('',(1.016,-1.27,0.));
#10439 = VECTOR('',#10440,1.);
#10440 = DIRECTION('',(0.707106781187,0.707106781187,0.));
#10441 = ORIENTED_EDGE('',*,*,#10442,.T.);
#10442 = EDGE_CURVE('',#10435,#10443,#10445,.T.);
#10443 = VERTEX_POINT('',#10444);
#10444 = CARTESIAN_POINT('',(1.27,1.016,0.));
#10445 = LINE('',#10446,#10447);
#10446 = CARTESIAN_POINT('',(1.27,-1.016,0.));
#10447 = VECTOR('',#10448,1.);
#10448 = DIRECTION('',(0.,1.,0.));
#10449 = ORIENTED_EDGE('',*,*,#10450,.T.);
#10450 = EDGE_CURVE('',#10443,#10307,#10451,.T.);
#10451 = LINE('',#10452,#10453);
#10452 = CARTESIAN_POINT('',(1.27,1.016,0.));
#10453 = VECTOR('',#10454,1.);
#10454 = DIRECTION('',(-0.707106781187,0.707106781187,0.));
#10455 = ORIENTED_EDGE('',*,*,#10323,.T.);
#10456 = FACE_BOUND('',#10457,.F.);
#10457 = EDGE_LOOP('',(#10458,#10468,#10476,#10484));
#10458 = ORIENTED_EDGE('',*,*,#10459,.T.);
#10459 = EDGE_CURVE('',#10460,#10462,#10464,.T.);
#10460 = VERTEX_POINT('',#10461);
#10461 = CARTESIAN_POINT('',(0.32,-0.32,0.));
#10462 = VERTEX_POINT('',#10463);
#10463 = CARTESIAN_POINT('',(-0.32,-0.32,0.));
#10464 = LINE('',#10465,#10466);
#10465 = CARTESIAN_POINT('',(-0.16,-0.32,0.));
#10466 = VECTOR('',#10467,1.);
#10467 = DIRECTION('',(-1.,0.,0.));
#10468 = ORIENTED_EDGE('',*,*,#10469,.T.);
#10469 = EDGE_CURVE('',#10462,#10470,#10472,.T.);
#10470 = VERTEX_POINT('',#10471);
#10471 = CARTESIAN_POINT('',(-0.32,0.32,0.));
#10472 = LINE('',#10473,#10474);
#10473 = CARTESIAN_POINT('',(-0.32,-0.795,0.));
#10474 = VECTOR('',#10475,1.);
#10475 = DIRECTION('',(0.,1.,0.));
#10476 = ORIENTED_EDGE('',*,*,#10477,.F.);
#10477 = EDGE_CURVE('',#10478,#10470,#10480,.T.);
#10478 = VERTEX_POINT('',#10479);
#10479 = CARTESIAN_POINT('',(0.32,0.32,0.));
#10480 = LINE('',#10481,#10482);
#10481 = CARTESIAN_POINT('',(-0.16,0.32,0.));
#10482 = VECTOR('',#10483,1.);
#10483 = DIRECTION('',(-1.,0.,0.));
#10484 = ORIENTED_EDGE('',*,*,#10485,.F.);
#10485 = EDGE_CURVE('',#10460,#10478,#10486,.T.);
#10486 = LINE('',#10487,#10488);
#10487 = CARTESIAN_POINT('',(0.32,-0.795,0.));
#10488 = VECTOR('',#10489,1.);
#10489 = DIRECTION('',(0.,1.,0.));
#10490 = FACE_BOUND('',#10491,.F.);
#10491 = EDGE_LOOP('',(#10492,#10502,#10510,#10518));
#10492 = ORIENTED_EDGE('',*,*,#10493,.T.);
#10493 = EDGE_CURVE('',#10494,#10496,#10498,.T.);
#10494 = VERTEX_POINT('',#10495);
#10495 = CARTESIAN_POINT('',(0.32,-2.86,0.));
#10496 = VERTEX_POINT('',#10497);
#10497 = CARTESIAN_POINT('',(-0.32,-2.86,0.));
#10498 = LINE('',#10499,#10500);
#10499 = CARTESIAN_POINT('',(-0.16,-2.86,0.));
#10500 = VECTOR('',#10501,1.);
#10501 = DIRECTION('',(-1.,0.,0.));
#10502 = ORIENTED_EDGE('',*,*,#10503,.T.);
#10503 = EDGE_CURVE('',#10496,#10504,#10506,.T.);
#10504 = VERTEX_POINT('',#10505);
#10505 = CARTESIAN_POINT('',(-0.32,-2.22,0.));
#10506 = LINE('',#10507,#10508);
#10507 = CARTESIAN_POINT('',(-0.32,-2.065,0.));
#10508 = VECTOR('',#10509,1.);
#10509 = DIRECTION('',(0.,1.,0.));
#10510 = ORIENTED_EDGE('',*,*,#10511,.F.);
#10511 = EDGE_CURVE('',#10512,#10504,#10514,.T.);
#10512 = VERTEX_POINT('',#10513);
#10513 = CARTESIAN_POINT('',(0.32,-2.22,0.));
#10514 = LINE('',#10515,#10516);
#10515 = CARTESIAN_POINT('',(-0.16,-2.22,0.));
#10516 = VECTOR('',#10517,1.);
#10517 = DIRECTION('',(-1.,0.,0.));
#10518 = ORIENTED_EDGE('',*,*,#10519,.F.);
#10519 = EDGE_CURVE('',#10494,#10512,#10520,.T.);
#10520 = LINE('',#10521,#10522);
#10521 = CARTESIAN_POINT('',(0.32,-2.065,0.));
#10522 = VECTOR('',#10523,1.);
#10523 = DIRECTION('',(0.,1.,0.));
#10524 = PLANE('',#10525);
#10525 = AXIS2_PLACEMENT_3D('',#10526,#10527,#10528);
#10526 = CARTESIAN_POINT('',(1.473843703412E-17,-1.27,0.));
#10527 = DIRECTION('',(0.,0.,1.));
#10528 = DIRECTION('',(1.,0.,-0.));
#10529 = ADVANCED_FACE('',(#10530,#10621,#10655),#10689,.T.);
#10530 = FACE_BOUND('',#10531,.T.);
#10531 = EDGE_LOOP('',(#10532,#10533,#10534,#10542,#10550,#10558,#10566,
    #10574,#10582,#10590,#10598,#10606,#10614,#10620));
#10532 = ORIENTED_EDGE('',*,*,#10276,.T.);
#10533 = ORIENTED_EDGE('',*,*,#10338,.T.);
#10534 = ORIENTED_EDGE('',*,*,#10535,.T.);
#10535 = EDGE_CURVE('',#10339,#10536,#10538,.T.);
#10536 = VERTEX_POINT('',#10537);
#10537 = CARTESIAN_POINT('',(-1.016,-1.27,2.54));
#10538 = LINE('',#10539,#10540);
#10539 = CARTESIAN_POINT('',(-1.27,-1.016,2.54));
#10540 = VECTOR('',#10541,1.);
#10541 = DIRECTION('',(0.707106781187,-0.707106781187,0.));
#10542 = ORIENTED_EDGE('',*,*,#10543,.T.);
#10543 = EDGE_CURVE('',#10536,#10544,#10546,.T.);
#10544 = VERTEX_POINT('',#10545);
#10545 = CARTESIAN_POINT('',(-1.27,-1.524,2.54));
#10546 = LINE('',#10547,#10548);
#10547 = CARTESIAN_POINT('',(-1.016,-1.27,2.54));
#10548 = VECTOR('',#10549,1.);
#10549 = DIRECTION('',(-0.707106781187,-0.707106781187,0.));
#10550 = ORIENTED_EDGE('',*,*,#10551,.T.);
#10551 = EDGE_CURVE('',#10544,#10552,#10554,.T.);
#10552 = VERTEX_POINT('',#10553);
#10553 = CARTESIAN_POINT('',(-1.27,-3.556,2.54));
#10554 = LINE('',#10555,#10556);
#10555 = CARTESIAN_POINT('',(-1.27,-1.524,2.54));
#10556 = VECTOR('',#10557,1.);
#10557 = DIRECTION('',(0.,-1.,0.));
#10558 = ORIENTED_EDGE('',*,*,#10559,.T.);
#10559 = EDGE_CURVE('',#10552,#10560,#10562,.T.);
#10560 = VERTEX_POINT('',#10561);
#10561 = CARTESIAN_POINT('',(-1.016,-3.81,2.54));
#10562 = LINE('',#10563,#10564);
#10563 = CARTESIAN_POINT('',(-1.27,-3.556,2.54));
#10564 = VECTOR('',#10565,1.);
#10565 = DIRECTION('',(0.707106781187,-0.707106781187,0.));
#10566 = ORIENTED_EDGE('',*,*,#10567,.T.);
#10567 = EDGE_CURVE('',#10560,#10568,#10570,.T.);
#10568 = VERTEX_POINT('',#10569);
#10569 = CARTESIAN_POINT('',(1.016,-3.81,2.54));
#10570 = LINE('',#10571,#10572);
#10571 = CARTESIAN_POINT('',(-1.016,-3.81,2.54));
#10572 = VECTOR('',#10573,1.);
#10573 = DIRECTION('',(1.,0.,0.));
#10574 = ORIENTED_EDGE('',*,*,#10575,.T.);
#10575 = EDGE_CURVE('',#10568,#10576,#10578,.T.);
#10576 = VERTEX_POINT('',#10577);
#10577 = CARTESIAN_POINT('',(1.27,-3.556,2.54));
#10578 = LINE('',#10579,#10580);
#10579 = CARTESIAN_POINT('',(1.016,-3.81,2.54));
#10580 = VECTOR('',#10581,1.);
#10581 = DIRECTION('',(0.707106781187,0.707106781187,0.));
#10582 = ORIENTED_EDGE('',*,*,#10583,.T.);
#10583 = EDGE_CURVE('',#10576,#10584,#10586,.T.);
#10584 = VERTEX_POINT('',#10585);
#10585 = CARTESIAN_POINT('',(1.27,-1.524,2.54));
#10586 = LINE('',#10587,#10588);
#10587 = CARTESIAN_POINT('',(1.27,-3.556,2.54));
#10588 = VECTOR('',#10589,1.);
#10589 = DIRECTION('',(0.,1.,0.));
#10590 = ORIENTED_EDGE('',*,*,#10591,.T.);
#10591 = EDGE_CURVE('',#10584,#10592,#10594,.T.);
#10592 = VERTEX_POINT('',#10593);
#10593 = CARTESIAN_POINT('',(1.016,-1.27,2.54));
#10594 = LINE('',#10595,#10596);
#10595 = CARTESIAN_POINT('',(1.27,-1.524,2.54));
#10596 = VECTOR('',#10597,1.);
#10597 = DIRECTION('',(-0.707106781187,0.707106781187,0.));
#10598 = ORIENTED_EDGE('',*,*,#10599,.T.);
#10599 = EDGE_CURVE('',#10592,#10600,#10602,.T.);
#10600 = VERTEX_POINT('',#10601);
#10601 = CARTESIAN_POINT('',(1.27,-1.016,2.54));
#10602 = LINE('',#10603,#10604);
#10603 = CARTESIAN_POINT('',(1.016,-1.27,2.54));
#10604 = VECTOR('',#10605,1.);
#10605 = DIRECTION('',(0.707106781187,0.707106781187,0.));
#10606 = ORIENTED_EDGE('',*,*,#10607,.T.);
#10607 = EDGE_CURVE('',#10600,#10608,#10610,.T.);
#10608 = VERTEX_POINT('',#10609);
#10609 = CARTESIAN_POINT('',(1.27,1.016,2.54));
#10610 = LINE('',#10611,#10612);
#10611 = CARTESIAN_POINT('',(1.27,-1.016,2.54));
#10612 = VECTOR('',#10613,1.);
#10613 = DIRECTION('',(0.,1.,0.));
#10614 = ORIENTED_EDGE('',*,*,#10615,.T.);
#10615 = EDGE_CURVE('',#10608,#10309,#10616,.T.);
#10616 = LINE('',#10617,#10618);
#10617 = CARTESIAN_POINT('',(1.27,1.016,2.54));
#10618 = VECTOR('',#10619,1.);
#10619 = DIRECTION('',(-0.707106781187,0.707106781187,0.));
#10620 = ORIENTED_EDGE('',*,*,#10316,.T.);
#10621 = FACE_BOUND('',#10622,.T.);
#10622 = EDGE_LOOP('',(#10623,#10633,#10641,#10649));
#10623 = ORIENTED_EDGE('',*,*,#10624,.T.);
#10624 = EDGE_CURVE('',#10625,#10627,#10629,.T.);
#10625 = VERTEX_POINT('',#10626);
#10626 = CARTESIAN_POINT('',(0.32,-0.32,2.54));
#10627 = VERTEX_POINT('',#10628);
#10628 = CARTESIAN_POINT('',(-0.32,-0.32,2.54));
#10629 = LINE('',#10630,#10631);
#10630 = CARTESIAN_POINT('',(-0.16,-0.32,2.54));
#10631 = VECTOR('',#10632,1.);
#10632 = DIRECTION('',(-1.,0.,0.));
#10633 = ORIENTED_EDGE('',*,*,#10634,.T.);
#10634 = EDGE_CURVE('',#10627,#10635,#10637,.T.);
#10635 = VERTEX_POINT('',#10636);
#10636 = CARTESIAN_POINT('',(-0.32,0.32,2.54));
#10637 = LINE('',#10638,#10639);
#10638 = CARTESIAN_POINT('',(-0.32,-0.795,2.54));
#10639 = VECTOR('',#10640,1.);
#10640 = DIRECTION('',(0.,1.,0.));
#10641 = ORIENTED_EDGE('',*,*,#10642,.F.);
#10642 = EDGE_CURVE('',#10643,#10635,#10645,.T.);
#10643 = VERTEX_POINT('',#10644);
#10644 = CARTESIAN_POINT('',(0.32,0.32,2.54));
#10645 = LINE('',#10646,#10647);
#10646 = CARTESIAN_POINT('',(-0.16,0.32,2.54));
#10647 = VECTOR('',#10648,1.);
#10648 = DIRECTION('',(-1.,0.,0.));
#10649 = ORIENTED_EDGE('',*,*,#10650,.F.);
#10650 = EDGE_CURVE('',#10625,#10643,#10651,.T.);
#10651 = LINE('',#10652,#10653);
#10652 = CARTESIAN_POINT('',(0.32,-0.795,2.54));
#10653 = VECTOR('',#10654,1.);
#10654 = DIRECTION('',(0.,1.,0.));
#10655 = FACE_BOUND('',#10656,.T.);
#10656 = EDGE_LOOP('',(#10657,#10667,#10675,#10683));
#10657 = ORIENTED_EDGE('',*,*,#10658,.T.);
#10658 = EDGE_CURVE('',#10659,#10661,#10663,.T.);
#10659 = VERTEX_POINT('',#10660);
#10660 = CARTESIAN_POINT('',(0.32,-2.86,2.54));
#10661 = VERTEX_POINT('',#10662);
#10662 = CARTESIAN_POINT('',(-0.32,-2.86,2.54));
#10663 = LINE('',#10664,#10665);
#10664 = CARTESIAN_POINT('',(-0.16,-2.86,2.54));
#10665 = VECTOR('',#10666,1.);
#10666 = DIRECTION('',(-1.,0.,0.));
#10667 = ORIENTED_EDGE('',*,*,#10668,.T.);
#10668 = EDGE_CURVE('',#10661,#10669,#10671,.T.);
#10669 = VERTEX_POINT('',#10670);
#10670 = CARTESIAN_POINT('',(-0.32,-2.22,2.54));
#10671 = LINE('',#10672,#10673);
#10672 = CARTESIAN_POINT('',(-0.32,-2.065,2.54));
#10673 = VECTOR('',#10674,1.);
#10674 = DIRECTION('',(0.,1.,0.));
#10675 = ORIENTED_EDGE('',*,*,#10676,.F.);
#10676 = EDGE_CURVE('',#10677,#10669,#10679,.T.);
#10677 = VERTEX_POINT('',#10678);
#10678 = CARTESIAN_POINT('',(0.32,-2.22,2.54));
#10679 = LINE('',#10680,#10681);
#10680 = CARTESIAN_POINT('',(-0.16,-2.22,2.54));
#10681 = VECTOR('',#10682,1.);
#10682 = DIRECTION('',(-1.,0.,0.));
#10683 = ORIENTED_EDGE('',*,*,#10684,.F.);
#10684 = EDGE_CURVE('',#10659,#10677,#10685,.T.);
#10685 = LINE('',#10686,#10687);
#10686 = CARTESIAN_POINT('',(0.32,-2.065,2.54));
#10687 = VECTOR('',#10688,1.);
#10688 = DIRECTION('',(0.,1.,0.));
#10689 = PLANE('',#10690);
#10690 = AXIS2_PLACEMENT_3D('',#10691,#10692,#10693);
#10691 = CARTESIAN_POINT('',(1.473843703412E-17,-1.27,2.54));
#10692 = DIRECTION('',(0.,0.,1.));
#10693 = DIRECTION('',(1.,0.,-0.));
#10694 = ADVANCED_FACE('',(#10695),#10706,.F.);
#10695 = FACE_BOUND('',#10696,.F.);
#10696 = EDGE_LOOP('',(#10697,#10703,#10704,#10705));
#10697 = ORIENTED_EDGE('',*,*,#10698,.T.);
#10698 = EDGE_CURVE('',#10443,#10608,#10699,.T.);
#10699 = LINE('',#10700,#10701);
#10700 = CARTESIAN_POINT('',(1.27,1.016,0.));
#10701 = VECTOR('',#10702,1.);
#10702 = DIRECTION('',(0.,0.,1.));
#10703 = ORIENTED_EDGE('',*,*,#10615,.T.);
#10704 = ORIENTED_EDGE('',*,*,#10306,.F.);
#10705 = ORIENTED_EDGE('',*,*,#10450,.F.);
#10706 = PLANE('',#10707);
#10707 = AXIS2_PLACEMENT_3D('',#10708,#10709,#10710);
#10708 = CARTESIAN_POINT('',(1.27,1.016,0.));
#10709 = DIRECTION('',(-0.707106781187,-0.707106781187,0.));
#10710 = DIRECTION('',(-0.707106781187,0.707106781187,0.));
#10711 = ADVANCED_FACE('',(#10712),#10723,.F.);
#10712 = FACE_BOUND('',#10713,.F.);
#10713 = EDGE_LOOP('',(#10714,#10715,#10716,#10722));
#10714 = ORIENTED_EDGE('',*,*,#10346,.T.);
#10715 = ORIENTED_EDGE('',*,*,#10535,.T.);
#10716 = ORIENTED_EDGE('',*,*,#10717,.F.);
#10717 = EDGE_CURVE('',#10371,#10536,#10718,.T.);
#10718 = LINE('',#10719,#10720);
#10719 = CARTESIAN_POINT('',(-1.016,-1.27,0.));
#10720 = VECTOR('',#10721,1.);
#10721 = DIRECTION('',(0.,0.,1.));
#10722 = ORIENTED_EDGE('',*,*,#10370,.F.);
#10723 = PLANE('',#10724);
#10724 = AXIS2_PLACEMENT_3D('',#10725,#10726,#10727);
#10725 = CARTESIAN_POINT('',(-1.27,-1.016,0.));
#10726 = DIRECTION('',(0.707106781187,0.707106781187,0.));
#10727 = DIRECTION('',(0.707106781187,-0.707106781187,0.));
#10728 = ADVANCED_FACE('',(#10729),#10740,.F.);
#10729 = FACE_BOUND('',#10730,.F.);
#10730 = EDGE_LOOP('',(#10731,#10737,#10738,#10739));
#10731 = ORIENTED_EDGE('',*,*,#10732,.T.);
#10732 = EDGE_CURVE('',#10435,#10600,#10733,.T.);
#10733 = LINE('',#10734,#10735);
#10734 = CARTESIAN_POINT('',(1.27,-1.016,0.));
#10735 = VECTOR('',#10736,1.);
#10736 = DIRECTION('',(0.,0.,1.));
#10737 = ORIENTED_EDGE('',*,*,#10607,.T.);
#10738 = ORIENTED_EDGE('',*,*,#10698,.F.);
#10739 = ORIENTED_EDGE('',*,*,#10442,.F.);
#10740 = PLANE('',#10741);
#10741 = AXIS2_PLACEMENT_3D('',#10742,#10743,#10744);
#10742 = CARTESIAN_POINT('',(1.27,-1.016,0.));
#10743 = DIRECTION('',(-1.,0.,0.));
#10744 = DIRECTION('',(0.,1.,0.));
#10745 = ADVANCED_FACE('',(#10746),#10757,.F.);
#10746 = FACE_BOUND('',#10747,.F.);
#10747 = EDGE_LOOP('',(#10748,#10749,#10750,#10756));
#10748 = ORIENTED_EDGE('',*,*,#10717,.T.);
#10749 = ORIENTED_EDGE('',*,*,#10543,.T.);
#10750 = ORIENTED_EDGE('',*,*,#10751,.F.);
#10751 = EDGE_CURVE('',#10379,#10544,#10752,.T.);
#10752 = LINE('',#10753,#10754);
#10753 = CARTESIAN_POINT('',(-1.27,-1.524,0.));
#10754 = VECTOR('',#10755,1.);
#10755 = DIRECTION('',(0.,0.,1.));
#10756 = ORIENTED_EDGE('',*,*,#10378,.F.);
#10757 = PLANE('',#10758);
#10758 = AXIS2_PLACEMENT_3D('',#10759,#10760,#10761);
#10759 = CARTESIAN_POINT('',(-1.016,-1.27,0.));
#10760 = DIRECTION('',(0.707106781187,-0.707106781187,0.));
#10761 = DIRECTION('',(-0.707106781187,-0.707106781187,0.));
#10762 = ADVANCED_FACE('',(#10763),#10774,.F.);
#10763 = FACE_BOUND('',#10764,.F.);
#10764 = EDGE_LOOP('',(#10765,#10771,#10772,#10773));
#10765 = ORIENTED_EDGE('',*,*,#10766,.T.);
#10766 = EDGE_CURVE('',#10427,#10592,#10767,.T.);
#10767 = LINE('',#10768,#10769);
#10768 = CARTESIAN_POINT('',(1.016,-1.27,0.));
#10769 = VECTOR('',#10770,1.);
#10770 = DIRECTION('',(0.,0.,1.));
#10771 = ORIENTED_EDGE('',*,*,#10599,.T.);
#10772 = ORIENTED_EDGE('',*,*,#10732,.F.);
#10773 = ORIENTED_EDGE('',*,*,#10434,.F.);
#10774 = PLANE('',#10775);
#10775 = AXIS2_PLACEMENT_3D('',#10776,#10777,#10778);
#10776 = CARTESIAN_POINT('',(1.016,-1.27,0.));
#10777 = DIRECTION('',(-0.707106781187,0.707106781187,0.));
#10778 = DIRECTION('',(0.707106781187,0.707106781187,0.));
#10779 = ADVANCED_FACE('',(#10780),#10791,.F.);
#10780 = FACE_BOUND('',#10781,.F.);
#10781 = EDGE_LOOP('',(#10782,#10783,#10784,#10790));
#10782 = ORIENTED_EDGE('',*,*,#10751,.T.);
#10783 = ORIENTED_EDGE('',*,*,#10551,.T.);
#10784 = ORIENTED_EDGE('',*,*,#10785,.F.);
#10785 = EDGE_CURVE('',#10387,#10552,#10786,.T.);
#10786 = LINE('',#10787,#10788);
#10787 = CARTESIAN_POINT('',(-1.27,-3.556,0.));
#10788 = VECTOR('',#10789,1.);
#10789 = DIRECTION('',(0.,0.,1.));
#10790 = ORIENTED_EDGE('',*,*,#10386,.F.);
#10791 = PLANE('',#10792);
#10792 = AXIS2_PLACEMENT_3D('',#10793,#10794,#10795);
#10793 = CARTESIAN_POINT('',(-1.27,-1.524,0.));
#10794 = DIRECTION('',(1.,0.,0.));
#10795 = DIRECTION('',(0.,-1.,0.));
#10796 = ADVANCED_FACE('',(#10797),#10808,.F.);
#10797 = FACE_BOUND('',#10798,.F.);
#10798 = EDGE_LOOP('',(#10799,#10805,#10806,#10807));
#10799 = ORIENTED_EDGE('',*,*,#10800,.T.);
#10800 = EDGE_CURVE('',#10419,#10584,#10801,.T.);
#10801 = LINE('',#10802,#10803);
#10802 = CARTESIAN_POINT('',(1.27,-1.524,0.));
#10803 = VECTOR('',#10804,1.);
#10804 = DIRECTION('',(0.,0.,1.));
#10805 = ORIENTED_EDGE('',*,*,#10591,.T.);
#10806 = ORIENTED_EDGE('',*,*,#10766,.F.);
#10807 = ORIENTED_EDGE('',*,*,#10426,.F.);
#10808 = PLANE('',#10809);
#10809 = AXIS2_PLACEMENT_3D('',#10810,#10811,#10812);
#10810 = CARTESIAN_POINT('',(1.27,-1.524,0.));
#10811 = DIRECTION('',(-0.707106781187,-0.707106781187,0.));
#10812 = DIRECTION('',(-0.707106781187,0.707106781187,0.));
#10813 = ADVANCED_FACE('',(#10814),#10825,.F.);
#10814 = FACE_BOUND('',#10815,.F.);
#10815 = EDGE_LOOP('',(#10816,#10817,#10818,#10824));
#10816 = ORIENTED_EDGE('',*,*,#10785,.T.);
#10817 = ORIENTED_EDGE('',*,*,#10559,.T.);
#10818 = ORIENTED_EDGE('',*,*,#10819,.F.);
#10819 = EDGE_CURVE('',#10395,#10560,#10820,.T.);
#10820 = LINE('',#10821,#10822);
#10821 = CARTESIAN_POINT('',(-1.016,-3.81,0.));
#10822 = VECTOR('',#10823,1.);
#10823 = DIRECTION('',(0.,0.,1.));
#10824 = ORIENTED_EDGE('',*,*,#10394,.F.);
#10825 = PLANE('',#10826);
#10826 = AXIS2_PLACEMENT_3D('',#10827,#10828,#10829);
#10827 = CARTESIAN_POINT('',(-1.27,-3.556,0.));
#10828 = DIRECTION('',(0.707106781187,0.707106781187,0.));
#10829 = DIRECTION('',(0.707106781187,-0.707106781187,0.));
#10830 = ADVANCED_FACE('',(#10831),#10842,.F.);
#10831 = FACE_BOUND('',#10832,.F.);
#10832 = EDGE_LOOP('',(#10833,#10839,#10840,#10841));
#10833 = ORIENTED_EDGE('',*,*,#10834,.T.);
#10834 = EDGE_CURVE('',#10411,#10576,#10835,.T.);
#10835 = LINE('',#10836,#10837);
#10836 = CARTESIAN_POINT('',(1.27,-3.556,0.));
#10837 = VECTOR('',#10838,1.);
#10838 = DIRECTION('',(0.,0.,1.));
#10839 = ORIENTED_EDGE('',*,*,#10583,.T.);
#10840 = ORIENTED_EDGE('',*,*,#10800,.F.);
#10841 = ORIENTED_EDGE('',*,*,#10418,.F.);
#10842 = PLANE('',#10843);
#10843 = AXIS2_PLACEMENT_3D('',#10844,#10845,#10846);
#10844 = CARTESIAN_POINT('',(1.27,-3.556,0.));
#10845 = DIRECTION('',(-1.,0.,0.));
#10846 = DIRECTION('',(0.,1.,0.));
#10847 = ADVANCED_FACE('',(#10848),#10859,.F.);
#10848 = FACE_BOUND('',#10849,.F.);
#10849 = EDGE_LOOP('',(#10850,#10851,#10852,#10858));
#10850 = ORIENTED_EDGE('',*,*,#10819,.T.);
#10851 = ORIENTED_EDGE('',*,*,#10567,.T.);
#10852 = ORIENTED_EDGE('',*,*,#10853,.F.);
#10853 = EDGE_CURVE('',#10403,#10568,#10854,.T.);
#10854 = LINE('',#10855,#10856);
#10855 = CARTESIAN_POINT('',(1.016,-3.81,0.));
#10856 = VECTOR('',#10857,1.);
#10857 = DIRECTION('',(0.,0.,1.));
#10858 = ORIENTED_EDGE('',*,*,#10402,.F.);
#10859 = PLANE('',#10860);
#10860 = AXIS2_PLACEMENT_3D('',#10861,#10862,#10863);
#10861 = CARTESIAN_POINT('',(-1.016,-3.81,0.));
#10862 = DIRECTION('',(0.,1.,0.));
#10863 = DIRECTION('',(1.,0.,0.));
#10864 = ADVANCED_FACE('',(#10865),#10871,.F.);
#10865 = FACE_BOUND('',#10866,.F.);
#10866 = EDGE_LOOP('',(#10867,#10868,#10869,#10870));
#10867 = ORIENTED_EDGE('',*,*,#10853,.T.);
#10868 = ORIENTED_EDGE('',*,*,#10575,.T.);
#10869 = ORIENTED_EDGE('',*,*,#10834,.F.);
#10870 = ORIENTED_EDGE('',*,*,#10410,.F.);
#10871 = PLANE('',#10872);
#10872 = AXIS2_PLACEMENT_3D('',#10873,#10874,#10875);
#10873 = CARTESIAN_POINT('',(1.016,-3.81,0.));
#10874 = DIRECTION('',(-0.707106781187,0.707106781187,0.));
#10875 = DIRECTION('',(0.707106781187,0.707106781187,0.));
#10876 = ADVANCED_FACE('',(#10877),#10902,.F.);
#10877 = FACE_BOUND('',#10878,.F.);
#10878 = EDGE_LOOP('',(#10879,#10887,#10895,#10901));
#10879 = ORIENTED_EDGE('',*,*,#10880,.F.);
#10880 = EDGE_CURVE('',#10881,#10460,#10883,.T.);
#10881 = VERTEX_POINT('',#10882);
#10882 = CARTESIAN_POINT('',(0.32,-0.32,-2.84));
#10883 = LINE('',#10884,#10885);
#10884 = CARTESIAN_POINT('',(0.32,-0.32,-3.));
#10885 = VECTOR('',#10886,1.);
#10886 = DIRECTION('',(0.,0.,1.));
#10887 = ORIENTED_EDGE('',*,*,#10888,.F.);
#10888 = EDGE_CURVE('',#10889,#10881,#10891,.T.);
#10889 = VERTEX_POINT('',#10890);
#10890 = CARTESIAN_POINT('',(-0.32,-0.32,-2.84));
#10891 = LINE('',#10892,#10893);
#10892 = CARTESIAN_POINT('',(-0.32,-0.32,-2.84));
#10893 = VECTOR('',#10894,1.);
#10894 = DIRECTION('',(1.,0.,0.));
#10895 = ORIENTED_EDGE('',*,*,#10896,.T.);
#10896 = EDGE_CURVE('',#10889,#10462,#10897,.T.);
#10897 = LINE('',#10898,#10899);
#10898 = CARTESIAN_POINT('',(-0.32,-0.32,-3.));
#10899 = VECTOR('',#10900,1.);
#10900 = DIRECTION('',(0.,0.,1.));
#10901 = ORIENTED_EDGE('',*,*,#10459,.F.);
#10902 = PLANE('',#10903);
#10903 = AXIS2_PLACEMENT_3D('',#10904,#10905,#10906);
#10904 = CARTESIAN_POINT('',(-0.32,-0.32,-3.));
#10905 = DIRECTION('',(0.,1.,0.));
#10906 = DIRECTION('',(0.,-0.,1.));
#10907 = ADVANCED_FACE('',(#10908),#10926,.T.);
#10908 = FACE_BOUND('',#10909,.T.);
#10909 = EDGE_LOOP('',(#10910,#10911,#10919,#10925));
#10910 = ORIENTED_EDGE('',*,*,#10880,.F.);
#10911 = ORIENTED_EDGE('',*,*,#10912,.T.);
#10912 = EDGE_CURVE('',#10881,#10913,#10915,.T.);
#10913 = VERTEX_POINT('',#10914);
#10914 = CARTESIAN_POINT('',(0.32,0.32,-2.84));
#10915 = LINE('',#10916,#10917);
#10916 = CARTESIAN_POINT('',(0.32,-0.32,-2.84));
#10917 = VECTOR('',#10918,1.);
#10918 = DIRECTION('',(0.,1.,0.));
#10919 = ORIENTED_EDGE('',*,*,#10920,.T.);
#10920 = EDGE_CURVE('',#10913,#10478,#10921,.T.);
#10921 = LINE('',#10922,#10923);
#10922 = CARTESIAN_POINT('',(0.32,0.32,-3.));
#10923 = VECTOR('',#10924,1.);
#10924 = DIRECTION('',(0.,0.,1.));
#10925 = ORIENTED_EDGE('',*,*,#10485,.F.);
#10926 = PLANE('',#10927);
#10927 = AXIS2_PLACEMENT_3D('',#10928,#10929,#10930);
#10928 = CARTESIAN_POINT('',(0.32,-0.32,-3.));
#10929 = DIRECTION('',(1.,0.,0.));
#10930 = DIRECTION('',(0.,0.,1.));
#10931 = ADVANCED_FACE('',(#10932),#10950,.T.);
#10932 = FACE_BOUND('',#10933,.T.);
#10933 = EDGE_LOOP('',(#10934,#10935,#10943,#10949));
#10934 = ORIENTED_EDGE('',*,*,#10920,.F.);
#10935 = ORIENTED_EDGE('',*,*,#10936,.F.);
#10936 = EDGE_CURVE('',#10937,#10913,#10939,.T.);
#10937 = VERTEX_POINT('',#10938);
#10938 = CARTESIAN_POINT('',(-0.32,0.32,-2.84));
#10939 = LINE('',#10940,#10941);
#10940 = CARTESIAN_POINT('',(-0.32,0.32,-2.84));
#10941 = VECTOR('',#10942,1.);
#10942 = DIRECTION('',(1.,0.,0.));
#10943 = ORIENTED_EDGE('',*,*,#10944,.T.);
#10944 = EDGE_CURVE('',#10937,#10470,#10945,.T.);
#10945 = LINE('',#10946,#10947);
#10946 = CARTESIAN_POINT('',(-0.32,0.32,-3.));
#10947 = VECTOR('',#10948,1.);
#10948 = DIRECTION('',(0.,0.,1.));
#10949 = ORIENTED_EDGE('',*,*,#10477,.F.);
#10950 = PLANE('',#10951);
#10951 = AXIS2_PLACEMENT_3D('',#10952,#10953,#10954);
#10952 = CARTESIAN_POINT('',(-0.32,0.32,-3.));
#10953 = DIRECTION('',(0.,1.,0.));
#10954 = DIRECTION('',(0.,-0.,1.));
#10955 = ADVANCED_FACE('',(#10956),#10967,.F.);
#10956 = FACE_BOUND('',#10957,.F.);
#10957 = EDGE_LOOP('',(#10958,#10959,#10965,#10966));
#10958 = ORIENTED_EDGE('',*,*,#10896,.F.);
#10959 = ORIENTED_EDGE('',*,*,#10960,.T.);
#10960 = EDGE_CURVE('',#10889,#10937,#10961,.T.);
#10961 = LINE('',#10962,#10963);
#10962 = CARTESIAN_POINT('',(-0.32,-0.32,-2.84));
#10963 = VECTOR('',#10964,1.);
#10964 = DIRECTION('',(0.,1.,0.));
#10965 = ORIENTED_EDGE('',*,*,#10944,.T.);
#10966 = ORIENTED_EDGE('',*,*,#10469,.F.);
#10967 = PLANE('',#10968);
#10968 = AXIS2_PLACEMENT_3D('',#10969,#10970,#10971);
#10969 = CARTESIAN_POINT('',(-0.32,-0.32,-3.));
#10970 = DIRECTION('',(1.,0.,0.));
#10971 = DIRECTION('',(0.,0.,1.));
#10972 = ADVANCED_FACE('',(#10973),#10998,.F.);
#10973 = FACE_BOUND('',#10974,.F.);
#10974 = EDGE_LOOP('',(#10975,#10983,#10991,#10997));
#10975 = ORIENTED_EDGE('',*,*,#10976,.F.);
#10976 = EDGE_CURVE('',#10977,#10494,#10979,.T.);
#10977 = VERTEX_POINT('',#10978);
#10978 = CARTESIAN_POINT('',(0.32,-2.86,-2.84));
#10979 = LINE('',#10980,#10981);
#10980 = CARTESIAN_POINT('',(0.32,-2.86,-3.));
#10981 = VECTOR('',#10982,1.);
#10982 = DIRECTION('',(0.,0.,1.));
#10983 = ORIENTED_EDGE('',*,*,#10984,.F.);
#10984 = EDGE_CURVE('',#10985,#10977,#10987,.T.);
#10985 = VERTEX_POINT('',#10986);
#10986 = CARTESIAN_POINT('',(-0.32,-2.86,-2.84));
#10987 = LINE('',#10988,#10989);
#10988 = CARTESIAN_POINT('',(-0.32,-2.86,-2.84));
#10989 = VECTOR('',#10990,1.);
#10990 = DIRECTION('',(1.,0.,0.));
#10991 = ORIENTED_EDGE('',*,*,#10992,.T.);
#10992 = EDGE_CURVE('',#10985,#10496,#10993,.T.);
#10993 = LINE('',#10994,#10995);
#10994 = CARTESIAN_POINT('',(-0.32,-2.86,-3.));
#10995 = VECTOR('',#10996,1.);
#10996 = DIRECTION('',(0.,0.,1.));
#10997 = ORIENTED_EDGE('',*,*,#10493,.F.);
#10998 = PLANE('',#10999);
#10999 = AXIS2_PLACEMENT_3D('',#11000,#11001,#11002);
#11000 = CARTESIAN_POINT('',(-0.32,-2.86,-3.));
#11001 = DIRECTION('',(0.,1.,0.));
#11002 = DIRECTION('',(0.,-0.,1.));
#11003 = ADVANCED_FACE('',(#11004),#11022,.T.);
#11004 = FACE_BOUND('',#11005,.T.);
#11005 = EDGE_LOOP('',(#11006,#11007,#11015,#11021));
#11006 = ORIENTED_EDGE('',*,*,#10976,.F.);
#11007 = ORIENTED_EDGE('',*,*,#11008,.T.);
#11008 = EDGE_CURVE('',#10977,#11009,#11011,.T.);
#11009 = VERTEX_POINT('',#11010);
#11010 = CARTESIAN_POINT('',(0.32,-2.22,-2.84));
#11011 = LINE('',#11012,#11013);
#11012 = CARTESIAN_POINT('',(0.32,-2.86,-2.84));
#11013 = VECTOR('',#11014,1.);
#11014 = DIRECTION('',(0.,1.,0.));
#11015 = ORIENTED_EDGE('',*,*,#11016,.T.);
#11016 = EDGE_CURVE('',#11009,#10512,#11017,.T.);
#11017 = LINE('',#11018,#11019);
#11018 = CARTESIAN_POINT('',(0.32,-2.22,-3.));
#11019 = VECTOR('',#11020,1.);
#11020 = DIRECTION('',(0.,0.,1.));
#11021 = ORIENTED_EDGE('',*,*,#10519,.F.);
#11022 = PLANE('',#11023);
#11023 = AXIS2_PLACEMENT_3D('',#11024,#11025,#11026);
#11024 = CARTESIAN_POINT('',(0.32,-2.86,-3.));
#11025 = DIRECTION('',(1.,0.,0.));
#11026 = DIRECTION('',(0.,0.,1.));
#11027 = ADVANCED_FACE('',(#11028),#11046,.T.);
#11028 = FACE_BOUND('',#11029,.T.);
#11029 = EDGE_LOOP('',(#11030,#11031,#11039,#11045));
#11030 = ORIENTED_EDGE('',*,*,#11016,.F.);
#11031 = ORIENTED_EDGE('',*,*,#11032,.F.);
#11032 = EDGE_CURVE('',#11033,#11009,#11035,.T.);
#11033 = VERTEX_POINT('',#11034);
#11034 = CARTESIAN_POINT('',(-0.32,-2.22,-2.84));
#11035 = LINE('',#11036,#11037);
#11036 = CARTESIAN_POINT('',(-0.32,-2.22,-2.84));
#11037 = VECTOR('',#11038,1.);
#11038 = DIRECTION('',(1.,0.,0.));
#11039 = ORIENTED_EDGE('',*,*,#11040,.T.);
#11040 = EDGE_CURVE('',#11033,#10504,#11041,.T.);
#11041 = LINE('',#11042,#11043);
#11042 = CARTESIAN_POINT('',(-0.32,-2.22,-3.));
#11043 = VECTOR('',#11044,1.);
#11044 = DIRECTION('',(0.,0.,1.));
#11045 = ORIENTED_EDGE('',*,*,#10511,.F.);
#11046 = PLANE('',#11047);
#11047 = AXIS2_PLACEMENT_3D('',#11048,#11049,#11050);
#11048 = CARTESIAN_POINT('',(-0.32,-2.22,-3.));
#11049 = DIRECTION('',(0.,1.,0.));
#11050 = DIRECTION('',(0.,-0.,1.));
#11051 = ADVANCED_FACE('',(#11052),#11063,.F.);
#11052 = FACE_BOUND('',#11053,.F.);
#11053 = EDGE_LOOP('',(#11054,#11055,#11061,#11062));
#11054 = ORIENTED_EDGE('',*,*,#10992,.F.);
#11055 = ORIENTED_EDGE('',*,*,#11056,.T.);
#11056 = EDGE_CURVE('',#10985,#11033,#11057,.T.);
#11057 = LINE('',#11058,#11059);
#11058 = CARTESIAN_POINT('',(-0.32,-2.86,-2.84));
#11059 = VECTOR('',#11060,1.);
#11060 = DIRECTION('',(0.,1.,0.));
#11061 = ORIENTED_EDGE('',*,*,#11040,.T.);
#11062 = ORIENTED_EDGE('',*,*,#10503,.F.);
#11063 = PLANE('',#11064);
#11064 = AXIS2_PLACEMENT_3D('',#11065,#11066,#11067);
#11065 = CARTESIAN_POINT('',(-0.32,-2.86,-3.));
#11066 = DIRECTION('',(1.,0.,0.));
#11067 = DIRECTION('',(0.,0.,1.));
#11068 = ADVANCED_FACE('',(#11069),#11094,.F.);
#11069 = FACE_BOUND('',#11070,.F.);
#11070 = EDGE_LOOP('',(#11071,#11079,#11080,#11088));
#11071 = ORIENTED_EDGE('',*,*,#11072,.F.);
#11072 = EDGE_CURVE('',#10625,#11073,#11075,.T.);
#11073 = VERTEX_POINT('',#11074);
#11074 = CARTESIAN_POINT('',(0.32,-0.32,8.38));
#11075 = LINE('',#11076,#11077);
#11076 = CARTESIAN_POINT('',(0.32,-0.32,-3.));
#11077 = VECTOR('',#11078,1.);
#11078 = DIRECTION('',(0.,0.,1.));
#11079 = ORIENTED_EDGE('',*,*,#10624,.T.);
#11080 = ORIENTED_EDGE('',*,*,#11081,.T.);
#11081 = EDGE_CURVE('',#10627,#11082,#11084,.T.);
#11082 = VERTEX_POINT('',#11083);
#11083 = CARTESIAN_POINT('',(-0.32,-0.32,8.38));
#11084 = LINE('',#11085,#11086);
#11085 = CARTESIAN_POINT('',(-0.32,-0.32,-3.));
#11086 = VECTOR('',#11087,1.);
#11087 = DIRECTION('',(0.,0.,1.));
#11088 = ORIENTED_EDGE('',*,*,#11089,.T.);
#11089 = EDGE_CURVE('',#11082,#11073,#11090,.T.);
#11090 = LINE('',#11091,#11092);
#11091 = CARTESIAN_POINT('',(-0.32,-0.32,8.38));
#11092 = VECTOR('',#11093,1.);
#11093 = DIRECTION('',(1.,0.,0.));
#11094 = PLANE('',#11095);
#11095 = AXIS2_PLACEMENT_3D('',#11096,#11097,#11098);
#11096 = CARTESIAN_POINT('',(-0.32,-0.32,-3.));
#11097 = DIRECTION('',(0.,1.,0.));
#11098 = DIRECTION('',(0.,-0.,1.));
#11099 = ADVANCED_FACE('',(#11100),#11118,.T.);
#11100 = FACE_BOUND('',#11101,.T.);
#11101 = EDGE_LOOP('',(#11102,#11103,#11104,#11112));
#11102 = ORIENTED_EDGE('',*,*,#11072,.F.);
#11103 = ORIENTED_EDGE('',*,*,#10650,.T.);
#11104 = ORIENTED_EDGE('',*,*,#11105,.T.);
#11105 = EDGE_CURVE('',#10643,#11106,#11108,.T.);
#11106 = VERTEX_POINT('',#11107);
#11107 = CARTESIAN_POINT('',(0.32,0.32,8.38));
#11108 = LINE('',#11109,#11110);
#11109 = CARTESIAN_POINT('',(0.32,0.32,-3.));
#11110 = VECTOR('',#11111,1.);
#11111 = DIRECTION('',(0.,0.,1.));
#11112 = ORIENTED_EDGE('',*,*,#11113,.F.);
#11113 = EDGE_CURVE('',#11073,#11106,#11114,.T.);
#11114 = LINE('',#11115,#11116);
#11115 = CARTESIAN_POINT('',(0.32,-0.32,8.38));
#11116 = VECTOR('',#11117,1.);
#11117 = DIRECTION('',(0.,1.,0.));
#11118 = PLANE('',#11119);
#11119 = AXIS2_PLACEMENT_3D('',#11120,#11121,#11122);
#11120 = CARTESIAN_POINT('',(0.32,-0.32,-3.));
#11121 = DIRECTION('',(1.,0.,0.));
#11122 = DIRECTION('',(0.,0.,1.));
#11123 = ADVANCED_FACE('',(#11124),#11142,.T.);
#11124 = FACE_BOUND('',#11125,.T.);
#11125 = EDGE_LOOP('',(#11126,#11127,#11128,#11136));
#11126 = ORIENTED_EDGE('',*,*,#11105,.F.);
#11127 = ORIENTED_EDGE('',*,*,#10642,.T.);
#11128 = ORIENTED_EDGE('',*,*,#11129,.T.);
#11129 = EDGE_CURVE('',#10635,#11130,#11132,.T.);
#11130 = VERTEX_POINT('',#11131);
#11131 = CARTESIAN_POINT('',(-0.32,0.32,8.38));
#11132 = LINE('',#11133,#11134);
#11133 = CARTESIAN_POINT('',(-0.32,0.32,-3.));
#11134 = VECTOR('',#11135,1.);
#11135 = DIRECTION('',(0.,0.,1.));
#11136 = ORIENTED_EDGE('',*,*,#11137,.T.);
#11137 = EDGE_CURVE('',#11130,#11106,#11138,.T.);
#11138 = LINE('',#11139,#11140);
#11139 = CARTESIAN_POINT('',(-0.32,0.32,8.38));
#11140 = VECTOR('',#11141,1.);
#11141 = DIRECTION('',(1.,0.,0.));
#11142 = PLANE('',#11143);
#11143 = AXIS2_PLACEMENT_3D('',#11144,#11145,#11146);
#11144 = CARTESIAN_POINT('',(-0.32,0.32,-3.));
#11145 = DIRECTION('',(0.,1.,0.));
#11146 = DIRECTION('',(0.,-0.,1.));
#11147 = ADVANCED_FACE('',(#11148),#11159,.F.);
#11148 = FACE_BOUND('',#11149,.F.);
#11149 = EDGE_LOOP('',(#11150,#11151,#11152,#11153));
#11150 = ORIENTED_EDGE('',*,*,#11081,.F.);
#11151 = ORIENTED_EDGE('',*,*,#10634,.T.);
#11152 = ORIENTED_EDGE('',*,*,#11129,.T.);
#11153 = ORIENTED_EDGE('',*,*,#11154,.F.);
#11154 = EDGE_CURVE('',#11082,#11130,#11155,.T.);
#11155 = LINE('',#11156,#11157);
#11156 = CARTESIAN_POINT('',(-0.32,-0.32,8.38));
#11157 = VECTOR('',#11158,1.);
#11158 = DIRECTION('',(0.,1.,0.));
#11159 = PLANE('',#11160);
#11160 = AXIS2_PLACEMENT_3D('',#11161,#11162,#11163);
#11161 = CARTESIAN_POINT('',(-0.32,-0.32,-3.));
#11162 = DIRECTION('',(1.,0.,0.));
#11163 = DIRECTION('',(0.,0.,1.));
#11164 = ADVANCED_FACE('',(#11165),#11190,.F.);
#11165 = FACE_BOUND('',#11166,.F.);
#11166 = EDGE_LOOP('',(#11167,#11175,#11176,#11184));
#11167 = ORIENTED_EDGE('',*,*,#11168,.F.);
#11168 = EDGE_CURVE('',#10659,#11169,#11171,.T.);
#11169 = VERTEX_POINT('',#11170);
#11170 = CARTESIAN_POINT('',(0.32,-2.86,8.38));
#11171 = LINE('',#11172,#11173);
#11172 = CARTESIAN_POINT('',(0.32,-2.86,-3.));
#11173 = VECTOR('',#11174,1.);
#11174 = DIRECTION('',(0.,0.,1.));
#11175 = ORIENTED_EDGE('',*,*,#10658,.T.);
#11176 = ORIENTED_EDGE('',*,*,#11177,.T.);
#11177 = EDGE_CURVE('',#10661,#11178,#11180,.T.);
#11178 = VERTEX_POINT('',#11179);
#11179 = CARTESIAN_POINT('',(-0.32,-2.86,8.38));
#11180 = LINE('',#11181,#11182);
#11181 = CARTESIAN_POINT('',(-0.32,-2.86,-3.));
#11182 = VECTOR('',#11183,1.);
#11183 = DIRECTION('',(0.,0.,1.));
#11184 = ORIENTED_EDGE('',*,*,#11185,.T.);
#11185 = EDGE_CURVE('',#11178,#11169,#11186,.T.);
#11186 = LINE('',#11187,#11188);
#11187 = CARTESIAN_POINT('',(-0.32,-2.86,8.38));
#11188 = VECTOR('',#11189,1.);
#11189 = DIRECTION('',(1.,0.,0.));
#11190 = PLANE('',#11191);
#11191 = AXIS2_PLACEMENT_3D('',#11192,#11193,#11194);
#11192 = CARTESIAN_POINT('',(-0.32,-2.86,-3.));
#11193 = DIRECTION('',(0.,1.,0.));
#11194 = DIRECTION('',(0.,-0.,1.));
#11195 = ADVANCED_FACE('',(#11196),#11214,.T.);
#11196 = FACE_BOUND('',#11197,.T.);
#11197 = EDGE_LOOP('',(#11198,#11199,#11200,#11208));
#11198 = ORIENTED_EDGE('',*,*,#11168,.F.);
#11199 = ORIENTED_EDGE('',*,*,#10684,.T.);
#11200 = ORIENTED_EDGE('',*,*,#11201,.T.);
#11201 = EDGE_CURVE('',#10677,#11202,#11204,.T.);
#11202 = VERTEX_POINT('',#11203);
#11203 = CARTESIAN_POINT('',(0.32,-2.22,8.38));
#11204 = LINE('',#11205,#11206);
#11205 = CARTESIAN_POINT('',(0.32,-2.22,-3.));
#11206 = VECTOR('',#11207,1.);
#11207 = DIRECTION('',(0.,0.,1.));
#11208 = ORIENTED_EDGE('',*,*,#11209,.F.);
#11209 = EDGE_CURVE('',#11169,#11202,#11210,.T.);
#11210 = LINE('',#11211,#11212);
#11211 = CARTESIAN_POINT('',(0.32,-2.86,8.38));
#11212 = VECTOR('',#11213,1.);
#11213 = DIRECTION('',(0.,1.,0.));
#11214 = PLANE('',#11215);
#11215 = AXIS2_PLACEMENT_3D('',#11216,#11217,#11218);
#11216 = CARTESIAN_POINT('',(0.32,-2.86,-3.));
#11217 = DIRECTION('',(1.,0.,0.));
#11218 = DIRECTION('',(0.,0.,1.));
#11219 = ADVANCED_FACE('',(#11220),#11238,.T.);
#11220 = FACE_BOUND('',#11221,.T.);
#11221 = EDGE_LOOP('',(#11222,#11223,#11224,#11232));
#11222 = ORIENTED_EDGE('',*,*,#11201,.F.);
#11223 = ORIENTED_EDGE('',*,*,#10676,.T.);
#11224 = ORIENTED_EDGE('',*,*,#11225,.T.);
#11225 = EDGE_CURVE('',#10669,#11226,#11228,.T.);
#11226 = VERTEX_POINT('',#11227);
#11227 = CARTESIAN_POINT('',(-0.32,-2.22,8.38));
#11228 = LINE('',#11229,#11230);
#11229 = CARTESIAN_POINT('',(-0.32,-2.22,-3.));
#11230 = VECTOR('',#11231,1.);
#11231 = DIRECTION('',(0.,0.,1.));
#11232 = ORIENTED_EDGE('',*,*,#11233,.T.);
#11233 = EDGE_CURVE('',#11226,#11202,#11234,.T.);
#11234 = LINE('',#11235,#11236);
#11235 = CARTESIAN_POINT('',(-0.32,-2.22,8.38));
#11236 = VECTOR('',#11237,1.);
#11237 = DIRECTION('',(1.,0.,0.));
#11238 = PLANE('',#11239);
#11239 = AXIS2_PLACEMENT_3D('',#11240,#11241,#11242);
#11240 = CARTESIAN_POINT('',(-0.32,-2.22,-3.));
#11241 = DIRECTION('',(0.,1.,0.));
#11242 = DIRECTION('',(0.,-0.,1.));
#11243 = ADVANCED_FACE('',(#11244),#11255,.F.);
#11244 = FACE_BOUND('',#11245,.F.);
#11245 = EDGE_LOOP('',(#11246,#11247,#11248,#11249));
#11246 = ORIENTED_EDGE('',*,*,#11177,.F.);
#11247 = ORIENTED_EDGE('',*,*,#10668,.T.);
#11248 = ORIENTED_EDGE('',*,*,#11225,.T.);
#11249 = ORIENTED_EDGE('',*,*,#11250,.F.);
#11250 = EDGE_CURVE('',#11178,#11226,#11251,.T.);
#11251 = LINE('',#11252,#11253);
#11252 = CARTESIAN_POINT('',(-0.32,-2.86,8.38));
#11253 = VECTOR('',#11254,1.);
#11254 = DIRECTION('',(0.,1.,0.));
#11255 = PLANE('',#11256);
#11256 = AXIS2_PLACEMENT_3D('',#11257,#11258,#11259);
#11257 = CARTESIAN_POINT('',(-0.32,-2.86,-3.));
#11258 = DIRECTION('',(1.,0.,0.));
#11259 = DIRECTION('',(0.,0.,1.));
#11260 = ADVANCED_FACE('',(#11261),#11286,.T.);
#11261 = FACE_BOUND('',#11262,.F.);
#11262 = EDGE_LOOP('',(#11263,#11271,#11272,#11280));
#11263 = ORIENTED_EDGE('',*,*,#11264,.F.);
#11264 = EDGE_CURVE('',#10889,#11265,#11267,.T.);
#11265 = VERTEX_POINT('',#11266);
#11266 = CARTESIAN_POINT('',(-0.16,-0.16,-3.));
#11267 = LINE('',#11268,#11269);
#11268 = CARTESIAN_POINT('',(-0.266666666667,-0.266666666667,
    -2.893333333333));
#11269 = VECTOR('',#11270,1.);
#11270 = DIRECTION('',(0.57735026919,0.57735026919,-0.57735026919));
#11271 = ORIENTED_EDGE('',*,*,#10888,.T.);
#11272 = ORIENTED_EDGE('',*,*,#11273,.T.);
#11273 = EDGE_CURVE('',#10881,#11274,#11276,.T.);
#11274 = VERTEX_POINT('',#11275);
#11275 = CARTESIAN_POINT('',(0.16,-0.16,-3.));
#11276 = LINE('',#11277,#11278);
#11277 = CARTESIAN_POINT('',(0.16,-0.16,-3.));
#11278 = VECTOR('',#11279,1.);
#11279 = DIRECTION('',(-0.57735026919,0.57735026919,-0.57735026919));
#11280 = ORIENTED_EDGE('',*,*,#11281,.F.);
#11281 = EDGE_CURVE('',#11265,#11274,#11282,.T.);
#11282 = LINE('',#11283,#11284);
#11283 = CARTESIAN_POINT('',(-0.32,-0.16,-3.));
#11284 = VECTOR('',#11285,1.);
#11285 = DIRECTION('',(1.,0.,0.));
#11286 = PLANE('',#11287);
#11287 = AXIS2_PLACEMENT_3D('',#11288,#11289,#11290);
#11288 = CARTESIAN_POINT('',(-0.32,-0.24,-2.92));
#11289 = DIRECTION('',(1.735167508357E-18,-0.707106781187,
    -0.707106781187));
#11290 = DIRECTION('',(-1.,-1.226948711654E-18,-1.226948711654E-18));
#11291 = ADVANCED_FACE('',(#11292),#11310,.F.);
#11292 = FACE_BOUND('',#11293,.F.);
#11293 = EDGE_LOOP('',(#11294,#11295,#11296,#11304));
#11294 = ORIENTED_EDGE('',*,*,#11273,.F.);
#11295 = ORIENTED_EDGE('',*,*,#10912,.T.);
#11296 = ORIENTED_EDGE('',*,*,#11297,.T.);
#11297 = EDGE_CURVE('',#10913,#11298,#11300,.T.);
#11298 = VERTEX_POINT('',#11299);
#11299 = CARTESIAN_POINT('',(0.16,0.16,-3.));
#11300 = LINE('',#11301,#11302);
#11301 = CARTESIAN_POINT('',(5.333333333333E-02,5.333333333333E-02,
    -3.106666666667));
#11302 = VECTOR('',#11303,1.);
#11303 = DIRECTION('',(-0.57735026919,-0.57735026919,-0.57735026919));
#11304 = ORIENTED_EDGE('',*,*,#11305,.F.);
#11305 = EDGE_CURVE('',#11274,#11298,#11306,.T.);
#11306 = LINE('',#11307,#11308);
#11307 = CARTESIAN_POINT('',(0.16,-0.32,-3.));
#11308 = VECTOR('',#11309,1.);
#11309 = DIRECTION('',(0.,1.,0.));
#11310 = PLANE('',#11311);
#11311 = AXIS2_PLACEMENT_3D('',#11312,#11313,#11314);
#11312 = CARTESIAN_POINT('',(0.24,-0.32,-2.92));
#11313 = DIRECTION('',(-0.707106781187,1.735167508357E-18,0.707106781187
    ));
#11314 = DIRECTION('',(1.226948711654E-18,1.,-1.226948711654E-18));
#11315 = ADVANCED_FACE('',(#11316),#11334,.F.);
#11316 = FACE_BOUND('',#11317,.T.);
#11317 = EDGE_LOOP('',(#11318,#11326,#11327,#11328));
#11318 = ORIENTED_EDGE('',*,*,#11319,.F.);
#11319 = EDGE_CURVE('',#10937,#11320,#11322,.T.);
#11320 = VERTEX_POINT('',#11321);
#11321 = CARTESIAN_POINT('',(-0.16,0.16,-3.));
#11322 = LINE('',#11323,#11324);
#11323 = CARTESIAN_POINT('',(-0.16,0.16,-3.));
#11324 = VECTOR('',#11325,1.);
#11325 = DIRECTION('',(0.57735026919,-0.57735026919,-0.57735026919));
#11326 = ORIENTED_EDGE('',*,*,#10936,.T.);
#11327 = ORIENTED_EDGE('',*,*,#11297,.T.);
#11328 = ORIENTED_EDGE('',*,*,#11329,.F.);
#11329 = EDGE_CURVE('',#11320,#11298,#11330,.T.);
#11330 = LINE('',#11331,#11332);
#11331 = CARTESIAN_POINT('',(-0.32,0.16,-3.));
#11332 = VECTOR('',#11333,1.);
#11333 = DIRECTION('',(1.,0.,0.));
#11334 = PLANE('',#11335);
#11335 = AXIS2_PLACEMENT_3D('',#11336,#11337,#11338);
#11336 = CARTESIAN_POINT('',(-0.32,0.24,-2.92));
#11337 = DIRECTION('',(-1.735167508357E-18,-0.707106781187,
    0.707106781187));
#11338 = DIRECTION('',(-1.,1.226948711654E-18,-1.226948711654E-18));
#11339 = ADVANCED_FACE('',(#11340),#11351,.T.);
#11340 = FACE_BOUND('',#11341,.T.);
#11341 = EDGE_LOOP('',(#11342,#11343,#11344,#11345));
#11342 = ORIENTED_EDGE('',*,*,#11264,.F.);
#11343 = ORIENTED_EDGE('',*,*,#10960,.T.);
#11344 = ORIENTED_EDGE('',*,*,#11319,.T.);
#11345 = ORIENTED_EDGE('',*,*,#11346,.F.);
#11346 = EDGE_CURVE('',#11265,#11320,#11347,.T.);
#11347 = LINE('',#11348,#11349);
#11348 = CARTESIAN_POINT('',(-0.16,-0.32,-3.));
#11349 = VECTOR('',#11350,1.);
#11350 = DIRECTION('',(0.,1.,0.));
#11351 = PLANE('',#11352);
#11352 = AXIS2_PLACEMENT_3D('',#11353,#11354,#11355);
#11353 = CARTESIAN_POINT('',(-0.24,-0.32,-2.92));
#11354 = DIRECTION('',(-0.707106781187,-1.735167508357E-18,
    -0.707106781187));
#11355 = DIRECTION('',(-1.226948711654E-18,1.,-1.226948711654E-18));
#11356 = ADVANCED_FACE('',(#11357),#11382,.T.);
#11357 = FACE_BOUND('',#11358,.F.);
#11358 = EDGE_LOOP('',(#11359,#11367,#11368,#11376));
#11359 = ORIENTED_EDGE('',*,*,#11360,.F.);
#11360 = EDGE_CURVE('',#10985,#11361,#11363,.T.);
#11361 = VERTEX_POINT('',#11362);
#11362 = CARTESIAN_POINT('',(-0.16,-2.7,-3.));
#11363 = LINE('',#11364,#11365);
#11364 = CARTESIAN_POINT('',(-0.266666666667,-2.806666666667,
    -2.893333333333));
#11365 = VECTOR('',#11366,1.);
#11366 = DIRECTION('',(0.57735026919,0.57735026919,-0.57735026919));
#11367 = ORIENTED_EDGE('',*,*,#10984,.T.);
#11368 = ORIENTED_EDGE('',*,*,#11369,.T.);
#11369 = EDGE_CURVE('',#10977,#11370,#11372,.T.);
#11370 = VERTEX_POINT('',#11371);
#11371 = CARTESIAN_POINT('',(0.16,-2.7,-3.));
#11372 = LINE('',#11373,#11374);
#11373 = CARTESIAN_POINT('',(0.16,-2.7,-3.));
#11374 = VECTOR('',#11375,1.);
#11375 = DIRECTION('',(-0.57735026919,0.57735026919,-0.57735026919));
#11376 = ORIENTED_EDGE('',*,*,#11377,.F.);
#11377 = EDGE_CURVE('',#11361,#11370,#11378,.T.);
#11378 = LINE('',#11379,#11380);
#11379 = CARTESIAN_POINT('',(-0.32,-2.7,-3.));
#11380 = VECTOR('',#11381,1.);
#11381 = DIRECTION('',(1.,0.,0.));
#11382 = PLANE('',#11383);
#11383 = AXIS2_PLACEMENT_3D('',#11384,#11385,#11386);
#11384 = CARTESIAN_POINT('',(-0.32,-2.78,-2.92));
#11385 = DIRECTION('',(1.735167508357E-18,-0.707106781187,
    -0.707106781187));
#11386 = DIRECTION('',(-1.,-1.226948711654E-18,-1.226948711654E-18));
#11387 = ADVANCED_FACE('',(#11388),#11406,.F.);
#11388 = FACE_BOUND('',#11389,.F.);
#11389 = EDGE_LOOP('',(#11390,#11391,#11392,#11400));
#11390 = ORIENTED_EDGE('',*,*,#11369,.F.);
#11391 = ORIENTED_EDGE('',*,*,#11008,.T.);
#11392 = ORIENTED_EDGE('',*,*,#11393,.T.);
#11393 = EDGE_CURVE('',#11009,#11394,#11396,.T.);
#11394 = VERTEX_POINT('',#11395);
#11395 = CARTESIAN_POINT('',(0.16,-2.38,-3.));
#11396 = LINE('',#11397,#11398);
#11397 = CARTESIAN_POINT('',(5.333333333333E-02,-2.486666666667,
    -3.106666666667));
#11398 = VECTOR('',#11399,1.);
#11399 = DIRECTION('',(-0.57735026919,-0.57735026919,-0.57735026919));
#11400 = ORIENTED_EDGE('',*,*,#11401,.F.);
#11401 = EDGE_CURVE('',#11370,#11394,#11402,.T.);
#11402 = LINE('',#11403,#11404);
#11403 = CARTESIAN_POINT('',(0.16,-2.86,-3.));
#11404 = VECTOR('',#11405,1.);
#11405 = DIRECTION('',(0.,1.,0.));
#11406 = PLANE('',#11407);
#11407 = AXIS2_PLACEMENT_3D('',#11408,#11409,#11410);
#11408 = CARTESIAN_POINT('',(0.24,-2.86,-2.92));
#11409 = DIRECTION('',(-0.707106781187,1.735167508357E-18,0.707106781187
    ));
#11410 = DIRECTION('',(1.226948711654E-18,1.,-1.226948711654E-18));
#11411 = ADVANCED_FACE('',(#11412),#11430,.F.);
#11412 = FACE_BOUND('',#11413,.T.);
#11413 = EDGE_LOOP('',(#11414,#11422,#11423,#11424));
#11414 = ORIENTED_EDGE('',*,*,#11415,.F.);
#11415 = EDGE_CURVE('',#11033,#11416,#11418,.T.);
#11416 = VERTEX_POINT('',#11417);
#11417 = CARTESIAN_POINT('',(-0.16,-2.38,-3.));
#11418 = LINE('',#11419,#11420);
#11419 = CARTESIAN_POINT('',(-0.16,-2.38,-3.));
#11420 = VECTOR('',#11421,1.);
#11421 = DIRECTION('',(0.57735026919,-0.57735026919,-0.57735026919));
#11422 = ORIENTED_EDGE('',*,*,#11032,.T.);
#11423 = ORIENTED_EDGE('',*,*,#11393,.T.);
#11424 = ORIENTED_EDGE('',*,*,#11425,.F.);
#11425 = EDGE_CURVE('',#11416,#11394,#11426,.T.);
#11426 = LINE('',#11427,#11428);
#11427 = CARTESIAN_POINT('',(-0.32,-2.38,-3.));
#11428 = VECTOR('',#11429,1.);
#11429 = DIRECTION('',(1.,0.,0.));
#11430 = PLANE('',#11431);
#11431 = AXIS2_PLACEMENT_3D('',#11432,#11433,#11434);
#11432 = CARTESIAN_POINT('',(-0.32,-2.3,-2.92));
#11433 = DIRECTION('',(-1.735167508357E-18,-0.707106781187,
    0.707106781187));
#11434 = DIRECTION('',(-1.,1.226948711654E-18,-1.226948711654E-18));
#11435 = ADVANCED_FACE('',(#11436),#11447,.T.);
#11436 = FACE_BOUND('',#11437,.T.);
#11437 = EDGE_LOOP('',(#11438,#11439,#11440,#11441));
#11438 = ORIENTED_EDGE('',*,*,#11360,.F.);
#11439 = ORIENTED_EDGE('',*,*,#11056,.T.);
#11440 = ORIENTED_EDGE('',*,*,#11415,.T.);
#11441 = ORIENTED_EDGE('',*,*,#11442,.F.);
#11442 = EDGE_CURVE('',#11361,#11416,#11443,.T.);
#11443 = LINE('',#11444,#11445);
#11444 = CARTESIAN_POINT('',(-0.16,-2.86,-3.));
#11445 = VECTOR('',#11446,1.);
#11446 = DIRECTION('',(0.,1.,0.));
#11447 = PLANE('',#11448);
#11448 = AXIS2_PLACEMENT_3D('',#11449,#11450,#11451);
#11449 = CARTESIAN_POINT('',(-0.24,-2.86,-2.92));
#11450 = DIRECTION('',(-0.707106781187,-1.735167508357E-18,
    -0.707106781187));
#11451 = DIRECTION('',(-1.226948711654E-18,1.,-1.226948711654E-18));
#11452 = ADVANCED_FACE('',(#11453),#11478,.F.);
#11453 = FACE_BOUND('',#11454,.T.);
#11454 = EDGE_LOOP('',(#11455,#11463,#11464,#11472));
#11455 = ORIENTED_EDGE('',*,*,#11456,.F.);
#11456 = EDGE_CURVE('',#11082,#11457,#11459,.T.);
#11457 = VERTEX_POINT('',#11458);
#11458 = CARTESIAN_POINT('',(-0.16,-0.16,8.54));
#11459 = LINE('',#11460,#11461);
#11460 = CARTESIAN_POINT('',(-0.266666666667,-0.266666666667,
    8.433333333333));
#11461 = VECTOR('',#11462,1.);
#11462 = DIRECTION('',(0.57735026919,0.57735026919,0.57735026919));
#11463 = ORIENTED_EDGE('',*,*,#11089,.T.);
#11464 = ORIENTED_EDGE('',*,*,#11465,.T.);
#11465 = EDGE_CURVE('',#11073,#11466,#11468,.T.);
#11466 = VERTEX_POINT('',#11467);
#11467 = CARTESIAN_POINT('',(0.16,-0.16,8.54));
#11468 = LINE('',#11469,#11470);
#11469 = CARTESIAN_POINT('',(0.16,-0.16,8.54));
#11470 = VECTOR('',#11471,1.);
#11471 = DIRECTION('',(-0.57735026919,0.57735026919,0.57735026919));
#11472 = ORIENTED_EDGE('',*,*,#11473,.F.);
#11473 = EDGE_CURVE('',#11457,#11466,#11474,.T.);
#11474 = LINE('',#11475,#11476);
#11475 = CARTESIAN_POINT('',(-0.32,-0.16,8.54));
#11476 = VECTOR('',#11477,1.);
#11477 = DIRECTION('',(1.,0.,0.));
#11478 = PLANE('',#11479);
#11479 = AXIS2_PLACEMENT_3D('',#11480,#11481,#11482);
#11480 = CARTESIAN_POINT('',(-0.32,-0.24,8.46));
#11481 = DIRECTION('',(-1.735167508357E-18,0.707106781187,
    -0.707106781187));
#11482 = DIRECTION('',(-1.,-1.226948711654E-18,1.226948711654E-18));
#11483 = ADVANCED_FACE('',(#11484),#11502,.T.);
#11484 = FACE_BOUND('',#11485,.T.);
#11485 = EDGE_LOOP('',(#11486,#11487,#11488,#11496));
#11486 = ORIENTED_EDGE('',*,*,#11465,.F.);
#11487 = ORIENTED_EDGE('',*,*,#11113,.T.);
#11488 = ORIENTED_EDGE('',*,*,#11489,.T.);
#11489 = EDGE_CURVE('',#11106,#11490,#11492,.T.);
#11490 = VERTEX_POINT('',#11491);
#11491 = CARTESIAN_POINT('',(0.16,0.16,8.54));
#11492 = LINE('',#11493,#11494);
#11493 = CARTESIAN_POINT('',(5.333333333333E-02,5.333333333333E-02,
    8.646666666667));
#11494 = VECTOR('',#11495,1.);
#11495 = DIRECTION('',(-0.57735026919,-0.57735026919,0.57735026919));
#11496 = ORIENTED_EDGE('',*,*,#11497,.F.);
#11497 = EDGE_CURVE('',#11466,#11490,#11498,.T.);
#11498 = LINE('',#11499,#11500);
#11499 = CARTESIAN_POINT('',(0.16,-0.32,8.54));
#11500 = VECTOR('',#11501,1.);
#11501 = DIRECTION('',(0.,1.,0.));
#11502 = PLANE('',#11503);
#11503 = AXIS2_PLACEMENT_3D('',#11504,#11505,#11506);
#11504 = CARTESIAN_POINT('',(0.24,-0.32,8.46));
#11505 = DIRECTION('',(0.707106781187,-1.735167508357E-18,0.707106781187
    ));
#11506 = DIRECTION('',(1.226948711654E-18,1.,1.226948711654E-18));
#11507 = ADVANCED_FACE('',(#11508),#11526,.T.);
#11508 = FACE_BOUND('',#11509,.F.);
#11509 = EDGE_LOOP('',(#11510,#11518,#11519,#11520));
#11510 = ORIENTED_EDGE('',*,*,#11511,.F.);
#11511 = EDGE_CURVE('',#11130,#11512,#11514,.T.);
#11512 = VERTEX_POINT('',#11513);
#11513 = CARTESIAN_POINT('',(-0.16,0.16,8.54));
#11514 = LINE('',#11515,#11516);
#11515 = CARTESIAN_POINT('',(-0.16,0.16,8.54));
#11516 = VECTOR('',#11517,1.);
#11517 = DIRECTION('',(0.57735026919,-0.57735026919,0.57735026919));
#11518 = ORIENTED_EDGE('',*,*,#11137,.T.);
#11519 = ORIENTED_EDGE('',*,*,#11489,.T.);
#11520 = ORIENTED_EDGE('',*,*,#11521,.F.);
#11521 = EDGE_CURVE('',#11512,#11490,#11522,.T.);
#11522 = LINE('',#11523,#11524);
#11523 = CARTESIAN_POINT('',(-0.32,0.16,8.54));
#11524 = VECTOR('',#11525,1.);
#11525 = DIRECTION('',(1.,0.,0.));
#11526 = PLANE('',#11527);
#11527 = AXIS2_PLACEMENT_3D('',#11528,#11529,#11530);
#11528 = CARTESIAN_POINT('',(-0.32,0.24,8.46));
#11529 = DIRECTION('',(1.735167508357E-18,0.707106781187,0.707106781187)
  );
#11530 = DIRECTION('',(-1.,1.226948711654E-18,1.226948711654E-18));
#11531 = ADVANCED_FACE('',(#11532),#11543,.F.);
#11532 = FACE_BOUND('',#11533,.F.);
#11533 = EDGE_LOOP('',(#11534,#11535,#11536,#11537));
#11534 = ORIENTED_EDGE('',*,*,#11456,.F.);
#11535 = ORIENTED_EDGE('',*,*,#11154,.T.);
#11536 = ORIENTED_EDGE('',*,*,#11511,.T.);
#11537 = ORIENTED_EDGE('',*,*,#11538,.F.);
#11538 = EDGE_CURVE('',#11457,#11512,#11539,.T.);
#11539 = LINE('',#11540,#11541);
#11540 = CARTESIAN_POINT('',(-0.16,-0.32,8.54));
#11541 = VECTOR('',#11542,1.);
#11542 = DIRECTION('',(0.,1.,0.));
#11543 = PLANE('',#11544);
#11544 = AXIS2_PLACEMENT_3D('',#11545,#11546,#11547);
#11545 = CARTESIAN_POINT('',(-0.24,-0.32,8.46));
#11546 = DIRECTION('',(0.707106781187,1.735167508357E-18,-0.707106781187
    ));
#11547 = DIRECTION('',(-1.226948711654E-18,1.,1.226948711654E-18));
#11548 = ADVANCED_FACE('',(#11549),#11574,.F.);
#11549 = FACE_BOUND('',#11550,.T.);
#11550 = EDGE_LOOP('',(#11551,#11559,#11560,#11568));
#11551 = ORIENTED_EDGE('',*,*,#11552,.F.);
#11552 = EDGE_CURVE('',#11178,#11553,#11555,.T.);
#11553 = VERTEX_POINT('',#11554);
#11554 = CARTESIAN_POINT('',(-0.16,-2.7,8.54));
#11555 = LINE('',#11556,#11557);
#11556 = CARTESIAN_POINT('',(-0.266666666667,-2.806666666667,
    8.433333333333));
#11557 = VECTOR('',#11558,1.);
#11558 = DIRECTION('',(0.57735026919,0.57735026919,0.57735026919));
#11559 = ORIENTED_EDGE('',*,*,#11185,.T.);
#11560 = ORIENTED_EDGE('',*,*,#11561,.T.);
#11561 = EDGE_CURVE('',#11169,#11562,#11564,.T.);
#11562 = VERTEX_POINT('',#11563);
#11563 = CARTESIAN_POINT('',(0.16,-2.7,8.54));
#11564 = LINE('',#11565,#11566);
#11565 = CARTESIAN_POINT('',(0.16,-2.7,8.54));
#11566 = VECTOR('',#11567,1.);
#11567 = DIRECTION('',(-0.57735026919,0.57735026919,0.57735026919));
#11568 = ORIENTED_EDGE('',*,*,#11569,.F.);
#11569 = EDGE_CURVE('',#11553,#11562,#11570,.T.);
#11570 = LINE('',#11571,#11572);
#11571 = CARTESIAN_POINT('',(-0.32,-2.7,8.54));
#11572 = VECTOR('',#11573,1.);
#11573 = DIRECTION('',(1.,0.,0.));
#11574 = PLANE('',#11575);
#11575 = AXIS2_PLACEMENT_3D('',#11576,#11577,#11578);
#11576 = CARTESIAN_POINT('',(-0.32,-2.78,8.46));
#11577 = DIRECTION('',(-1.735167508357E-18,0.707106781187,
    -0.707106781187));
#11578 = DIRECTION('',(-1.,-1.226948711654E-18,1.226948711654E-18));
#11579 = ADVANCED_FACE('',(#11580),#11598,.T.);
#11580 = FACE_BOUND('',#11581,.T.);
#11581 = EDGE_LOOP('',(#11582,#11583,#11584,#11592));
#11582 = ORIENTED_EDGE('',*,*,#11561,.F.);
#11583 = ORIENTED_EDGE('',*,*,#11209,.T.);
#11584 = ORIENTED_EDGE('',*,*,#11585,.T.);
#11585 = EDGE_CURVE('',#11202,#11586,#11588,.T.);
#11586 = VERTEX_POINT('',#11587);
#11587 = CARTESIAN_POINT('',(0.16,-2.38,8.54));
#11588 = LINE('',#11589,#11590);
#11589 = CARTESIAN_POINT('',(5.333333333333E-02,-2.486666666667,
    8.646666666667));
#11590 = VECTOR('',#11591,1.);
#11591 = DIRECTION('',(-0.57735026919,-0.57735026919,0.57735026919));
#11592 = ORIENTED_EDGE('',*,*,#11593,.F.);
#11593 = EDGE_CURVE('',#11562,#11586,#11594,.T.);
#11594 = LINE('',#11595,#11596);
#11595 = CARTESIAN_POINT('',(0.16,-2.86,8.54));
#11596 = VECTOR('',#11597,1.);
#11597 = DIRECTION('',(0.,1.,0.));
#11598 = PLANE('',#11599);
#11599 = AXIS2_PLACEMENT_3D('',#11600,#11601,#11602);
#11600 = CARTESIAN_POINT('',(0.24,-2.86,8.46));
#11601 = DIRECTION('',(0.707106781187,-1.735167508357E-18,0.707106781187
    ));
#11602 = DIRECTION('',(1.226948711654E-18,1.,1.226948711654E-18));
#11603 = ADVANCED_FACE('',(#11604),#11622,.T.);
#11604 = FACE_BOUND('',#11605,.F.);
#11605 = EDGE_LOOP('',(#11606,#11614,#11615,#11616));
#11606 = ORIENTED_EDGE('',*,*,#11607,.F.);
#11607 = EDGE_CURVE('',#11226,#11608,#11610,.T.);
#11608 = VERTEX_POINT('',#11609);
#11609 = CARTESIAN_POINT('',(-0.16,-2.38,8.54));
#11610 = LINE('',#11611,#11612);
#11611 = CARTESIAN_POINT('',(-0.16,-2.38,8.54));
#11612 = VECTOR('',#11613,1.);
#11613 = DIRECTION('',(0.57735026919,-0.57735026919,0.57735026919));
#11614 = ORIENTED_EDGE('',*,*,#11233,.T.);
#11615 = ORIENTED_EDGE('',*,*,#11585,.T.);
#11616 = ORIENTED_EDGE('',*,*,#11617,.F.);
#11617 = EDGE_CURVE('',#11608,#11586,#11618,.T.);
#11618 = LINE('',#11619,#11620);
#11619 = CARTESIAN_POINT('',(-0.32,-2.38,8.54));
#11620 = VECTOR('',#11621,1.);
#11621 = DIRECTION('',(1.,0.,0.));
#11622 = PLANE('',#11623);
#11623 = AXIS2_PLACEMENT_3D('',#11624,#11625,#11626);
#11624 = CARTESIAN_POINT('',(-0.32,-2.3,8.46));
#11625 = DIRECTION('',(1.735167508357E-18,0.707106781187,0.707106781187)
  );
#11626 = DIRECTION('',(-1.,1.226948711654E-18,1.226948711654E-18));
#11627 = ADVANCED_FACE('',(#11628),#11639,.F.);
#11628 = FACE_BOUND('',#11629,.F.);
#11629 = EDGE_LOOP('',(#11630,#11631,#11632,#11633));
#11630 = ORIENTED_EDGE('',*,*,#11552,.F.);
#11631 = ORIENTED_EDGE('',*,*,#11250,.T.);
#11632 = ORIENTED_EDGE('',*,*,#11607,.T.);
#11633 = ORIENTED_EDGE('',*,*,#11634,.F.);
#11634 = EDGE_CURVE('',#11553,#11608,#11635,.T.);
#11635 = LINE('',#11636,#11637);
#11636 = CARTESIAN_POINT('',(-0.16,-2.86,8.54));
#11637 = VECTOR('',#11638,1.);
#11638 = DIRECTION('',(0.,1.,0.));
#11639 = PLANE('',#11640);
#11640 = AXIS2_PLACEMENT_3D('',#11641,#11642,#11643);
#11641 = CARTESIAN_POINT('',(-0.24,-2.86,8.46));
#11642 = DIRECTION('',(0.707106781187,1.735167508357E-18,-0.707106781187
    ));
#11643 = DIRECTION('',(-1.226948711654E-18,1.,1.226948711654E-18));
#11644 = ADVANCED_FACE('',(#11645),#11651,.F.);
#11645 = FACE_BOUND('',#11646,.F.);
#11646 = EDGE_LOOP('',(#11647,#11648,#11649,#11650));
#11647 = ORIENTED_EDGE('',*,*,#11346,.F.);
#11648 = ORIENTED_EDGE('',*,*,#11281,.T.);
#11649 = ORIENTED_EDGE('',*,*,#11305,.T.);
#11650 = ORIENTED_EDGE('',*,*,#11329,.F.);
#11651 = PLANE('',#11652);
#11652 = AXIS2_PLACEMENT_3D('',#11653,#11654,#11655);
#11653 = CARTESIAN_POINT('',(-0.32,-0.32,-3.));
#11654 = DIRECTION('',(0.,0.,1.));
#11655 = DIRECTION('',(1.,0.,-0.));
#11656 = ADVANCED_FACE('',(#11657),#11663,.F.);
#11657 = FACE_BOUND('',#11658,.F.);
#11658 = EDGE_LOOP('',(#11659,#11660,#11661,#11662));
#11659 = ORIENTED_EDGE('',*,*,#11442,.F.);
#11660 = ORIENTED_EDGE('',*,*,#11377,.T.);
#11661 = ORIENTED_EDGE('',*,*,#11401,.T.);
#11662 = ORIENTED_EDGE('',*,*,#11425,.F.);
#11663 = PLANE('',#11664);
#11664 = AXIS2_PLACEMENT_3D('',#11665,#11666,#11667);
#11665 = CARTESIAN_POINT('',(-0.32,-2.86,-3.));
#11666 = DIRECTION('',(0.,0.,1.));
#11667 = DIRECTION('',(1.,0.,-0.));
#11668 = ADVANCED_FACE('',(#11669),#11675,.T.);
#11669 = FACE_BOUND('',#11670,.T.);
#11670 = EDGE_LOOP('',(#11671,#11672,#11673,#11674));
#11671 = ORIENTED_EDGE('',*,*,#11521,.F.);
#11672 = ORIENTED_EDGE('',*,*,#11538,.F.);
#11673 = ORIENTED_EDGE('',*,*,#11473,.T.);
#11674 = ORIENTED_EDGE('',*,*,#11497,.T.);
#11675 = PLANE('',#11676);
#11676 = AXIS2_PLACEMENT_3D('',#11677,#11678,#11679);
#11677 = CARTESIAN_POINT('',(-0.32,-0.32,8.54));
#11678 = DIRECTION('',(0.,0.,1.));
#11679 = DIRECTION('',(1.,0.,-0.));
#11680 = ADVANCED_FACE('',(#11681),#11687,.T.);
#11681 = FACE_BOUND('',#11682,.T.);
#11682 = EDGE_LOOP('',(#11683,#11684,#11685,#11686));
#11683 = ORIENTED_EDGE('',*,*,#11617,.F.);
#11684 = ORIENTED_EDGE('',*,*,#11634,.F.);
#11685 = ORIENTED_EDGE('',*,*,#11569,.T.);
#11686 = ORIENTED_EDGE('',*,*,#11593,.T.);
#11687 = PLANE('',#11688);
#11688 = AXIS2_PLACEMENT_3D('',#11689,#11690,#11691);
#11689 = CARTESIAN_POINT('',(-0.32,-2.86,8.54));
#11690 = DIRECTION('',(0.,0.,1.));
#11691 = DIRECTION('',(1.,0.,-0.));
#11692 = ( GEOMETRIC_REPRESENTATION_CONTEXT(3) 
GLOBAL_UNCERTAINTY_ASSIGNED_CONTEXT((#11696)) 
GLOBAL_UNIT_ASSIGNED_CONTEXT((#11693,#11694,#11695)) 
REPRESENTATION_CONTEXT('Context #1',
  '3D Context with UNIT and UNCERTAINTY') );
#11693 = ( LENGTH_UNIT() NAMED_UNIT(*) SI_UNIT(.MILLI.,.METRE.) );
#11694 = ( NAMED_UNIT(*) PLANE_ANGLE_UNIT() SI_UNIT($,.RADIAN.) );
#11695 = ( NAMED_UNIT(*) SI_UNIT($,.STERADIAN.) SOLID_ANGLE_UNIT() );
#11696 = UNCERTAINTY_MEASURE_WITH_UNIT(LENGTH_MEASURE(1.E-07),#11693,
  'distance_accuracy_value','confusion accuracy');
#11697 = CONTEXT_DEPENDENT_SHAPE_REPRESENTATION(#11698,#11700);
#11698 = ( REPRESENTATION_RELATIONSHIP('','',#10259,#10236) 
REPRESENTATION_RELATIONSHIP_WITH_TRANSFORMATION(#11699) 
SHAPE_REPRESENTATION_RELATIONSHIP() );
#11699 = ITEM_DEFINED_TRANSFORMATION('','',#11,#10237);
#11700 = PRODUCT_DEFINITION_SHAPE('Placement','Placement of an item',
  #11701);
#11701 = NEXT_ASSEMBLY_USAGE_OCCURRENCE('21','=>[0:1:1:11]','',#10231,
  #10254,$);
#11702 = PRODUCT_RELATED_PRODUCT_CATEGORY('part',$,(#10256));
#11703 = CONTEXT_DEPENDENT_SHAPE_REPRESENTATION(#11704,#11706);
#11704 = ( REPRESENTATION_RELATIONSHIP('','',#112,#10) 
REPRESENTATION_RELATIONSHIP_WITH_TRANSFORMATION(#11705) 
SHAPE_REPRESENTATION_RELATIONSHIP() );
#11705 = ITEM_DEFINED_TRANSFORMATION('','',#11,#83);
#11706 = PRODUCT_DEFINITION_SHAPE('Placement','Placement of an item',
  #11707);
#11707 = NEXT_ASSEMBLY_USAGE_OCCURRENCE('23','C2','',#5,#107,$);
#11708 = CONTEXT_DEPENDENT_SHAPE_REPRESENTATION(#11709,#11711);
#11709 = ( REPRESENTATION_RELATIONSHIP('','',#10236,#10) 
REPRESENTATION_RELATIONSHIP_WITH_TRANSFORMATION(#11710) 
SHAPE_REPRESENTATION_RELATIONSHIP() );
#11710 = ITEM_DEFINED_TRANSFORMATION('','',#11,#87);
#11711 = PRODUCT_DEFINITION_SHAPE('Placement','Placement of an item',
  #11712);
#11712 = NEXT_ASSEMBLY_USAGE_OCCURRENCE('24','J3','',#5,#10231,$);
#11713 = CONTEXT_DEPENDENT_SHAPE_REPRESENTATION(#11714,#11716);
#11714 = ( REPRESENTATION_RELATIONSHIP('','',#1013,#10) 
REPRESENTATION_RELATIONSHIP_WITH_TRANSFORMATION(#11715) 
SHAPE_REPRESENTATION_RELATIONSHIP() );
#11715 = ITEM_DEFINED_TRANSFORMATION('','',#11,#91);
#11716 = PRODUCT_DEFINITION_SHAPE('Placement','Placement of an item',
  #11717);
#11717 = NEXT_ASSEMBLY_USAGE_OCCURRENCE('25','R4','',#5,#1008,$);
#11718 = SHAPE_DEFINITION_REPRESENTATION(#11719,#11725);
#11719 = PRODUCT_DEFINITION_SHAPE('','',#11720);
#11720 = PRODUCT_DEFINITION('design','',#11721,#11724);
#11721 = PRODUCT_DEFINITION_FORMATION('','',#11722);
#11722 = PRODUCT('first_proj_PCB','first_proj_PCB','',(#11723));
#11723 = PRODUCT_CONTEXT('',#2,'mechanical');
#11724 = PRODUCT_DEFINITION_CONTEXT('part definition',#2,'design');
#11725 = ADVANCED_BREP_SHAPE_REPRESENTATION('',(#11,#11726),#13748);
#11726 = MANIFOLD_SOLID_BREP('',#11727);
#11727 = CLOSED_SHELL('',(#11728,#11768,#11799,#11830,#12375,#12920,
    #12932,#12949,#12966,#12983,#13000,#13017,#13034,#13051,#13068,
    #13085,#13102,#13119,#13136,#13153,#13170,#13187,#13204,#13221,
    #13238,#13255,#13272,#13289,#13306,#13323,#13340,#13357,#13374,
    #13391,#13408,#13425,#13442,#13459,#13476,#13493,#13510,#13527,
    #13544,#13561,#13578,#13595,#13612,#13629,#13646,#13663,#13680,
    #13697,#13714,#13731));
#11728 = ADVANCED_FACE('',(#11729),#11763,.T.);
#11729 = FACE_BOUND('',#11730,.T.);
#11730 = EDGE_LOOP('',(#11731,#11741,#11749,#11757));
#11731 = ORIENTED_EDGE('',*,*,#11732,.T.);
#11732 = EDGE_CURVE('',#11733,#11735,#11737,.T.);
#11733 = VERTEX_POINT('',#11734);
#11734 = CARTESIAN_POINT('',(160.,-110.,0.));
#11735 = VERTEX_POINT('',#11736);
#11736 = CARTESIAN_POINT('',(160.,-110.,1.6));
#11737 = LINE('',#11738,#11739);
#11738 = CARTESIAN_POINT('',(160.,-110.,0.));
#11739 = VECTOR('',#11740,1.);
#11740 = DIRECTION('',(0.,0.,1.));
#11741 = ORIENTED_EDGE('',*,*,#11742,.T.);
#11742 = EDGE_CURVE('',#11735,#11743,#11745,.T.);
#11743 = VERTEX_POINT('',#11744);
#11744 = CARTESIAN_POINT('',(100.,-110.,1.6));
#11745 = LINE('',#11746,#11747);
#11746 = CARTESIAN_POINT('',(160.,-110.,1.6));
#11747 = VECTOR('',#11748,1.);
#11748 = DIRECTION('',(-1.,0.,0.));
#11749 = ORIENTED_EDGE('',*,*,#11750,.F.);
#11750 = EDGE_CURVE('',#11751,#11743,#11753,.T.);
#11751 = VERTEX_POINT('',#11752);
#11752 = CARTESIAN_POINT('',(100.,-110.,0.));
#11753 = LINE('',#11754,#11755);
#11754 = CARTESIAN_POINT('',(100.,-110.,0.));
#11755 = VECTOR('',#11756,1.);
#11756 = DIRECTION('',(0.,0.,1.));
#11757 = ORIENTED_EDGE('',*,*,#11758,.F.);
#11758 = EDGE_CURVE('',#11733,#11751,#11759,.T.);
#11759 = LINE('',#11760,#11761);
#11760 = CARTESIAN_POINT('',(160.,-110.,0.));
#11761 = VECTOR('',#11762,1.);
#11762 = DIRECTION('',(-1.,0.,0.));
#11763 = PLANE('',#11764);
#11764 = AXIS2_PLACEMENT_3D('',#11765,#11766,#11767);
#11765 = CARTESIAN_POINT('',(160.,-110.,0.));
#11766 = DIRECTION('',(0.,-1.,0.));
#11767 = DIRECTION('',(-1.,0.,0.));
#11768 = ADVANCED_FACE('',(#11769),#11794,.T.);
#11769 = FACE_BOUND('',#11770,.T.);
#11770 = EDGE_LOOP('',(#11771,#11781,#11787,#11788));
#11771 = ORIENTED_EDGE('',*,*,#11772,.T.);
#11772 = EDGE_CURVE('',#11773,#11775,#11777,.T.);
#11773 = VERTEX_POINT('',#11774);
#11774 = CARTESIAN_POINT('',(160.,-50.,0.));
#11775 = VERTEX_POINT('',#11776);
#11776 = CARTESIAN_POINT('',(160.,-50.,1.6));
#11777 = LINE('',#11778,#11779);
#11778 = CARTESIAN_POINT('',(160.,-50.,0.));
#11779 = VECTOR('',#11780,1.);
#11780 = DIRECTION('',(0.,0.,1.));
#11781 = ORIENTED_EDGE('',*,*,#11782,.T.);
#11782 = EDGE_CURVE('',#11775,#11735,#11783,.T.);
#11783 = LINE('',#11784,#11785);
#11784 = CARTESIAN_POINT('',(160.,-50.,1.6));
#11785 = VECTOR('',#11786,1.);
#11786 = DIRECTION('',(0.,-1.,0.));
#11787 = ORIENTED_EDGE('',*,*,#11732,.F.);
#11788 = ORIENTED_EDGE('',*,*,#11789,.F.);
#11789 = EDGE_CURVE('',#11773,#11733,#11790,.T.);
#11790 = LINE('',#11791,#11792);
#11791 = CARTESIAN_POINT('',(160.,-50.,0.));
#11792 = VECTOR('',#11793,1.);
#11793 = DIRECTION('',(0.,-1.,0.));
#11794 = PLANE('',#11795);
#11795 = AXIS2_PLACEMENT_3D('',#11796,#11797,#11798);
#11796 = CARTESIAN_POINT('',(160.,-50.,0.));
#11797 = DIRECTION('',(1.,0.,-0.));
#11798 = DIRECTION('',(0.,-1.,0.));
#11799 = ADVANCED_FACE('',(#11800),#11825,.T.);
#11800 = FACE_BOUND('',#11801,.T.);
#11801 = EDGE_LOOP('',(#11802,#11803,#11811,#11819));
#11802 = ORIENTED_EDGE('',*,*,#11750,.T.);
#11803 = ORIENTED_EDGE('',*,*,#11804,.T.);
#11804 = EDGE_CURVE('',#11743,#11805,#11807,.T.);
#11805 = VERTEX_POINT('',#11806);
#11806 = CARTESIAN_POINT('',(100.,-50.,1.6));
#11807 = LINE('',#11808,#11809);
#11808 = CARTESIAN_POINT('',(100.,-110.,1.6));
#11809 = VECTOR('',#11810,1.);
#11810 = DIRECTION('',(0.,1.,0.));
#11811 = ORIENTED_EDGE('',*,*,#11812,.F.);
#11812 = EDGE_CURVE('',#11813,#11805,#11815,.T.);
#11813 = VERTEX_POINT('',#11814);
#11814 = CARTESIAN_POINT('',(100.,-50.,0.));
#11815 = LINE('',#11816,#11817);
#11816 = CARTESIAN_POINT('',(100.,-50.,0.));
#11817 = VECTOR('',#11818,1.);
#11818 = DIRECTION('',(0.,0.,1.));
#11819 = ORIENTED_EDGE('',*,*,#11820,.F.);
#11820 = EDGE_CURVE('',#11751,#11813,#11821,.T.);
#11821 = LINE('',#11822,#11823);
#11822 = CARTESIAN_POINT('',(100.,-110.,0.));
#11823 = VECTOR('',#11824,1.);
#11824 = DIRECTION('',(0.,1.,0.));
#11825 = PLANE('',#11826);
#11826 = AXIS2_PLACEMENT_3D('',#11827,#11828,#11829);
#11827 = CARTESIAN_POINT('',(100.,-110.,0.));
#11828 = DIRECTION('',(-1.,0.,0.));
#11829 = DIRECTION('',(0.,1.,0.));
#11830 = ADVANCED_FACE('',(#11831,#11842,#11853,#11864,#11875,#11886,
    #11897,#11908,#11919,#11930,#11941,#11952,#11963,#11974,#11985,
    #11996,#12007,#12018,#12029,#12040,#12051,#12062,#12073,#12084,
    #12095,#12106,#12117,#12128,#12139,#12150,#12161,#12172,#12183,
    #12194,#12205,#12216,#12227,#12238,#12249,#12260,#12271,#12282,
    #12293,#12304,#12315,#12326,#12337,#12348,#12359),#12370,.F.);
#11831 = FACE_BOUND('',#11832,.F.);
#11832 = EDGE_LOOP('',(#11833,#11834,#11835,#11841));
#11833 = ORIENTED_EDGE('',*,*,#11758,.F.);
#11834 = ORIENTED_EDGE('',*,*,#11789,.F.);
#11835 = ORIENTED_EDGE('',*,*,#11836,.F.);
#11836 = EDGE_CURVE('',#11813,#11773,#11837,.T.);
#11837 = LINE('',#11838,#11839);
#11838 = CARTESIAN_POINT('',(100.,-50.,0.));
#11839 = VECTOR('',#11840,1.);
#11840 = DIRECTION('',(1.,0.,0.));
#11841 = ORIENTED_EDGE('',*,*,#11820,.F.);
#11842 = FACE_BOUND('',#11843,.F.);
#11843 = EDGE_LOOP('',(#11844));
#11844 = ORIENTED_EDGE('',*,*,#11845,.T.);
#11845 = EDGE_CURVE('',#11846,#11846,#11848,.T.);
#11846 = VERTEX_POINT('',#11847);
#11847 = CARTESIAN_POINT('',(103.302944,-106.947056,0.));
#11848 = CIRCLE('',#11849,0.25);
#11849 = AXIS2_PLACEMENT_3D('',#11850,#11851,#11852);
#11850 = CARTESIAN_POINT('',(103.302944,-106.697056,0.));
#11851 = DIRECTION('',(-0.,0.,-1.));
#11852 = DIRECTION('',(-0.,-1.,0.));
#11853 = FACE_BOUND('',#11854,.F.);
#11854 = EDGE_LOOP('',(#11855));
#11855 = ORIENTED_EDGE('',*,*,#11856,.T.);
#11856 = EDGE_CURVE('',#11857,#11857,#11859,.T.);
#11857 = VERTEX_POINT('',#11858);
#11858 = CARTESIAN_POINT('',(105.,-107.65,0.));
#11859 = CIRCLE('',#11860,0.25);
#11860 = AXIS2_PLACEMENT_3D('',#11861,#11862,#11863);
#11861 = CARTESIAN_POINT('',(105.,-107.4,0.));
#11862 = DIRECTION('',(-0.,0.,-1.));
#11863 = DIRECTION('',(-0.,-1.,0.));
#11864 = FACE_BOUND('',#11865,.F.);
#11865 = EDGE_LOOP('',(#11866));
#11866 = ORIENTED_EDGE('',*,*,#11867,.T.);
#11867 = EDGE_CURVE('',#11868,#11868,#11870,.T.);
#11868 = VERTEX_POINT('',#11869);
#11869 = CARTESIAN_POINT('',(102.6,-105.25,0.));
#11870 = CIRCLE('',#11871,0.25);
#11871 = AXIS2_PLACEMENT_3D('',#11872,#11873,#11874);
#11872 = CARTESIAN_POINT('',(102.6,-105.,0.));
#11873 = DIRECTION('',(-0.,0.,-1.));
#11874 = DIRECTION('',(-0.,-1.,0.));
#11875 = FACE_BOUND('',#11876,.F.);
#11876 = EDGE_LOOP('',(#11877));
#11877 = ORIENTED_EDGE('',*,*,#11878,.T.);
#11878 = EDGE_CURVE('',#11879,#11879,#11881,.T.);
#11879 = VERTEX_POINT('',#11880);
#11880 = CARTESIAN_POINT('',(105.,-106.6,0.));
#11881 = CIRCLE('',#11882,1.6);
#11882 = AXIS2_PLACEMENT_3D('',#11883,#11884,#11885);
#11883 = CARTESIAN_POINT('',(105.,-105.,0.));
#11884 = DIRECTION('',(-0.,0.,-1.));
#11885 = DIRECTION('',(-0.,-1.,0.));
#11886 = FACE_BOUND('',#11887,.F.);
#11887 = EDGE_LOOP('',(#11888));
#11888 = ORIENTED_EDGE('',*,*,#11889,.T.);
#11889 = EDGE_CURVE('',#11890,#11890,#11892,.T.);
#11890 = VERTEX_POINT('',#11891);
#11891 = CARTESIAN_POINT('',(106.697056,-106.947056,0.));
#11892 = CIRCLE('',#11893,0.25);
#11893 = AXIS2_PLACEMENT_3D('',#11894,#11895,#11896);
#11894 = CARTESIAN_POINT('',(106.697056,-106.697056,0.));
#11895 = DIRECTION('',(-0.,0.,-1.));
#11896 = DIRECTION('',(-0.,-1.,0.));
#11897 = FACE_BOUND('',#11898,.F.);
#11898 = EDGE_LOOP('',(#11899));
#11899 = ORIENTED_EDGE('',*,*,#11900,.T.);
#11900 = EDGE_CURVE('',#11901,#11901,#11903,.T.);
#11901 = VERTEX_POINT('',#11902);
#11902 = CARTESIAN_POINT('',(107.4,-105.25,0.));
#11903 = CIRCLE('',#11904,0.25);
#11904 = AXIS2_PLACEMENT_3D('',#11905,#11906,#11907);
#11905 = CARTESIAN_POINT('',(107.4,-105.,0.));
#11906 = DIRECTION('',(-0.,0.,-1.));
#11907 = DIRECTION('',(-0.,-1.,0.));
#11908 = FACE_BOUND('',#11909,.F.);
#11909 = EDGE_LOOP('',(#11910));
#11910 = ORIENTED_EDGE('',*,*,#11911,.T.);
#11911 = EDGE_CURVE('',#11912,#11912,#11914,.T.);
#11912 = VERTEX_POINT('',#11913);
#11913 = CARTESIAN_POINT('',(103.302944,-103.552944,0.));
#11914 = CIRCLE('',#11915,0.25);
#11915 = AXIS2_PLACEMENT_3D('',#11916,#11917,#11918);
#11916 = CARTESIAN_POINT('',(103.302944,-103.302944,0.));
#11917 = DIRECTION('',(-0.,0.,-1.));
#11918 = DIRECTION('',(-0.,-1.,0.));
#11919 = FACE_BOUND('',#11920,.F.);
#11920 = EDGE_LOOP('',(#11921));
#11921 = ORIENTED_EDGE('',*,*,#11922,.T.);
#11922 = EDGE_CURVE('',#11923,#11923,#11925,.T.);
#11923 = VERTEX_POINT('',#11924);
#11924 = CARTESIAN_POINT('',(105.,-102.85,0.));
#11925 = CIRCLE('',#11926,0.25);
#11926 = AXIS2_PLACEMENT_3D('',#11927,#11928,#11929);
#11927 = CARTESIAN_POINT('',(105.,-102.6,0.));
#11928 = DIRECTION('',(-0.,0.,-1.));
#11929 = DIRECTION('',(-0.,-1.,0.));
#11930 = FACE_BOUND('',#11931,.F.);
#11931 = EDGE_LOOP('',(#11932));
#11932 = ORIENTED_EDGE('',*,*,#11933,.T.);
#11933 = EDGE_CURVE('',#11934,#11934,#11936,.T.);
#11934 = VERTEX_POINT('',#11935);
#11935 = CARTESIAN_POINT('',(106.697056,-103.552944,0.));
#11936 = CIRCLE('',#11937,0.25);
#11937 = AXIS2_PLACEMENT_3D('',#11938,#11939,#11940);
#11938 = CARTESIAN_POINT('',(106.697056,-103.302944,0.));
#11939 = DIRECTION('',(-0.,0.,-1.));
#11940 = DIRECTION('',(-0.,-1.,0.));
#11941 = FACE_BOUND('',#11942,.F.);
#11942 = EDGE_LOOP('',(#11943));
#11943 = ORIENTED_EDGE('',*,*,#11944,.T.);
#11944 = EDGE_CURVE('',#11945,#11945,#11947,.T.);
#11945 = VERTEX_POINT('',#11946);
#11946 = CARTESIAN_POINT('',(114.,-106.04,0.));
#11947 = CIRCLE('',#11948,0.5);
#11948 = AXIS2_PLACEMENT_3D('',#11949,#11950,#11951);
#11949 = CARTESIAN_POINT('',(114.,-105.54,0.));
#11950 = DIRECTION('',(-0.,0.,-1.));
#11951 = DIRECTION('',(-0.,-1.,0.));
#11952 = FACE_BOUND('',#11953,.F.);
#11953 = EDGE_LOOP('',(#11954));
#11954 = ORIENTED_EDGE('',*,*,#11955,.T.);
#11955 = EDGE_CURVE('',#11956,#11956,#11958,.T.);
#11956 = VERTEX_POINT('',#11957);
#11957 = CARTESIAN_POINT('',(114.,-103.5,0.));
#11958 = CIRCLE('',#11959,0.5);
#11959 = AXIS2_PLACEMENT_3D('',#11960,#11961,#11962);
#11960 = CARTESIAN_POINT('',(114.,-103.,0.));
#11961 = DIRECTION('',(-0.,0.,-1.));
#11962 = DIRECTION('',(-0.,-1.,0.));
#11963 = FACE_BOUND('',#11964,.F.);
#11964 = EDGE_LOOP('',(#11965));
#11965 = ORIENTED_EDGE('',*,*,#11966,.T.);
#11966 = EDGE_CURVE('',#11967,#11967,#11969,.T.);
#11967 = VERTEX_POINT('',#11968);
#11968 = CARTESIAN_POINT('',(119.5,-106.04,0.));
#11969 = CIRCLE('',#11970,0.5);
#11970 = AXIS2_PLACEMENT_3D('',#11971,#11972,#11973);
#11971 = CARTESIAN_POINT('',(119.5,-105.54,0.));
#11972 = DIRECTION('',(-0.,0.,-1.));
#11973 = DIRECTION('',(-0.,-1.,0.));
#11974 = FACE_BOUND('',#11975,.F.);
#11975 = EDGE_LOOP('',(#11976));
#11976 = ORIENTED_EDGE('',*,*,#11977,.T.);
#11977 = EDGE_CURVE('',#11978,#11978,#11980,.T.);
#11978 = VERTEX_POINT('',#11979);
#11979 = CARTESIAN_POINT('',(119.5,-103.5,0.));
#11980 = CIRCLE('',#11981,0.5);
#11981 = AXIS2_PLACEMENT_3D('',#11982,#11983,#11984);
#11982 = CARTESIAN_POINT('',(119.5,-103.,0.));
#11983 = DIRECTION('',(-0.,0.,-1.));
#11984 = DIRECTION('',(-0.,-1.,0.));
#11985 = FACE_BOUND('',#11986,.F.);
#11986 = EDGE_LOOP('',(#11987));
#11987 = ORIENTED_EDGE('',*,*,#11988,.T.);
#11988 = EDGE_CURVE('',#11989,#11989,#11991,.T.);
#11989 = VERTEX_POINT('',#11990);
#11990 = CARTESIAN_POINT('',(114.96,-85.495,0.));
#11991 = CIRCLE('',#11992,0.445);
#11992 = AXIS2_PLACEMENT_3D('',#11993,#11994,#11995);
#11993 = CARTESIAN_POINT('',(114.96,-85.05,0.));
#11994 = DIRECTION('',(-0.,0.,-1.));
#11995 = DIRECTION('',(-3.193450497798E-14,-1.,0.));
#11996 = FACE_BOUND('',#11997,.F.);
#11997 = EDGE_LOOP('',(#11998));
#11998 = ORIENTED_EDGE('',*,*,#11999,.T.);
#11999 = EDGE_CURVE('',#12000,#12000,#12002,.T.);
#12000 = VERTEX_POINT('',#12001);
#12001 = CARTESIAN_POINT('',(117.5,-85.495,0.));
#12002 = CIRCLE('',#12003,0.445);
#12003 = AXIS2_PLACEMENT_3D('',#12004,#12005,#12006);
#12004 = CARTESIAN_POINT('',(117.5,-85.05,0.));
#12005 = DIRECTION('',(-0.,0.,-1.));
#12006 = DIRECTION('',(-0.,-1.,0.));
#12007 = FACE_BOUND('',#12008,.F.);
#12008 = EDGE_LOOP('',(#12009));
#12009 = ORIENTED_EDGE('',*,*,#12010,.T.);
#12010 = EDGE_CURVE('',#12011,#12011,#12013,.T.);
#12011 = VERTEX_POINT('',#12012);
#12012 = CARTESIAN_POINT('',(153.302944,-106.947056,0.));
#12013 = CIRCLE('',#12014,0.25);
#12014 = AXIS2_PLACEMENT_3D('',#12015,#12016,#12017);
#12015 = CARTESIAN_POINT('',(153.302944,-106.697056,0.));
#12016 = DIRECTION('',(-0.,0.,-1.));
#12017 = DIRECTION('',(-0.,-1.,0.));
#12018 = FACE_BOUND('',#12019,.F.);
#12019 = EDGE_LOOP('',(#12020));
#12020 = ORIENTED_EDGE('',*,*,#12021,.T.);
#12021 = EDGE_CURVE('',#12022,#12022,#12024,.T.);
#12022 = VERTEX_POINT('',#12023);
#12023 = CARTESIAN_POINT('',(152.6,-105.25,0.));
#12024 = CIRCLE('',#12025,0.25);
#12025 = AXIS2_PLACEMENT_3D('',#12026,#12027,#12028);
#12026 = CARTESIAN_POINT('',(152.6,-105.,0.));
#12027 = DIRECTION('',(-0.,0.,-1.));
#12028 = DIRECTION('',(-0.,-1.,0.));
#12029 = FACE_BOUND('',#12030,.F.);
#12030 = EDGE_LOOP('',(#12031));
#12031 = ORIENTED_EDGE('',*,*,#12032,.T.);
#12032 = EDGE_CURVE('',#12033,#12033,#12035,.T.);
#12033 = VERTEX_POINT('',#12034);
#12034 = CARTESIAN_POINT('',(155.,-107.65,0.));
#12035 = CIRCLE('',#12036,0.25);
#12036 = AXIS2_PLACEMENT_3D('',#12037,#12038,#12039);
#12037 = CARTESIAN_POINT('',(155.,-107.4,0.));
#12038 = DIRECTION('',(-0.,0.,-1.));
#12039 = DIRECTION('',(-0.,-1.,0.));
#12040 = FACE_BOUND('',#12041,.F.);
#12041 = EDGE_LOOP('',(#12042));
#12042 = ORIENTED_EDGE('',*,*,#12043,.T.);
#12043 = EDGE_CURVE('',#12044,#12044,#12046,.T.);
#12044 = VERTEX_POINT('',#12045);
#12045 = CARTESIAN_POINT('',(156.697056,-106.947056,0.));
#12046 = CIRCLE('',#12047,0.25);
#12047 = AXIS2_PLACEMENT_3D('',#12048,#12049,#12050);
#12048 = CARTESIAN_POINT('',(156.697056,-106.697056,0.));
#12049 = DIRECTION('',(-0.,0.,-1.));
#12050 = DIRECTION('',(-0.,-1.,0.));
#12051 = FACE_BOUND('',#12052,.F.);
#12052 = EDGE_LOOP('',(#12053));
#12053 = ORIENTED_EDGE('',*,*,#12054,.T.);
#12054 = EDGE_CURVE('',#12055,#12055,#12057,.T.);
#12055 = VERTEX_POINT('',#12056);
#12056 = CARTESIAN_POINT('',(155.,-106.6,0.));
#12057 = CIRCLE('',#12058,1.6);
#12058 = AXIS2_PLACEMENT_3D('',#12059,#12060,#12061);
#12059 = CARTESIAN_POINT('',(155.,-105.,0.));
#12060 = DIRECTION('',(-0.,0.,-1.));
#12061 = DIRECTION('',(-0.,-1.,0.));
#12062 = FACE_BOUND('',#12063,.F.);
#12063 = EDGE_LOOP('',(#12064));
#12064 = ORIENTED_EDGE('',*,*,#12065,.T.);
#12065 = EDGE_CURVE('',#12066,#12066,#12068,.T.);
#12066 = VERTEX_POINT('',#12067);
#12067 = CARTESIAN_POINT('',(157.4,-105.25,0.));
#12068 = CIRCLE('',#12069,0.25);
#12069 = AXIS2_PLACEMENT_3D('',#12070,#12071,#12072);
#12070 = CARTESIAN_POINT('',(157.4,-105.,0.));
#12071 = DIRECTION('',(-0.,0.,-1.));
#12072 = DIRECTION('',(-0.,-1.,0.));
#12073 = FACE_BOUND('',#12074,.F.);
#12074 = EDGE_LOOP('',(#12075));
#12075 = ORIENTED_EDGE('',*,*,#12076,.T.);
#12076 = EDGE_CURVE('',#12077,#12077,#12079,.T.);
#12077 = VERTEX_POINT('',#12078);
#12078 = CARTESIAN_POINT('',(153.302944,-103.552944,0.));
#12079 = CIRCLE('',#12080,0.25);
#12080 = AXIS2_PLACEMENT_3D('',#12081,#12082,#12083);
#12081 = CARTESIAN_POINT('',(153.302944,-103.302944,0.));
#12082 = DIRECTION('',(-0.,0.,-1.));
#12083 = DIRECTION('',(-0.,-1.,0.));
#12084 = FACE_BOUND('',#12085,.F.);
#12085 = EDGE_LOOP('',(#12086));
#12086 = ORIENTED_EDGE('',*,*,#12087,.T.);
#12087 = EDGE_CURVE('',#12088,#12088,#12090,.T.);
#12088 = VERTEX_POINT('',#12089);
#12089 = CARTESIAN_POINT('',(155.,-102.85,0.));
#12090 = CIRCLE('',#12091,0.25);
#12091 = AXIS2_PLACEMENT_3D('',#12092,#12093,#12094);
#12092 = CARTESIAN_POINT('',(155.,-102.6,0.));
#12093 = DIRECTION('',(-0.,0.,-1.));
#12094 = DIRECTION('',(-0.,-1.,0.));
#12095 = FACE_BOUND('',#12096,.F.);
#12096 = EDGE_LOOP('',(#12097));
#12097 = ORIENTED_EDGE('',*,*,#12098,.T.);
#12098 = EDGE_CURVE('',#12099,#12099,#12101,.T.);
#12099 = VERTEX_POINT('',#12100);
#12100 = CARTESIAN_POINT('',(156.697056,-103.552944,0.));
#12101 = CIRCLE('',#12102,0.25);
#12102 = AXIS2_PLACEMENT_3D('',#12103,#12104,#12105);
#12103 = CARTESIAN_POINT('',(156.697056,-103.302944,0.));
#12104 = DIRECTION('',(-0.,0.,-1.));
#12105 = DIRECTION('',(-0.,-1.,0.));
#12106 = FACE_BOUND('',#12107,.F.);
#12107 = EDGE_LOOP('',(#12108));
#12108 = ORIENTED_EDGE('',*,*,#12109,.T.);
#12109 = EDGE_CURVE('',#12110,#12110,#12112,.T.);
#12110 = VERTEX_POINT('',#12111);
#12111 = CARTESIAN_POINT('',(132.46,-85.495,0.));
#12112 = CIRCLE('',#12113,0.445);
#12113 = AXIS2_PLACEMENT_3D('',#12114,#12115,#12116);
#12114 = CARTESIAN_POINT('',(132.46,-85.05,0.));
#12115 = DIRECTION('',(-0.,0.,-1.));
#12116 = DIRECTION('',(6.386900995596E-14,-1.,-0.));
#12117 = FACE_BOUND('',#12118,.F.);
#12118 = EDGE_LOOP('',(#12119));
#12119 = ORIENTED_EDGE('',*,*,#12120,.T.);
#12120 = EDGE_CURVE('',#12121,#12121,#12123,.T.);
#12121 = VERTEX_POINT('',#12122);
#12122 = CARTESIAN_POINT('',(135.,-85.495,0.));
#12123 = CIRCLE('',#12124,0.445);
#12124 = AXIS2_PLACEMENT_3D('',#12125,#12126,#12127);
#12125 = CARTESIAN_POINT('',(135.,-85.05,0.));
#12126 = DIRECTION('',(-0.,0.,-1.));
#12127 = DIRECTION('',(-0.,-1.,0.));
#12128 = FACE_BOUND('',#12129,.F.);
#12129 = EDGE_LOOP('',(#12130));
#12130 = ORIENTED_EDGE('',*,*,#12131,.T.);
#12131 = EDGE_CURVE('',#12132,#12132,#12134,.T.);
#12132 = VERTEX_POINT('',#12133);
#12133 = CARTESIAN_POINT('',(112.42,-80.975,0.));
#12134 = CIRCLE('',#12135,1.005);
#12135 = AXIS2_PLACEMENT_3D('',#12136,#12137,#12138);
#12136 = CARTESIAN_POINT('',(112.42,-79.97,0.));
#12137 = DIRECTION('',(-0.,0.,-1.));
#12138 = DIRECTION('',(-0.,-1.,0.));
#12139 = FACE_BOUND('',#12140,.F.);
#12140 = EDGE_LOOP('',(#12141));
#12141 = ORIENTED_EDGE('',*,*,#12142,.T.);
#12142 = EDGE_CURVE('',#12143,#12143,#12145,.T.);
#12143 = VERTEX_POINT('',#12144);
#12144 = CARTESIAN_POINT('',(122.58,-80.975,0.));
#12145 = CIRCLE('',#12146,1.005);
#12146 = AXIS2_PLACEMENT_3D('',#12147,#12148,#12149);
#12147 = CARTESIAN_POINT('',(122.58,-79.97,0.));
#12148 = DIRECTION('',(-0.,0.,-1.));
#12149 = DIRECTION('',(-0.,-1.,0.));
#12150 = FACE_BOUND('',#12151,.F.);
#12151 = EDGE_LOOP('',(#12152));
#12152 = ORIENTED_EDGE('',*,*,#12153,.T.);
#12153 = EDGE_CURVE('',#12154,#12154,#12156,.T.);
#12154 = VERTEX_POINT('',#12155);
#12155 = CARTESIAN_POINT('',(129.92,-80.975,0.));
#12156 = CIRCLE('',#12157,1.005);
#12157 = AXIS2_PLACEMENT_3D('',#12158,#12159,#12160);
#12158 = CARTESIAN_POINT('',(129.92,-79.97,0.));
#12159 = DIRECTION('',(-0.,0.,-1.));
#12160 = DIRECTION('',(-2.828030789095E-14,-1.,0.));
#12161 = FACE_BOUND('',#12162,.F.);
#12162 = EDGE_LOOP('',(#12163));
#12163 = ORIENTED_EDGE('',*,*,#12164,.T.);
#12164 = EDGE_CURVE('',#12165,#12165,#12167,.T.);
#12165 = VERTEX_POINT('',#12166);
#12166 = CARTESIAN_POINT('',(103.302944,-56.947056,0.));
#12167 = CIRCLE('',#12168,0.25);
#12168 = AXIS2_PLACEMENT_3D('',#12169,#12170,#12171);
#12169 = CARTESIAN_POINT('',(103.302944,-56.697056,0.));
#12170 = DIRECTION('',(-0.,0.,-1.));
#12171 = DIRECTION('',(-0.,-1.,0.));
#12172 = FACE_BOUND('',#12173,.F.);
#12173 = EDGE_LOOP('',(#12174));
#12174 = ORIENTED_EDGE('',*,*,#12175,.T.);
#12175 = EDGE_CURVE('',#12176,#12176,#12178,.T.);
#12176 = VERTEX_POINT('',#12177);
#12177 = CARTESIAN_POINT('',(105.,-57.65,0.));
#12178 = CIRCLE('',#12179,0.25);
#12179 = AXIS2_PLACEMENT_3D('',#12180,#12181,#12182);
#12180 = CARTESIAN_POINT('',(105.,-57.4,0.));
#12181 = DIRECTION('',(-0.,0.,-1.));
#12182 = DIRECTION('',(-0.,-1.,0.));
#12183 = FACE_BOUND('',#12184,.F.);
#12184 = EDGE_LOOP('',(#12185));
#12185 = ORIENTED_EDGE('',*,*,#12186,.T.);
#12186 = EDGE_CURVE('',#12187,#12187,#12189,.T.);
#12187 = VERTEX_POINT('',#12188);
#12188 = CARTESIAN_POINT('',(106.697056,-56.947056,0.));
#12189 = CIRCLE('',#12190,0.25);
#12190 = AXIS2_PLACEMENT_3D('',#12191,#12192,#12193);
#12191 = CARTESIAN_POINT('',(106.697056,-56.697056,0.));
#12192 = DIRECTION('',(-0.,0.,-1.));
#12193 = DIRECTION('',(-0.,-1.,0.));
#12194 = FACE_BOUND('',#12195,.F.);
#12195 = EDGE_LOOP('',(#12196));
#12196 = ORIENTED_EDGE('',*,*,#12197,.T.);
#12197 = EDGE_CURVE('',#12198,#12198,#12200,.T.);
#12198 = VERTEX_POINT('',#12199);
#12199 = CARTESIAN_POINT('',(102.6,-55.25,0.));
#12200 = CIRCLE('',#12201,0.25);
#12201 = AXIS2_PLACEMENT_3D('',#12202,#12203,#12204);
#12202 = CARTESIAN_POINT('',(102.6,-55.,0.));
#12203 = DIRECTION('',(-0.,0.,-1.));
#12204 = DIRECTION('',(-0.,-1.,0.));
#12205 = FACE_BOUND('',#12206,.F.);
#12206 = EDGE_LOOP('',(#12207));
#12207 = ORIENTED_EDGE('',*,*,#12208,.T.);
#12208 = EDGE_CURVE('',#12209,#12209,#12211,.T.);
#12209 = VERTEX_POINT('',#12210);
#12210 = CARTESIAN_POINT('',(105.,-56.6,0.));
#12211 = CIRCLE('',#12212,1.6);
#12212 = AXIS2_PLACEMENT_3D('',#12213,#12214,#12215);
#12213 = CARTESIAN_POINT('',(105.,-55.,0.));
#12214 = DIRECTION('',(-0.,0.,-1.));
#12215 = DIRECTION('',(-0.,-1.,0.));
#12216 = FACE_BOUND('',#12217,.F.);
#12217 = EDGE_LOOP('',(#12218));
#12218 = ORIENTED_EDGE('',*,*,#12219,.T.);
#12219 = EDGE_CURVE('',#12220,#12220,#12222,.T.);
#12220 = VERTEX_POINT('',#12221);
#12221 = CARTESIAN_POINT('',(103.302944,-53.552944,0.));
#12222 = CIRCLE('',#12223,0.25);
#12223 = AXIS2_PLACEMENT_3D('',#12224,#12225,#12226);
#12224 = CARTESIAN_POINT('',(103.302944,-53.302944,0.));
#12225 = DIRECTION('',(-0.,0.,-1.));
#12226 = DIRECTION('',(-0.,-1.,0.));
#12227 = FACE_BOUND('',#12228,.F.);
#12228 = EDGE_LOOP('',(#12229));
#12229 = ORIENTED_EDGE('',*,*,#12230,.T.);
#12230 = EDGE_CURVE('',#12231,#12231,#12233,.T.);
#12231 = VERTEX_POINT('',#12232);
#12232 = CARTESIAN_POINT('',(105.,-52.85,0.));
#12233 = CIRCLE('',#12234,0.25);
#12234 = AXIS2_PLACEMENT_3D('',#12235,#12236,#12237);
#12235 = CARTESIAN_POINT('',(105.,-52.6,0.));
#12236 = DIRECTION('',(-0.,0.,-1.));
#12237 = DIRECTION('',(-0.,-1.,0.));
#12238 = FACE_BOUND('',#12239,.F.);
#12239 = EDGE_LOOP('',(#12240));
#12240 = ORIENTED_EDGE('',*,*,#12241,.T.);
#12241 = EDGE_CURVE('',#12242,#12242,#12244,.T.);
#12242 = VERTEX_POINT('',#12243);
#12243 = CARTESIAN_POINT('',(107.4,-55.25,0.));
#12244 = CIRCLE('',#12245,0.25);
#12245 = AXIS2_PLACEMENT_3D('',#12246,#12247,#12248);
#12246 = CARTESIAN_POINT('',(107.4,-55.,0.));
#12247 = DIRECTION('',(-0.,0.,-1.));
#12248 = DIRECTION('',(-0.,-1.,0.));
#12249 = FACE_BOUND('',#12250,.F.);
#12250 = EDGE_LOOP('',(#12251));
#12251 = ORIENTED_EDGE('',*,*,#12252,.T.);
#12252 = EDGE_CURVE('',#12253,#12253,#12255,.T.);
#12253 = VERTEX_POINT('',#12254);
#12254 = CARTESIAN_POINT('',(106.697056,-53.552944,0.));
#12255 = CIRCLE('',#12256,0.25);
#12256 = AXIS2_PLACEMENT_3D('',#12257,#12258,#12259);
#12257 = CARTESIAN_POINT('',(106.697056,-53.302944,0.));
#12258 = DIRECTION('',(-0.,0.,-1.));
#12259 = DIRECTION('',(-0.,-1.,0.));
#12260 = FACE_BOUND('',#12261,.F.);
#12261 = EDGE_LOOP('',(#12262));
#12262 = ORIENTED_EDGE('',*,*,#12263,.T.);
#12263 = EDGE_CURVE('',#12264,#12264,#12266,.T.);
#12264 = VERTEX_POINT('',#12265);
#12265 = CARTESIAN_POINT('',(140.08,-80.975,0.));
#12266 = CIRCLE('',#12267,1.005);
#12267 = AXIS2_PLACEMENT_3D('',#12268,#12269,#12270);
#12268 = CARTESIAN_POINT('',(140.08,-79.97,0.));
#12269 = DIRECTION('',(-0.,0.,-1.));
#12270 = DIRECTION('',(2.828030789095E-14,-1.,-0.));
#12271 = FACE_BOUND('',#12272,.F.);
#12272 = EDGE_LOOP('',(#12273));
#12273 = ORIENTED_EDGE('',*,*,#12274,.T.);
#12274 = EDGE_CURVE('',#12275,#12275,#12277,.T.);
#12275 = VERTEX_POINT('',#12276);
#12276 = CARTESIAN_POINT('',(153.302944,-56.947056,0.));
#12277 = CIRCLE('',#12278,0.25);
#12278 = AXIS2_PLACEMENT_3D('',#12279,#12280,#12281);
#12279 = CARTESIAN_POINT('',(153.302944,-56.697056,0.));
#12280 = DIRECTION('',(-0.,0.,-1.));
#12281 = DIRECTION('',(-0.,-1.,0.));
#12282 = FACE_BOUND('',#12283,.F.);
#12283 = EDGE_LOOP('',(#12284));
#12284 = ORIENTED_EDGE('',*,*,#12285,.T.);
#12285 = EDGE_CURVE('',#12286,#12286,#12288,.T.);
#12286 = VERTEX_POINT('',#12287);
#12287 = CARTESIAN_POINT('',(155.,-57.65,0.));
#12288 = CIRCLE('',#12289,0.25);
#12289 = AXIS2_PLACEMENT_3D('',#12290,#12291,#12292);
#12290 = CARTESIAN_POINT('',(155.,-57.4,0.));
#12291 = DIRECTION('',(-0.,0.,-1.));
#12292 = DIRECTION('',(-0.,-1.,0.));
#12293 = FACE_BOUND('',#12294,.F.);
#12294 = EDGE_LOOP('',(#12295));
#12295 = ORIENTED_EDGE('',*,*,#12296,.T.);
#12296 = EDGE_CURVE('',#12297,#12297,#12299,.T.);
#12297 = VERTEX_POINT('',#12298);
#12298 = CARTESIAN_POINT('',(156.697056,-56.947056,0.));
#12299 = CIRCLE('',#12300,0.25);
#12300 = AXIS2_PLACEMENT_3D('',#12301,#12302,#12303);
#12301 = CARTESIAN_POINT('',(156.697056,-56.697056,0.));
#12302 = DIRECTION('',(-0.,0.,-1.));
#12303 = DIRECTION('',(-0.,-1.,0.));
#12304 = FACE_BOUND('',#12305,.F.);
#12305 = EDGE_LOOP('',(#12306));
#12306 = ORIENTED_EDGE('',*,*,#12307,.T.);
#12307 = EDGE_CURVE('',#12308,#12308,#12310,.T.);
#12308 = VERTEX_POINT('',#12309);
#12309 = CARTESIAN_POINT('',(152.6,-55.25,0.));
#12310 = CIRCLE('',#12311,0.25);
#12311 = AXIS2_PLACEMENT_3D('',#12312,#12313,#12314);
#12312 = CARTESIAN_POINT('',(152.6,-55.,0.));
#12313 = DIRECTION('',(-0.,0.,-1.));
#12314 = DIRECTION('',(-0.,-1.,0.));
#12315 = FACE_BOUND('',#12316,.F.);
#12316 = EDGE_LOOP('',(#12317));
#12317 = ORIENTED_EDGE('',*,*,#12318,.T.);
#12318 = EDGE_CURVE('',#12319,#12319,#12321,.T.);
#12319 = VERTEX_POINT('',#12320);
#12320 = CARTESIAN_POINT('',(153.302944,-53.552944,0.));
#12321 = CIRCLE('',#12322,0.25);
#12322 = AXIS2_PLACEMENT_3D('',#12323,#12324,#12325);
#12323 = CARTESIAN_POINT('',(153.302944,-53.302944,0.));
#12324 = DIRECTION('',(-0.,0.,-1.));
#12325 = DIRECTION('',(-0.,-1.,0.));
#12326 = FACE_BOUND('',#12327,.F.);
#12327 = EDGE_LOOP('',(#12328));
#12328 = ORIENTED_EDGE('',*,*,#12329,.T.);
#12329 = EDGE_CURVE('',#12330,#12330,#12332,.T.);
#12330 = VERTEX_POINT('',#12331);
#12331 = CARTESIAN_POINT('',(155.,-56.6,0.));
#12332 = CIRCLE('',#12333,1.6);
#12333 = AXIS2_PLACEMENT_3D('',#12334,#12335,#12336);
#12334 = CARTESIAN_POINT('',(155.,-55.,0.));
#12335 = DIRECTION('',(-0.,0.,-1.));
#12336 = DIRECTION('',(-0.,-1.,0.));
#12337 = FACE_BOUND('',#12338,.F.);
#12338 = EDGE_LOOP('',(#12339));
#12339 = ORIENTED_EDGE('',*,*,#12340,.T.);
#12340 = EDGE_CURVE('',#12341,#12341,#12343,.T.);
#12341 = VERTEX_POINT('',#12342);
#12342 = CARTESIAN_POINT('',(157.4,-55.25,0.));
#12343 = CIRCLE('',#12344,0.25);
#12344 = AXIS2_PLACEMENT_3D('',#12345,#12346,#12347);
#12345 = CARTESIAN_POINT('',(157.4,-55.,0.));
#12346 = DIRECTION('',(-0.,0.,-1.));
#12347 = DIRECTION('',(-0.,-1.,0.));
#12348 = FACE_BOUND('',#12349,.F.);
#12349 = EDGE_LOOP('',(#12350));
#12350 = ORIENTED_EDGE('',*,*,#12351,.T.);
#12351 = EDGE_CURVE('',#12352,#12352,#12354,.T.);
#12352 = VERTEX_POINT('',#12353);
#12353 = CARTESIAN_POINT('',(155.,-52.85,0.));
#12354 = CIRCLE('',#12355,0.25);
#12355 = AXIS2_PLACEMENT_3D('',#12356,#12357,#12358);
#12356 = CARTESIAN_POINT('',(155.,-52.6,0.));
#12357 = DIRECTION('',(-0.,0.,-1.));
#12358 = DIRECTION('',(-0.,-1.,0.));
#12359 = FACE_BOUND('',#12360,.F.);
#12360 = EDGE_LOOP('',(#12361));
#12361 = ORIENTED_EDGE('',*,*,#12362,.T.);
#12362 = EDGE_CURVE('',#12363,#12363,#12365,.T.);
#12363 = VERTEX_POINT('',#12364);
#12364 = CARTESIAN_POINT('',(156.697056,-53.552944,0.));
#12365 = CIRCLE('',#12366,0.25);
#12366 = AXIS2_PLACEMENT_3D('',#12367,#12368,#12369);
#12367 = CARTESIAN_POINT('',(156.697056,-53.302944,0.));
#12368 = DIRECTION('',(-0.,0.,-1.));
#12369 = DIRECTION('',(-0.,-1.,0.));
#12370 = PLANE('',#12371);
#12371 = AXIS2_PLACEMENT_3D('',#12372,#12373,#12374);
#12372 = CARTESIAN_POINT('',(0.,0.,0.));
#12373 = DIRECTION('',(0.,0.,1.));
#12374 = DIRECTION('',(1.,0.,-0.));
#12375 = ADVANCED_FACE('',(#12376,#12387,#12398,#12409,#12420,#12431,
    #12442,#12453,#12464,#12475,#12486,#12497,#12508,#12519,#12530,
    #12541,#12552,#12563,#12574,#12585,#12596,#12607,#12618,#12629,
    #12640,#12651,#12662,#12673,#12684,#12695,#12706,#12717,#12728,
    #12739,#12750,#12761,#12772,#12783,#12794,#12805,#12816,#12827,
    #12838,#12849,#12860,#12871,#12882,#12893,#12904),#12915,.T.);
#12376 = FACE_BOUND('',#12377,.T.);
#12377 = EDGE_LOOP('',(#12378,#12379,#12380,#12386));
#12378 = ORIENTED_EDGE('',*,*,#11742,.F.);
#12379 = ORIENTED_EDGE('',*,*,#11782,.F.);
#12380 = ORIENTED_EDGE('',*,*,#12381,.F.);
#12381 = EDGE_CURVE('',#11805,#11775,#12382,.T.);
#12382 = LINE('',#12383,#12384);
#12383 = CARTESIAN_POINT('',(100.,-50.,1.6));
#12384 = VECTOR('',#12385,1.);
#12385 = DIRECTION('',(1.,0.,0.));
#12386 = ORIENTED_EDGE('',*,*,#11804,.F.);
#12387 = FACE_BOUND('',#12388,.T.);
#12388 = EDGE_LOOP('',(#12389));
#12389 = ORIENTED_EDGE('',*,*,#12390,.T.);
#12390 = EDGE_CURVE('',#12391,#12391,#12393,.T.);
#12391 = VERTEX_POINT('',#12392);
#12392 = CARTESIAN_POINT('',(103.302944,-106.947056,1.6));
#12393 = CIRCLE('',#12394,0.25);
#12394 = AXIS2_PLACEMENT_3D('',#12395,#12396,#12397);
#12395 = CARTESIAN_POINT('',(103.302944,-106.697056,1.6));
#12396 = DIRECTION('',(-0.,0.,-1.));
#12397 = DIRECTION('',(-0.,-1.,0.));
#12398 = FACE_BOUND('',#12399,.T.);
#12399 = EDGE_LOOP('',(#12400));
#12400 = ORIENTED_EDGE('',*,*,#12401,.T.);
#12401 = EDGE_CURVE('',#12402,#12402,#12404,.T.);
#12402 = VERTEX_POINT('',#12403);
#12403 = CARTESIAN_POINT('',(105.,-107.65,1.6));
#12404 = CIRCLE('',#12405,0.25);
#12405 = AXIS2_PLACEMENT_3D('',#12406,#12407,#12408);
#12406 = CARTESIAN_POINT('',(105.,-107.4,1.6));
#12407 = DIRECTION('',(-0.,0.,-1.));
#12408 = DIRECTION('',(-0.,-1.,0.));
#12409 = FACE_BOUND('',#12410,.T.);
#12410 = EDGE_LOOP('',(#12411));
#12411 = ORIENTED_EDGE('',*,*,#12412,.T.);
#12412 = EDGE_CURVE('',#12413,#12413,#12415,.T.);
#12413 = VERTEX_POINT('',#12414);
#12414 = CARTESIAN_POINT('',(102.6,-105.25,1.6));
#12415 = CIRCLE('',#12416,0.25);
#12416 = AXIS2_PLACEMENT_3D('',#12417,#12418,#12419);
#12417 = CARTESIAN_POINT('',(102.6,-105.,1.6));
#12418 = DIRECTION('',(-0.,0.,-1.));
#12419 = DIRECTION('',(-0.,-1.,0.));
#12420 = FACE_BOUND('',#12421,.T.);
#12421 = EDGE_LOOP('',(#12422));
#12422 = ORIENTED_EDGE('',*,*,#12423,.T.);
#12423 = EDGE_CURVE('',#12424,#12424,#12426,.T.);
#12424 = VERTEX_POINT('',#12425);
#12425 = CARTESIAN_POINT('',(105.,-106.6,1.6));
#12426 = CIRCLE('',#12427,1.6);
#12427 = AXIS2_PLACEMENT_3D('',#12428,#12429,#12430);
#12428 = CARTESIAN_POINT('',(105.,-105.,1.6));
#12429 = DIRECTION('',(-0.,0.,-1.));
#12430 = DIRECTION('',(-0.,-1.,0.));
#12431 = FACE_BOUND('',#12432,.T.);
#12432 = EDGE_LOOP('',(#12433));
#12433 = ORIENTED_EDGE('',*,*,#12434,.T.);
#12434 = EDGE_CURVE('',#12435,#12435,#12437,.T.);
#12435 = VERTEX_POINT('',#12436);
#12436 = CARTESIAN_POINT('',(106.697056,-106.947056,1.6));
#12437 = CIRCLE('',#12438,0.25);
#12438 = AXIS2_PLACEMENT_3D('',#12439,#12440,#12441);
#12439 = CARTESIAN_POINT('',(106.697056,-106.697056,1.6));
#12440 = DIRECTION('',(-0.,0.,-1.));
#12441 = DIRECTION('',(-0.,-1.,0.));
#12442 = FACE_BOUND('',#12443,.T.);
#12443 = EDGE_LOOP('',(#12444));
#12444 = ORIENTED_EDGE('',*,*,#12445,.T.);
#12445 = EDGE_CURVE('',#12446,#12446,#12448,.T.);
#12446 = VERTEX_POINT('',#12447);
#12447 = CARTESIAN_POINT('',(107.4,-105.25,1.6));
#12448 = CIRCLE('',#12449,0.25);
#12449 = AXIS2_PLACEMENT_3D('',#12450,#12451,#12452);
#12450 = CARTESIAN_POINT('',(107.4,-105.,1.6));
#12451 = DIRECTION('',(-0.,0.,-1.));
#12452 = DIRECTION('',(-0.,-1.,0.));
#12453 = FACE_BOUND('',#12454,.T.);
#12454 = EDGE_LOOP('',(#12455));
#12455 = ORIENTED_EDGE('',*,*,#12456,.T.);
#12456 = EDGE_CURVE('',#12457,#12457,#12459,.T.);
#12457 = VERTEX_POINT('',#12458);
#12458 = CARTESIAN_POINT('',(103.302944,-103.552944,1.6));
#12459 = CIRCLE('',#12460,0.25);
#12460 = AXIS2_PLACEMENT_3D('',#12461,#12462,#12463);
#12461 = CARTESIAN_POINT('',(103.302944,-103.302944,1.6));
#12462 = DIRECTION('',(-0.,0.,-1.));
#12463 = DIRECTION('',(-0.,-1.,0.));
#12464 = FACE_BOUND('',#12465,.T.);
#12465 = EDGE_LOOP('',(#12466));
#12466 = ORIENTED_EDGE('',*,*,#12467,.T.);
#12467 = EDGE_CURVE('',#12468,#12468,#12470,.T.);
#12468 = VERTEX_POINT('',#12469);
#12469 = CARTESIAN_POINT('',(105.,-102.85,1.6));
#12470 = CIRCLE('',#12471,0.25);
#12471 = AXIS2_PLACEMENT_3D('',#12472,#12473,#12474);
#12472 = CARTESIAN_POINT('',(105.,-102.6,1.6));
#12473 = DIRECTION('',(-0.,0.,-1.));
#12474 = DIRECTION('',(-0.,-1.,0.));
#12475 = FACE_BOUND('',#12476,.T.);
#12476 = EDGE_LOOP('',(#12477));
#12477 = ORIENTED_EDGE('',*,*,#12478,.T.);
#12478 = EDGE_CURVE('',#12479,#12479,#12481,.T.);
#12479 = VERTEX_POINT('',#12480);
#12480 = CARTESIAN_POINT('',(106.697056,-103.552944,1.6));
#12481 = CIRCLE('',#12482,0.25);
#12482 = AXIS2_PLACEMENT_3D('',#12483,#12484,#12485);
#12483 = CARTESIAN_POINT('',(106.697056,-103.302944,1.6));
#12484 = DIRECTION('',(-0.,0.,-1.));
#12485 = DIRECTION('',(-0.,-1.,0.));
#12486 = FACE_BOUND('',#12487,.T.);
#12487 = EDGE_LOOP('',(#12488));
#12488 = ORIENTED_EDGE('',*,*,#12489,.T.);
#12489 = EDGE_CURVE('',#12490,#12490,#12492,.T.);
#12490 = VERTEX_POINT('',#12491);
#12491 = CARTESIAN_POINT('',(114.,-106.04,1.6));
#12492 = CIRCLE('',#12493,0.5);
#12493 = AXIS2_PLACEMENT_3D('',#12494,#12495,#12496);
#12494 = CARTESIAN_POINT('',(114.,-105.54,1.6));
#12495 = DIRECTION('',(-0.,0.,-1.));
#12496 = DIRECTION('',(-0.,-1.,0.));
#12497 = FACE_BOUND('',#12498,.T.);
#12498 = EDGE_LOOP('',(#12499));
#12499 = ORIENTED_EDGE('',*,*,#12500,.T.);
#12500 = EDGE_CURVE('',#12501,#12501,#12503,.T.);
#12501 = VERTEX_POINT('',#12502);
#12502 = CARTESIAN_POINT('',(114.,-103.5,1.6));
#12503 = CIRCLE('',#12504,0.5);
#12504 = AXIS2_PLACEMENT_3D('',#12505,#12506,#12507);
#12505 = CARTESIAN_POINT('',(114.,-103.,1.6));
#12506 = DIRECTION('',(-0.,0.,-1.));
#12507 = DIRECTION('',(-0.,-1.,0.));
#12508 = FACE_BOUND('',#12509,.T.);
#12509 = EDGE_LOOP('',(#12510));
#12510 = ORIENTED_EDGE('',*,*,#12511,.T.);
#12511 = EDGE_CURVE('',#12512,#12512,#12514,.T.);
#12512 = VERTEX_POINT('',#12513);
#12513 = CARTESIAN_POINT('',(119.5,-106.04,1.6));
#12514 = CIRCLE('',#12515,0.5);
#12515 = AXIS2_PLACEMENT_3D('',#12516,#12517,#12518);
#12516 = CARTESIAN_POINT('',(119.5,-105.54,1.6));
#12517 = DIRECTION('',(-0.,0.,-1.));
#12518 = DIRECTION('',(-0.,-1.,0.));
#12519 = FACE_BOUND('',#12520,.T.);
#12520 = EDGE_LOOP('',(#12521));
#12521 = ORIENTED_EDGE('',*,*,#12522,.T.);
#12522 = EDGE_CURVE('',#12523,#12523,#12525,.T.);
#12523 = VERTEX_POINT('',#12524);
#12524 = CARTESIAN_POINT('',(119.5,-103.5,1.6));
#12525 = CIRCLE('',#12526,0.5);
#12526 = AXIS2_PLACEMENT_3D('',#12527,#12528,#12529);
#12527 = CARTESIAN_POINT('',(119.5,-103.,1.6));
#12528 = DIRECTION('',(-0.,0.,-1.));
#12529 = DIRECTION('',(-0.,-1.,0.));
#12530 = FACE_BOUND('',#12531,.T.);
#12531 = EDGE_LOOP('',(#12532));
#12532 = ORIENTED_EDGE('',*,*,#12533,.T.);
#12533 = EDGE_CURVE('',#12534,#12534,#12536,.T.);
#12534 = VERTEX_POINT('',#12535);
#12535 = CARTESIAN_POINT('',(114.96,-85.495,1.6));
#12536 = CIRCLE('',#12537,0.445);
#12537 = AXIS2_PLACEMENT_3D('',#12538,#12539,#12540);
#12538 = CARTESIAN_POINT('',(114.96,-85.05,1.6));
#12539 = DIRECTION('',(-0.,0.,-1.));
#12540 = DIRECTION('',(-3.193450497798E-14,-1.,0.));
#12541 = FACE_BOUND('',#12542,.T.);
#12542 = EDGE_LOOP('',(#12543));
#12543 = ORIENTED_EDGE('',*,*,#12544,.T.);
#12544 = EDGE_CURVE('',#12545,#12545,#12547,.T.);
#12545 = VERTEX_POINT('',#12546);
#12546 = CARTESIAN_POINT('',(117.5,-85.495,1.6));
#12547 = CIRCLE('',#12548,0.445);
#12548 = AXIS2_PLACEMENT_3D('',#12549,#12550,#12551);
#12549 = CARTESIAN_POINT('',(117.5,-85.05,1.6));
#12550 = DIRECTION('',(-0.,0.,-1.));
#12551 = DIRECTION('',(-0.,-1.,0.));
#12552 = FACE_BOUND('',#12553,.T.);
#12553 = EDGE_LOOP('',(#12554));
#12554 = ORIENTED_EDGE('',*,*,#12555,.T.);
#12555 = EDGE_CURVE('',#12556,#12556,#12558,.T.);
#12556 = VERTEX_POINT('',#12557);
#12557 = CARTESIAN_POINT('',(153.302944,-106.947056,1.6));
#12558 = CIRCLE('',#12559,0.25);
#12559 = AXIS2_PLACEMENT_3D('',#12560,#12561,#12562);
#12560 = CARTESIAN_POINT('',(153.302944,-106.697056,1.6));
#12561 = DIRECTION('',(-0.,0.,-1.));
#12562 = DIRECTION('',(-0.,-1.,0.));
#12563 = FACE_BOUND('',#12564,.T.);
#12564 = EDGE_LOOP('',(#12565));
#12565 = ORIENTED_EDGE('',*,*,#12566,.T.);
#12566 = EDGE_CURVE('',#12567,#12567,#12569,.T.);
#12567 = VERTEX_POINT('',#12568);
#12568 = CARTESIAN_POINT('',(152.6,-105.25,1.6));
#12569 = CIRCLE('',#12570,0.25);
#12570 = AXIS2_PLACEMENT_3D('',#12571,#12572,#12573);
#12571 = CARTESIAN_POINT('',(152.6,-105.,1.6));
#12572 = DIRECTION('',(-0.,0.,-1.));
#12573 = DIRECTION('',(-0.,-1.,0.));
#12574 = FACE_BOUND('',#12575,.T.);
#12575 = EDGE_LOOP('',(#12576));
#12576 = ORIENTED_EDGE('',*,*,#12577,.T.);
#12577 = EDGE_CURVE('',#12578,#12578,#12580,.T.);
#12578 = VERTEX_POINT('',#12579);
#12579 = CARTESIAN_POINT('',(155.,-107.65,1.6));
#12580 = CIRCLE('',#12581,0.25);
#12581 = AXIS2_PLACEMENT_3D('',#12582,#12583,#12584);
#12582 = CARTESIAN_POINT('',(155.,-107.4,1.6));
#12583 = DIRECTION('',(-0.,0.,-1.));
#12584 = DIRECTION('',(-0.,-1.,0.));
#12585 = FACE_BOUND('',#12586,.T.);
#12586 = EDGE_LOOP('',(#12587));
#12587 = ORIENTED_EDGE('',*,*,#12588,.T.);
#12588 = EDGE_CURVE('',#12589,#12589,#12591,.T.);
#12589 = VERTEX_POINT('',#12590);
#12590 = CARTESIAN_POINT('',(156.697056,-106.947056,1.6));
#12591 = CIRCLE('',#12592,0.25);
#12592 = AXIS2_PLACEMENT_3D('',#12593,#12594,#12595);
#12593 = CARTESIAN_POINT('',(156.697056,-106.697056,1.6));
#12594 = DIRECTION('',(-0.,0.,-1.));
#12595 = DIRECTION('',(-0.,-1.,0.));
#12596 = FACE_BOUND('',#12597,.T.);
#12597 = EDGE_LOOP('',(#12598));
#12598 = ORIENTED_EDGE('',*,*,#12599,.T.);
#12599 = EDGE_CURVE('',#12600,#12600,#12602,.T.);
#12600 = VERTEX_POINT('',#12601);
#12601 = CARTESIAN_POINT('',(155.,-106.6,1.6));
#12602 = CIRCLE('',#12603,1.6);
#12603 = AXIS2_PLACEMENT_3D('',#12604,#12605,#12606);
#12604 = CARTESIAN_POINT('',(155.,-105.,1.6));
#12605 = DIRECTION('',(-0.,0.,-1.));
#12606 = DIRECTION('',(-0.,-1.,0.));
#12607 = FACE_BOUND('',#12608,.T.);
#12608 = EDGE_LOOP('',(#12609));
#12609 = ORIENTED_EDGE('',*,*,#12610,.T.);
#12610 = EDGE_CURVE('',#12611,#12611,#12613,.T.);
#12611 = VERTEX_POINT('',#12612);
#12612 = CARTESIAN_POINT('',(157.4,-105.25,1.6));
#12613 = CIRCLE('',#12614,0.25);
#12614 = AXIS2_PLACEMENT_3D('',#12615,#12616,#12617);
#12615 = CARTESIAN_POINT('',(157.4,-105.,1.6));
#12616 = DIRECTION('',(-0.,0.,-1.));
#12617 = DIRECTION('',(-0.,-1.,0.));
#12618 = FACE_BOUND('',#12619,.T.);
#12619 = EDGE_LOOP('',(#12620));
#12620 = ORIENTED_EDGE('',*,*,#12621,.T.);
#12621 = EDGE_CURVE('',#12622,#12622,#12624,.T.);
#12622 = VERTEX_POINT('',#12623);
#12623 = CARTESIAN_POINT('',(153.302944,-103.552944,1.6));
#12624 = CIRCLE('',#12625,0.25);
#12625 = AXIS2_PLACEMENT_3D('',#12626,#12627,#12628);
#12626 = CARTESIAN_POINT('',(153.302944,-103.302944,1.6));
#12627 = DIRECTION('',(-0.,0.,-1.));
#12628 = DIRECTION('',(-0.,-1.,0.));
#12629 = FACE_BOUND('',#12630,.T.);
#12630 = EDGE_LOOP('',(#12631));
#12631 = ORIENTED_EDGE('',*,*,#12632,.T.);
#12632 = EDGE_CURVE('',#12633,#12633,#12635,.T.);
#12633 = VERTEX_POINT('',#12634);
#12634 = CARTESIAN_POINT('',(155.,-102.85,1.6));
#12635 = CIRCLE('',#12636,0.25);
#12636 = AXIS2_PLACEMENT_3D('',#12637,#12638,#12639);
#12637 = CARTESIAN_POINT('',(155.,-102.6,1.6));
#12638 = DIRECTION('',(-0.,0.,-1.));
#12639 = DIRECTION('',(-0.,-1.,0.));
#12640 = FACE_BOUND('',#12641,.T.);
#12641 = EDGE_LOOP('',(#12642));
#12642 = ORIENTED_EDGE('',*,*,#12643,.T.);
#12643 = EDGE_CURVE('',#12644,#12644,#12646,.T.);
#12644 = VERTEX_POINT('',#12645);
#12645 = CARTESIAN_POINT('',(156.697056,-103.552944,1.6));
#12646 = CIRCLE('',#12647,0.25);
#12647 = AXIS2_PLACEMENT_3D('',#12648,#12649,#12650);
#12648 = CARTESIAN_POINT('',(156.697056,-103.302944,1.6));
#12649 = DIRECTION('',(-0.,0.,-1.));
#12650 = DIRECTION('',(-0.,-1.,0.));
#12651 = FACE_BOUND('',#12652,.T.);
#12652 = EDGE_LOOP('',(#12653));
#12653 = ORIENTED_EDGE('',*,*,#12654,.T.);
#12654 = EDGE_CURVE('',#12655,#12655,#12657,.T.);
#12655 = VERTEX_POINT('',#12656);
#12656 = CARTESIAN_POINT('',(132.46,-85.495,1.6));
#12657 = CIRCLE('',#12658,0.445);
#12658 = AXIS2_PLACEMENT_3D('',#12659,#12660,#12661);
#12659 = CARTESIAN_POINT('',(132.46,-85.05,1.6));
#12660 = DIRECTION('',(-0.,0.,-1.));
#12661 = DIRECTION('',(6.386900995596E-14,-1.,-0.));
#12662 = FACE_BOUND('',#12663,.T.);
#12663 = EDGE_LOOP('',(#12664));
#12664 = ORIENTED_EDGE('',*,*,#12665,.T.);
#12665 = EDGE_CURVE('',#12666,#12666,#12668,.T.);
#12666 = VERTEX_POINT('',#12667);
#12667 = CARTESIAN_POINT('',(135.,-85.495,1.6));
#12668 = CIRCLE('',#12669,0.445);
#12669 = AXIS2_PLACEMENT_3D('',#12670,#12671,#12672);
#12670 = CARTESIAN_POINT('',(135.,-85.05,1.6));
#12671 = DIRECTION('',(-0.,0.,-1.));
#12672 = DIRECTION('',(-0.,-1.,0.));
#12673 = FACE_BOUND('',#12674,.T.);
#12674 = EDGE_LOOP('',(#12675));
#12675 = ORIENTED_EDGE('',*,*,#12676,.T.);
#12676 = EDGE_CURVE('',#12677,#12677,#12679,.T.);
#12677 = VERTEX_POINT('',#12678);
#12678 = CARTESIAN_POINT('',(112.42,-80.975,1.6));
#12679 = CIRCLE('',#12680,1.005);
#12680 = AXIS2_PLACEMENT_3D('',#12681,#12682,#12683);
#12681 = CARTESIAN_POINT('',(112.42,-79.97,1.6));
#12682 = DIRECTION('',(-0.,0.,-1.));
#12683 = DIRECTION('',(-0.,-1.,0.));
#12684 = FACE_BOUND('',#12685,.T.);
#12685 = EDGE_LOOP('',(#12686));
#12686 = ORIENTED_EDGE('',*,*,#12687,.T.);
#12687 = EDGE_CURVE('',#12688,#12688,#12690,.T.);
#12688 = VERTEX_POINT('',#12689);
#12689 = CARTESIAN_POINT('',(122.58,-80.975,1.6));
#12690 = CIRCLE('',#12691,1.005);
#12691 = AXIS2_PLACEMENT_3D('',#12692,#12693,#12694);
#12692 = CARTESIAN_POINT('',(122.58,-79.97,1.6));
#12693 = DIRECTION('',(-0.,0.,-1.));
#12694 = DIRECTION('',(-0.,-1.,0.));
#12695 = FACE_BOUND('',#12696,.T.);
#12696 = EDGE_LOOP('',(#12697));
#12697 = ORIENTED_EDGE('',*,*,#12698,.T.);
#12698 = EDGE_CURVE('',#12699,#12699,#12701,.T.);
#12699 = VERTEX_POINT('',#12700);
#12700 = CARTESIAN_POINT('',(129.92,-80.975,1.6));
#12701 = CIRCLE('',#12702,1.005);
#12702 = AXIS2_PLACEMENT_3D('',#12703,#12704,#12705);
#12703 = CARTESIAN_POINT('',(129.92,-79.97,1.6));
#12704 = DIRECTION('',(-0.,0.,-1.));
#12705 = DIRECTION('',(-2.828030789095E-14,-1.,0.));
#12706 = FACE_BOUND('',#12707,.T.);
#12707 = EDGE_LOOP('',(#12708));
#12708 = ORIENTED_EDGE('',*,*,#12709,.T.);
#12709 = EDGE_CURVE('',#12710,#12710,#12712,.T.);
#12710 = VERTEX_POINT('',#12711);
#12711 = CARTESIAN_POINT('',(103.302944,-56.947056,1.6));
#12712 = CIRCLE('',#12713,0.25);
#12713 = AXIS2_PLACEMENT_3D('',#12714,#12715,#12716);
#12714 = CARTESIAN_POINT('',(103.302944,-56.697056,1.6));
#12715 = DIRECTION('',(-0.,0.,-1.));
#12716 = DIRECTION('',(-0.,-1.,0.));
#12717 = FACE_BOUND('',#12718,.T.);
#12718 = EDGE_LOOP('',(#12719));
#12719 = ORIENTED_EDGE('',*,*,#12720,.T.);
#12720 = EDGE_CURVE('',#12721,#12721,#12723,.T.);
#12721 = VERTEX_POINT('',#12722);
#12722 = CARTESIAN_POINT('',(105.,-57.65,1.6));
#12723 = CIRCLE('',#12724,0.25);
#12724 = AXIS2_PLACEMENT_3D('',#12725,#12726,#12727);
#12725 = CARTESIAN_POINT('',(105.,-57.4,1.6));
#12726 = DIRECTION('',(-0.,0.,-1.));
#12727 = DIRECTION('',(-0.,-1.,0.));
#12728 = FACE_BOUND('',#12729,.T.);
#12729 = EDGE_LOOP('',(#12730));
#12730 = ORIENTED_EDGE('',*,*,#12731,.T.);
#12731 = EDGE_CURVE('',#12732,#12732,#12734,.T.);
#12732 = VERTEX_POINT('',#12733);
#12733 = CARTESIAN_POINT('',(106.697056,-56.947056,1.6));
#12734 = CIRCLE('',#12735,0.25);
#12735 = AXIS2_PLACEMENT_3D('',#12736,#12737,#12738);
#12736 = CARTESIAN_POINT('',(106.697056,-56.697056,1.6));
#12737 = DIRECTION('',(-0.,0.,-1.));
#12738 = DIRECTION('',(-0.,-1.,0.));
#12739 = FACE_BOUND('',#12740,.T.);
#12740 = EDGE_LOOP('',(#12741));
#12741 = ORIENTED_EDGE('',*,*,#12742,.T.);
#12742 = EDGE_CURVE('',#12743,#12743,#12745,.T.);
#12743 = VERTEX_POINT('',#12744);
#12744 = CARTESIAN_POINT('',(102.6,-55.25,1.6));
#12745 = CIRCLE('',#12746,0.25);
#12746 = AXIS2_PLACEMENT_3D('',#12747,#12748,#12749);
#12747 = CARTESIAN_POINT('',(102.6,-55.,1.6));
#12748 = DIRECTION('',(-0.,0.,-1.));
#12749 = DIRECTION('',(-0.,-1.,0.));
#12750 = FACE_BOUND('',#12751,.T.);
#12751 = EDGE_LOOP('',(#12752));
#12752 = ORIENTED_EDGE('',*,*,#12753,.T.);
#12753 = EDGE_CURVE('',#12754,#12754,#12756,.T.);
#12754 = VERTEX_POINT('',#12755);
#12755 = CARTESIAN_POINT('',(105.,-56.6,1.6));
#12756 = CIRCLE('',#12757,1.6);
#12757 = AXIS2_PLACEMENT_3D('',#12758,#12759,#12760);
#12758 = CARTESIAN_POINT('',(105.,-55.,1.6));
#12759 = DIRECTION('',(-0.,0.,-1.));
#12760 = DIRECTION('',(-0.,-1.,0.));
#12761 = FACE_BOUND('',#12762,.T.);
#12762 = EDGE_LOOP('',(#12763));
#12763 = ORIENTED_EDGE('',*,*,#12764,.T.);
#12764 = EDGE_CURVE('',#12765,#12765,#12767,.T.);
#12765 = VERTEX_POINT('',#12766);
#12766 = CARTESIAN_POINT('',(103.302944,-53.552944,1.6));
#12767 = CIRCLE('',#12768,0.25);
#12768 = AXIS2_PLACEMENT_3D('',#12769,#12770,#12771);
#12769 = CARTESIAN_POINT('',(103.302944,-53.302944,1.6));
#12770 = DIRECTION('',(-0.,0.,-1.));
#12771 = DIRECTION('',(-0.,-1.,0.));
#12772 = FACE_BOUND('',#12773,.T.);
#12773 = EDGE_LOOP('',(#12774));
#12774 = ORIENTED_EDGE('',*,*,#12775,.T.);
#12775 = EDGE_CURVE('',#12776,#12776,#12778,.T.);
#12776 = VERTEX_POINT('',#12777);
#12777 = CARTESIAN_POINT('',(105.,-52.85,1.6));
#12778 = CIRCLE('',#12779,0.25);
#12779 = AXIS2_PLACEMENT_3D('',#12780,#12781,#12782);
#12780 = CARTESIAN_POINT('',(105.,-52.6,1.6));
#12781 = DIRECTION('',(-0.,0.,-1.));
#12782 = DIRECTION('',(-0.,-1.,0.));
#12783 = FACE_BOUND('',#12784,.T.);
#12784 = EDGE_LOOP('',(#12785));
#12785 = ORIENTED_EDGE('',*,*,#12786,.T.);
#12786 = EDGE_CURVE('',#12787,#12787,#12789,.T.);
#12787 = VERTEX_POINT('',#12788);
#12788 = CARTESIAN_POINT('',(107.4,-55.25,1.6));
#12789 = CIRCLE('',#12790,0.25);
#12790 = AXIS2_PLACEMENT_3D('',#12791,#12792,#12793);
#12791 = CARTESIAN_POINT('',(107.4,-55.,1.6));
#12792 = DIRECTION('',(-0.,0.,-1.));
#12793 = DIRECTION('',(-0.,-1.,0.));
#12794 = FACE_BOUND('',#12795,.T.);
#12795 = EDGE_LOOP('',(#12796));
#12796 = ORIENTED_EDGE('',*,*,#12797,.T.);
#12797 = EDGE_CURVE('',#12798,#12798,#12800,.T.);
#12798 = VERTEX_POINT('',#12799);
#12799 = CARTESIAN_POINT('',(106.697056,-53.552944,1.6));
#12800 = CIRCLE('',#12801,0.25);
#12801 = AXIS2_PLACEMENT_3D('',#12802,#12803,#12804);
#12802 = CARTESIAN_POINT('',(106.697056,-53.302944,1.6));
#12803 = DIRECTION('',(-0.,0.,-1.));
#12804 = DIRECTION('',(-0.,-1.,0.));
#12805 = FACE_BOUND('',#12806,.T.);
#12806 = EDGE_LOOP('',(#12807));
#12807 = ORIENTED_EDGE('',*,*,#12808,.T.);
#12808 = EDGE_CURVE('',#12809,#12809,#12811,.T.);
#12809 = VERTEX_POINT('',#12810);
#12810 = CARTESIAN_POINT('',(140.08,-80.975,1.6));
#12811 = CIRCLE('',#12812,1.005);
#12812 = AXIS2_PLACEMENT_3D('',#12813,#12814,#12815);
#12813 = CARTESIAN_POINT('',(140.08,-79.97,1.6));
#12814 = DIRECTION('',(-0.,0.,-1.));
#12815 = DIRECTION('',(2.828030789095E-14,-1.,-0.));
#12816 = FACE_BOUND('',#12817,.T.);
#12817 = EDGE_LOOP('',(#12818));
#12818 = ORIENTED_EDGE('',*,*,#12819,.T.);
#12819 = EDGE_CURVE('',#12820,#12820,#12822,.T.);
#12820 = VERTEX_POINT('',#12821);
#12821 = CARTESIAN_POINT('',(153.302944,-56.947056,1.6));
#12822 = CIRCLE('',#12823,0.25);
#12823 = AXIS2_PLACEMENT_3D('',#12824,#12825,#12826);
#12824 = CARTESIAN_POINT('',(153.302944,-56.697056,1.6));
#12825 = DIRECTION('',(-0.,0.,-1.));
#12826 = DIRECTION('',(-0.,-1.,0.));
#12827 = FACE_BOUND('',#12828,.T.);
#12828 = EDGE_LOOP('',(#12829));
#12829 = ORIENTED_EDGE('',*,*,#12830,.T.);
#12830 = EDGE_CURVE('',#12831,#12831,#12833,.T.);
#12831 = VERTEX_POINT('',#12832);
#12832 = CARTESIAN_POINT('',(155.,-57.65,1.6));
#12833 = CIRCLE('',#12834,0.25);
#12834 = AXIS2_PLACEMENT_3D('',#12835,#12836,#12837);
#12835 = CARTESIAN_POINT('',(155.,-57.4,1.6));
#12836 = DIRECTION('',(-0.,0.,-1.));
#12837 = DIRECTION('',(-0.,-1.,0.));
#12838 = FACE_BOUND('',#12839,.T.);
#12839 = EDGE_LOOP('',(#12840));
#12840 = ORIENTED_EDGE('',*,*,#12841,.T.);
#12841 = EDGE_CURVE('',#12842,#12842,#12844,.T.);
#12842 = VERTEX_POINT('',#12843);
#12843 = CARTESIAN_POINT('',(156.697056,-56.947056,1.6));
#12844 = CIRCLE('',#12845,0.25);
#12845 = AXIS2_PLACEMENT_3D('',#12846,#12847,#12848);
#12846 = CARTESIAN_POINT('',(156.697056,-56.697056,1.6));
#12847 = DIRECTION('',(-0.,0.,-1.));
#12848 = DIRECTION('',(-0.,-1.,0.));
#12849 = FACE_BOUND('',#12850,.T.);
#12850 = EDGE_LOOP('',(#12851));
#12851 = ORIENTED_EDGE('',*,*,#12852,.T.);
#12852 = EDGE_CURVE('',#12853,#12853,#12855,.T.);
#12853 = VERTEX_POINT('',#12854);
#12854 = CARTESIAN_POINT('',(152.6,-55.25,1.6));
#12855 = CIRCLE('',#12856,0.25);
#12856 = AXIS2_PLACEMENT_3D('',#12857,#12858,#12859);
#12857 = CARTESIAN_POINT('',(152.6,-55.,1.6));
#12858 = DIRECTION('',(-0.,0.,-1.));
#12859 = DIRECTION('',(-0.,-1.,0.));
#12860 = FACE_BOUND('',#12861,.T.);
#12861 = EDGE_LOOP('',(#12862));
#12862 = ORIENTED_EDGE('',*,*,#12863,.T.);
#12863 = EDGE_CURVE('',#12864,#12864,#12866,.T.);
#12864 = VERTEX_POINT('',#12865);
#12865 = CARTESIAN_POINT('',(153.302944,-53.552944,1.6));
#12866 = CIRCLE('',#12867,0.25);
#12867 = AXIS2_PLACEMENT_3D('',#12868,#12869,#12870);
#12868 = CARTESIAN_POINT('',(153.302944,-53.302944,1.6));
#12869 = DIRECTION('',(-0.,0.,-1.));
#12870 = DIRECTION('',(-0.,-1.,0.));
#12871 = FACE_BOUND('',#12872,.T.);
#12872 = EDGE_LOOP('',(#12873));
#12873 = ORIENTED_EDGE('',*,*,#12874,.T.);
#12874 = EDGE_CURVE('',#12875,#12875,#12877,.T.);
#12875 = VERTEX_POINT('',#12876);
#12876 = CARTESIAN_POINT('',(155.,-56.6,1.6));
#12877 = CIRCLE('',#12878,1.6);
#12878 = AXIS2_PLACEMENT_3D('',#12879,#12880,#12881);
#12879 = CARTESIAN_POINT('',(155.,-55.,1.6));
#12880 = DIRECTION('',(-0.,0.,-1.));
#12881 = DIRECTION('',(-0.,-1.,0.));
#12882 = FACE_BOUND('',#12883,.T.);
#12883 = EDGE_LOOP('',(#12884));
#12884 = ORIENTED_EDGE('',*,*,#12885,.T.);
#12885 = EDGE_CURVE('',#12886,#12886,#12888,.T.);
#12886 = VERTEX_POINT('',#12887);
#12887 = CARTESIAN_POINT('',(157.4,-55.25,1.6));
#12888 = CIRCLE('',#12889,0.25);
#12889 = AXIS2_PLACEMENT_3D('',#12890,#12891,#12892);
#12890 = CARTESIAN_POINT('',(157.4,-55.,1.6));
#12891 = DIRECTION('',(-0.,0.,-1.));
#12892 = DIRECTION('',(-0.,-1.,0.));
#12893 = FACE_BOUND('',#12894,.T.);
#12894 = EDGE_LOOP('',(#12895));
#12895 = ORIENTED_EDGE('',*,*,#12896,.T.);
#12896 = EDGE_CURVE('',#12897,#12897,#12899,.T.);
#12897 = VERTEX_POINT('',#12898);
#12898 = CARTESIAN_POINT('',(155.,-52.85,1.6));
#12899 = CIRCLE('',#12900,0.25);
#12900 = AXIS2_PLACEMENT_3D('',#12901,#12902,#12903);
#12901 = CARTESIAN_POINT('',(155.,-52.6,1.6));
#12902 = DIRECTION('',(-0.,0.,-1.));
#12903 = DIRECTION('',(-0.,-1.,0.));
#12904 = FACE_BOUND('',#12905,.T.);
#12905 = EDGE_LOOP('',(#12906));
#12906 = ORIENTED_EDGE('',*,*,#12907,.T.);
#12907 = EDGE_CURVE('',#12908,#12908,#12910,.T.);
#12908 = VERTEX_POINT('',#12909);
#12909 = CARTESIAN_POINT('',(156.697056,-53.552944,1.6));
#12910 = CIRCLE('',#12911,0.25);
#12911 = AXIS2_PLACEMENT_3D('',#12912,#12913,#12914);
#12912 = CARTESIAN_POINT('',(156.697056,-53.302944,1.6));
#12913 = DIRECTION('',(-0.,0.,-1.));
#12914 = DIRECTION('',(-0.,-1.,0.));
#12915 = PLANE('',#12916);
#12916 = AXIS2_PLACEMENT_3D('',#12917,#12918,#12919);
#12917 = CARTESIAN_POINT('',(0.,0.,1.6));
#12918 = DIRECTION('',(0.,0.,1.));
#12919 = DIRECTION('',(1.,0.,-0.));
#12920 = ADVANCED_FACE('',(#12921),#12927,.T.);
#12921 = FACE_BOUND('',#12922,.T.);
#12922 = EDGE_LOOP('',(#12923,#12924,#12925,#12926));
#12923 = ORIENTED_EDGE('',*,*,#11812,.T.);
#12924 = ORIENTED_EDGE('',*,*,#12381,.T.);
#12925 = ORIENTED_EDGE('',*,*,#11772,.F.);
#12926 = ORIENTED_EDGE('',*,*,#11836,.F.);
#12927 = PLANE('',#12928);
#12928 = AXIS2_PLACEMENT_3D('',#12929,#12930,#12931);
#12929 = CARTESIAN_POINT('',(100.,-50.,0.));
#12930 = DIRECTION('',(0.,1.,0.));
#12931 = DIRECTION('',(1.,0.,0.));
#12932 = ADVANCED_FACE('',(#12933),#12944,.F.);
#12933 = FACE_BOUND('',#12934,.T.);
#12934 = EDGE_LOOP('',(#12935,#12936,#12942,#12943));
#12935 = ORIENTED_EDGE('',*,*,#11845,.T.);
#12936 = ORIENTED_EDGE('',*,*,#12937,.T.);
#12937 = EDGE_CURVE('',#11846,#12391,#12938,.T.);
#12938 = LINE('',#12939,#12940);
#12939 = CARTESIAN_POINT('',(103.302944,-106.947056,-4.5E-02));
#12940 = VECTOR('',#12941,1.);
#12941 = DIRECTION('',(0.,0.,1.));
#12942 = ORIENTED_EDGE('',*,*,#12390,.F.);
#12943 = ORIENTED_EDGE('',*,*,#12937,.F.);
#12944 = CYLINDRICAL_SURFACE('',#12945,0.25);
#12945 = AXIS2_PLACEMENT_3D('',#12946,#12947,#12948);
#12946 = CARTESIAN_POINT('',(103.302944,-106.697056,-4.5E-02));
#12947 = DIRECTION('',(-0.,-0.,-1.));
#12948 = DIRECTION('',(-0.,-1.,0.));
#12949 = ADVANCED_FACE('',(#12950),#12961,.F.);
#12950 = FACE_BOUND('',#12951,.T.);
#12951 = EDGE_LOOP('',(#12952,#12953,#12959,#12960));
#12952 = ORIENTED_EDGE('',*,*,#11856,.T.);
#12953 = ORIENTED_EDGE('',*,*,#12954,.T.);
#12954 = EDGE_CURVE('',#11857,#12402,#12955,.T.);
#12955 = LINE('',#12956,#12957);
#12956 = CARTESIAN_POINT('',(105.,-107.65,-4.5E-02));
#12957 = VECTOR('',#12958,1.);
#12958 = DIRECTION('',(0.,0.,1.));
#12959 = ORIENTED_EDGE('',*,*,#12401,.F.);
#12960 = ORIENTED_EDGE('',*,*,#12954,.F.);
#12961 = CYLINDRICAL_SURFACE('',#12962,0.25);
#12962 = AXIS2_PLACEMENT_3D('',#12963,#12964,#12965);
#12963 = CARTESIAN_POINT('',(105.,-107.4,-4.5E-02));
#12964 = DIRECTION('',(-0.,-0.,-1.));
#12965 = DIRECTION('',(-0.,-1.,0.));
#12966 = ADVANCED_FACE('',(#12967),#12978,.F.);
#12967 = FACE_BOUND('',#12968,.T.);
#12968 = EDGE_LOOP('',(#12969,#12970,#12976,#12977));
#12969 = ORIENTED_EDGE('',*,*,#11867,.T.);
#12970 = ORIENTED_EDGE('',*,*,#12971,.T.);
#12971 = EDGE_CURVE('',#11868,#12413,#12972,.T.);
#12972 = LINE('',#12973,#12974);
#12973 = CARTESIAN_POINT('',(102.6,-105.25,-4.5E-02));
#12974 = VECTOR('',#12975,1.);
#12975 = DIRECTION('',(0.,0.,1.));
#12976 = ORIENTED_EDGE('',*,*,#12412,.F.);
#12977 = ORIENTED_EDGE('',*,*,#12971,.F.);
#12978 = CYLINDRICAL_SURFACE('',#12979,0.25);
#12979 = AXIS2_PLACEMENT_3D('',#12980,#12981,#12982);
#12980 = CARTESIAN_POINT('',(102.6,-105.,-4.5E-02));
#12981 = DIRECTION('',(-0.,-0.,-1.));
#12982 = DIRECTION('',(-0.,-1.,0.));
#12983 = ADVANCED_FACE('',(#12984),#12995,.F.);
#12984 = FACE_BOUND('',#12985,.T.);
#12985 = EDGE_LOOP('',(#12986,#12987,#12993,#12994));
#12986 = ORIENTED_EDGE('',*,*,#11878,.T.);
#12987 = ORIENTED_EDGE('',*,*,#12988,.T.);
#12988 = EDGE_CURVE('',#11879,#12424,#12989,.T.);
#12989 = LINE('',#12990,#12991);
#12990 = CARTESIAN_POINT('',(105.,-106.6,-4.5E-02));
#12991 = VECTOR('',#12992,1.);
#12992 = DIRECTION('',(0.,0.,1.));
#12993 = ORIENTED_EDGE('',*,*,#12423,.F.);
#12994 = ORIENTED_EDGE('',*,*,#12988,.F.);
#12995 = CYLINDRICAL_SURFACE('',#12996,1.6);
#12996 = AXIS2_PLACEMENT_3D('',#12997,#12998,#12999);
#12997 = CARTESIAN_POINT('',(105.,-105.,-4.5E-02));
#12998 = DIRECTION('',(-0.,-0.,-1.));
#12999 = DIRECTION('',(-0.,-1.,0.));
#13000 = ADVANCED_FACE('',(#13001),#13012,.F.);
#13001 = FACE_BOUND('',#13002,.T.);
#13002 = EDGE_LOOP('',(#13003,#13004,#13010,#13011));
#13003 = ORIENTED_EDGE('',*,*,#11889,.T.);
#13004 = ORIENTED_EDGE('',*,*,#13005,.T.);
#13005 = EDGE_CURVE('',#11890,#12435,#13006,.T.);
#13006 = LINE('',#13007,#13008);
#13007 = CARTESIAN_POINT('',(106.697056,-106.947056,-4.5E-02));
#13008 = VECTOR('',#13009,1.);
#13009 = DIRECTION('',(0.,0.,1.));
#13010 = ORIENTED_EDGE('',*,*,#12434,.F.);
#13011 = ORIENTED_EDGE('',*,*,#13005,.F.);
#13012 = CYLINDRICAL_SURFACE('',#13013,0.25);
#13013 = AXIS2_PLACEMENT_3D('',#13014,#13015,#13016);
#13014 = CARTESIAN_POINT('',(106.697056,-106.697056,-4.5E-02));
#13015 = DIRECTION('',(-0.,-0.,-1.));
#13016 = DIRECTION('',(-0.,-1.,0.));
#13017 = ADVANCED_FACE('',(#13018),#13029,.F.);
#13018 = FACE_BOUND('',#13019,.T.);
#13019 = EDGE_LOOP('',(#13020,#13021,#13027,#13028));
#13020 = ORIENTED_EDGE('',*,*,#11900,.T.);
#13021 = ORIENTED_EDGE('',*,*,#13022,.T.);
#13022 = EDGE_CURVE('',#11901,#12446,#13023,.T.);
#13023 = LINE('',#13024,#13025);
#13024 = CARTESIAN_POINT('',(107.4,-105.25,-4.5E-02));
#13025 = VECTOR('',#13026,1.);
#13026 = DIRECTION('',(0.,0.,1.));
#13027 = ORIENTED_EDGE('',*,*,#12445,.F.);
#13028 = ORIENTED_EDGE('',*,*,#13022,.F.);
#13029 = CYLINDRICAL_SURFACE('',#13030,0.25);
#13030 = AXIS2_PLACEMENT_3D('',#13031,#13032,#13033);
#13031 = CARTESIAN_POINT('',(107.4,-105.,-4.5E-02));
#13032 = DIRECTION('',(-0.,-0.,-1.));
#13033 = DIRECTION('',(-0.,-1.,0.));
#13034 = ADVANCED_FACE('',(#13035),#13046,.F.);
#13035 = FACE_BOUND('',#13036,.T.);
#13036 = EDGE_LOOP('',(#13037,#13038,#13044,#13045));
#13037 = ORIENTED_EDGE('',*,*,#11911,.T.);
#13038 = ORIENTED_EDGE('',*,*,#13039,.T.);
#13039 = EDGE_CURVE('',#11912,#12457,#13040,.T.);
#13040 = LINE('',#13041,#13042);
#13041 = CARTESIAN_POINT('',(103.302944,-103.552944,-4.5E-02));
#13042 = VECTOR('',#13043,1.);
#13043 = DIRECTION('',(0.,0.,1.));
#13044 = ORIENTED_EDGE('',*,*,#12456,.F.);
#13045 = ORIENTED_EDGE('',*,*,#13039,.F.);
#13046 = CYLINDRICAL_SURFACE('',#13047,0.25);
#13047 = AXIS2_PLACEMENT_3D('',#13048,#13049,#13050);
#13048 = CARTESIAN_POINT('',(103.302944,-103.302944,-4.5E-02));
#13049 = DIRECTION('',(-0.,-0.,-1.));
#13050 = DIRECTION('',(-0.,-1.,0.));
#13051 = ADVANCED_FACE('',(#13052),#13063,.F.);
#13052 = FACE_BOUND('',#13053,.T.);
#13053 = EDGE_LOOP('',(#13054,#13055,#13061,#13062));
#13054 = ORIENTED_EDGE('',*,*,#11922,.T.);
#13055 = ORIENTED_EDGE('',*,*,#13056,.T.);
#13056 = EDGE_CURVE('',#11923,#12468,#13057,.T.);
#13057 = LINE('',#13058,#13059);
#13058 = CARTESIAN_POINT('',(105.,-102.85,-4.5E-02));
#13059 = VECTOR('',#13060,1.);
#13060 = DIRECTION('',(0.,0.,1.));
#13061 = ORIENTED_EDGE('',*,*,#12467,.F.);
#13062 = ORIENTED_EDGE('',*,*,#13056,.F.);
#13063 = CYLINDRICAL_SURFACE('',#13064,0.25);
#13064 = AXIS2_PLACEMENT_3D('',#13065,#13066,#13067);
#13065 = CARTESIAN_POINT('',(105.,-102.6,-4.5E-02));
#13066 = DIRECTION('',(-0.,-0.,-1.));
#13067 = DIRECTION('',(-0.,-1.,0.));
#13068 = ADVANCED_FACE('',(#13069),#13080,.F.);
#13069 = FACE_BOUND('',#13070,.T.);
#13070 = EDGE_LOOP('',(#13071,#13072,#13078,#13079));
#13071 = ORIENTED_EDGE('',*,*,#11933,.T.);
#13072 = ORIENTED_EDGE('',*,*,#13073,.T.);
#13073 = EDGE_CURVE('',#11934,#12479,#13074,.T.);
#13074 = LINE('',#13075,#13076);
#13075 = CARTESIAN_POINT('',(106.697056,-103.552944,-4.5E-02));
#13076 = VECTOR('',#13077,1.);
#13077 = DIRECTION('',(0.,0.,1.));
#13078 = ORIENTED_EDGE('',*,*,#12478,.F.);
#13079 = ORIENTED_EDGE('',*,*,#13073,.F.);
#13080 = CYLINDRICAL_SURFACE('',#13081,0.25);
#13081 = AXIS2_PLACEMENT_3D('',#13082,#13083,#13084);
#13082 = CARTESIAN_POINT('',(106.697056,-103.302944,-4.5E-02));
#13083 = DIRECTION('',(-0.,-0.,-1.));
#13084 = DIRECTION('',(-0.,-1.,0.));
#13085 = ADVANCED_FACE('',(#13086),#13097,.F.);
#13086 = FACE_BOUND('',#13087,.T.);
#13087 = EDGE_LOOP('',(#13088,#13089,#13095,#13096));
#13088 = ORIENTED_EDGE('',*,*,#11944,.T.);
#13089 = ORIENTED_EDGE('',*,*,#13090,.T.);
#13090 = EDGE_CURVE('',#11945,#12490,#13091,.T.);
#13091 = LINE('',#13092,#13093);
#13092 = CARTESIAN_POINT('',(114.,-106.04,-4.5E-02));
#13093 = VECTOR('',#13094,1.);
#13094 = DIRECTION('',(0.,0.,1.));
#13095 = ORIENTED_EDGE('',*,*,#12489,.F.);
#13096 = ORIENTED_EDGE('',*,*,#13090,.F.);
#13097 = CYLINDRICAL_SURFACE('',#13098,0.5);
#13098 = AXIS2_PLACEMENT_3D('',#13099,#13100,#13101);
#13099 = CARTESIAN_POINT('',(114.,-105.54,-4.5E-02));
#13100 = DIRECTION('',(-0.,-0.,-1.));
#13101 = DIRECTION('',(-0.,-1.,0.));
#13102 = ADVANCED_FACE('',(#13103),#13114,.F.);
#13103 = FACE_BOUND('',#13104,.T.);
#13104 = EDGE_LOOP('',(#13105,#13106,#13112,#13113));
#13105 = ORIENTED_EDGE('',*,*,#11955,.T.);
#13106 = ORIENTED_EDGE('',*,*,#13107,.T.);
#13107 = EDGE_CURVE('',#11956,#12501,#13108,.T.);
#13108 = LINE('',#13109,#13110);
#13109 = CARTESIAN_POINT('',(114.,-103.5,-4.5E-02));
#13110 = VECTOR('',#13111,1.);
#13111 = DIRECTION('',(0.,0.,1.));
#13112 = ORIENTED_EDGE('',*,*,#12500,.F.);
#13113 = ORIENTED_EDGE('',*,*,#13107,.F.);
#13114 = CYLINDRICAL_SURFACE('',#13115,0.5);
#13115 = AXIS2_PLACEMENT_3D('',#13116,#13117,#13118);
#13116 = CARTESIAN_POINT('',(114.,-103.,-4.5E-02));
#13117 = DIRECTION('',(-0.,-0.,-1.));
#13118 = DIRECTION('',(-0.,-1.,0.));
#13119 = ADVANCED_FACE('',(#13120),#13131,.F.);
#13120 = FACE_BOUND('',#13121,.T.);
#13121 = EDGE_LOOP('',(#13122,#13123,#13129,#13130));
#13122 = ORIENTED_EDGE('',*,*,#11966,.T.);
#13123 = ORIENTED_EDGE('',*,*,#13124,.T.);
#13124 = EDGE_CURVE('',#11967,#12512,#13125,.T.);
#13125 = LINE('',#13126,#13127);
#13126 = CARTESIAN_POINT('',(119.5,-106.04,-4.5E-02));
#13127 = VECTOR('',#13128,1.);
#13128 = DIRECTION('',(0.,0.,1.));
#13129 = ORIENTED_EDGE('',*,*,#12511,.F.);
#13130 = ORIENTED_EDGE('',*,*,#13124,.F.);
#13131 = CYLINDRICAL_SURFACE('',#13132,0.5);
#13132 = AXIS2_PLACEMENT_3D('',#13133,#13134,#13135);
#13133 = CARTESIAN_POINT('',(119.5,-105.54,-4.5E-02));
#13134 = DIRECTION('',(-0.,-0.,-1.));
#13135 = DIRECTION('',(-0.,-1.,0.));
#13136 = ADVANCED_FACE('',(#13137),#13148,.F.);
#13137 = FACE_BOUND('',#13138,.T.);
#13138 = EDGE_LOOP('',(#13139,#13140,#13146,#13147));
#13139 = ORIENTED_EDGE('',*,*,#11977,.T.);
#13140 = ORIENTED_EDGE('',*,*,#13141,.T.);
#13141 = EDGE_CURVE('',#11978,#12523,#13142,.T.);
#13142 = LINE('',#13143,#13144);
#13143 = CARTESIAN_POINT('',(119.5,-103.5,-4.5E-02));
#13144 = VECTOR('',#13145,1.);
#13145 = DIRECTION('',(0.,0.,1.));
#13146 = ORIENTED_EDGE('',*,*,#12522,.F.);
#13147 = ORIENTED_EDGE('',*,*,#13141,.F.);
#13148 = CYLINDRICAL_SURFACE('',#13149,0.5);
#13149 = AXIS2_PLACEMENT_3D('',#13150,#13151,#13152);
#13150 = CARTESIAN_POINT('',(119.5,-103.,-4.5E-02));
#13151 = DIRECTION('',(-0.,-0.,-1.));
#13152 = DIRECTION('',(-0.,-1.,0.));
#13153 = ADVANCED_FACE('',(#13154),#13165,.F.);
#13154 = FACE_BOUND('',#13155,.T.);
#13155 = EDGE_LOOP('',(#13156,#13157,#13163,#13164));
#13156 = ORIENTED_EDGE('',*,*,#11988,.T.);
#13157 = ORIENTED_EDGE('',*,*,#13158,.T.);
#13158 = EDGE_CURVE('',#11989,#12534,#13159,.T.);
#13159 = LINE('',#13160,#13161);
#13160 = CARTESIAN_POINT('',(114.96,-85.495,-4.5E-02));
#13161 = VECTOR('',#13162,1.);
#13162 = DIRECTION('',(0.,0.,1.));
#13163 = ORIENTED_EDGE('',*,*,#12533,.F.);
#13164 = ORIENTED_EDGE('',*,*,#13158,.F.);
#13165 = CYLINDRICAL_SURFACE('',#13166,0.445);
#13166 = AXIS2_PLACEMENT_3D('',#13167,#13168,#13169);
#13167 = CARTESIAN_POINT('',(114.96,-85.05,-4.5E-02));
#13168 = DIRECTION('',(-0.,-0.,-1.));
#13169 = DIRECTION('',(-3.193450497798E-14,-1.,0.));
#13170 = ADVANCED_FACE('',(#13171),#13182,.F.);
#13171 = FACE_BOUND('',#13172,.T.);
#13172 = EDGE_LOOP('',(#13173,#13174,#13180,#13181));
#13173 = ORIENTED_EDGE('',*,*,#11999,.T.);
#13174 = ORIENTED_EDGE('',*,*,#13175,.T.);
#13175 = EDGE_CURVE('',#12000,#12545,#13176,.T.);
#13176 = LINE('',#13177,#13178);
#13177 = CARTESIAN_POINT('',(117.5,-85.495,-4.5E-02));
#13178 = VECTOR('',#13179,1.);
#13179 = DIRECTION('',(0.,0.,1.));
#13180 = ORIENTED_EDGE('',*,*,#12544,.F.);
#13181 = ORIENTED_EDGE('',*,*,#13175,.F.);
#13182 = CYLINDRICAL_SURFACE('',#13183,0.445);
#13183 = AXIS2_PLACEMENT_3D('',#13184,#13185,#13186);
#13184 = CARTESIAN_POINT('',(117.5,-85.05,-4.5E-02));
#13185 = DIRECTION('',(-0.,-0.,-1.));
#13186 = DIRECTION('',(-0.,-1.,0.));
#13187 = ADVANCED_FACE('',(#13188),#13199,.F.);
#13188 = FACE_BOUND('',#13189,.T.);
#13189 = EDGE_LOOP('',(#13190,#13191,#13197,#13198));
#13190 = ORIENTED_EDGE('',*,*,#12010,.T.);
#13191 = ORIENTED_EDGE('',*,*,#13192,.T.);
#13192 = EDGE_CURVE('',#12011,#12556,#13193,.T.);
#13193 = LINE('',#13194,#13195);
#13194 = CARTESIAN_POINT('',(153.302944,-106.947056,-4.5E-02));
#13195 = VECTOR('',#13196,1.);
#13196 = DIRECTION('',(0.,0.,1.));
#13197 = ORIENTED_EDGE('',*,*,#12555,.F.);
#13198 = ORIENTED_EDGE('',*,*,#13192,.F.);
#13199 = CYLINDRICAL_SURFACE('',#13200,0.25);
#13200 = AXIS2_PLACEMENT_3D('',#13201,#13202,#13203);
#13201 = CARTESIAN_POINT('',(153.302944,-106.697056,-4.5E-02));
#13202 = DIRECTION('',(-0.,-0.,-1.));
#13203 = DIRECTION('',(-0.,-1.,0.));
#13204 = ADVANCED_FACE('',(#13205),#13216,.F.);
#13205 = FACE_BOUND('',#13206,.T.);
#13206 = EDGE_LOOP('',(#13207,#13208,#13214,#13215));
#13207 = ORIENTED_EDGE('',*,*,#12021,.T.);
#13208 = ORIENTED_EDGE('',*,*,#13209,.T.);
#13209 = EDGE_CURVE('',#12022,#12567,#13210,.T.);
#13210 = LINE('',#13211,#13212);
#13211 = CARTESIAN_POINT('',(152.6,-105.25,-4.5E-02));
#13212 = VECTOR('',#13213,1.);
#13213 = DIRECTION('',(0.,0.,1.));
#13214 = ORIENTED_EDGE('',*,*,#12566,.F.);
#13215 = ORIENTED_EDGE('',*,*,#13209,.F.);
#13216 = CYLINDRICAL_SURFACE('',#13217,0.25);
#13217 = AXIS2_PLACEMENT_3D('',#13218,#13219,#13220);
#13218 = CARTESIAN_POINT('',(152.6,-105.,-4.5E-02));
#13219 = DIRECTION('',(-0.,-0.,-1.));
#13220 = DIRECTION('',(-0.,-1.,0.));
#13221 = ADVANCED_FACE('',(#13222),#13233,.F.);
#13222 = FACE_BOUND('',#13223,.T.);
#13223 = EDGE_LOOP('',(#13224,#13225,#13231,#13232));
#13224 = ORIENTED_EDGE('',*,*,#12032,.T.);
#13225 = ORIENTED_EDGE('',*,*,#13226,.T.);
#13226 = EDGE_CURVE('',#12033,#12578,#13227,.T.);
#13227 = LINE('',#13228,#13229);
#13228 = CARTESIAN_POINT('',(155.,-107.65,-4.5E-02));
#13229 = VECTOR('',#13230,1.);
#13230 = DIRECTION('',(0.,0.,1.));
#13231 = ORIENTED_EDGE('',*,*,#12577,.F.);
#13232 = ORIENTED_EDGE('',*,*,#13226,.F.);
#13233 = CYLINDRICAL_SURFACE('',#13234,0.25);
#13234 = AXIS2_PLACEMENT_3D('',#13235,#13236,#13237);
#13235 = CARTESIAN_POINT('',(155.,-107.4,-4.5E-02));
#13236 = DIRECTION('',(-0.,-0.,-1.));
#13237 = DIRECTION('',(-0.,-1.,0.));
#13238 = ADVANCED_FACE('',(#13239),#13250,.F.);
#13239 = FACE_BOUND('',#13240,.T.);
#13240 = EDGE_LOOP('',(#13241,#13242,#13248,#13249));
#13241 = ORIENTED_EDGE('',*,*,#12043,.T.);
#13242 = ORIENTED_EDGE('',*,*,#13243,.T.);
#13243 = EDGE_CURVE('',#12044,#12589,#13244,.T.);
#13244 = LINE('',#13245,#13246);
#13245 = CARTESIAN_POINT('',(156.697056,-106.947056,-4.5E-02));
#13246 = VECTOR('',#13247,1.);
#13247 = DIRECTION('',(0.,0.,1.));
#13248 = ORIENTED_EDGE('',*,*,#12588,.F.);
#13249 = ORIENTED_EDGE('',*,*,#13243,.F.);
#13250 = CYLINDRICAL_SURFACE('',#13251,0.25);
#13251 = AXIS2_PLACEMENT_3D('',#13252,#13253,#13254);
#13252 = CARTESIAN_POINT('',(156.697056,-106.697056,-4.5E-02));
#13253 = DIRECTION('',(-0.,-0.,-1.));
#13254 = DIRECTION('',(-0.,-1.,0.));
#13255 = ADVANCED_FACE('',(#13256),#13267,.F.);
#13256 = FACE_BOUND('',#13257,.T.);
#13257 = EDGE_LOOP('',(#13258,#13259,#13265,#13266));
#13258 = ORIENTED_EDGE('',*,*,#12054,.T.);
#13259 = ORIENTED_EDGE('',*,*,#13260,.T.);
#13260 = EDGE_CURVE('',#12055,#12600,#13261,.T.);
#13261 = LINE('',#13262,#13263);
#13262 = CARTESIAN_POINT('',(155.,-106.6,-4.5E-02));
#13263 = VECTOR('',#13264,1.);
#13264 = DIRECTION('',(0.,0.,1.));
#13265 = ORIENTED_EDGE('',*,*,#12599,.F.);
#13266 = ORIENTED_EDGE('',*,*,#13260,.F.);
#13267 = CYLINDRICAL_SURFACE('',#13268,1.6);
#13268 = AXIS2_PLACEMENT_3D('',#13269,#13270,#13271);
#13269 = CARTESIAN_POINT('',(155.,-105.,-4.5E-02));
#13270 = DIRECTION('',(-0.,-0.,-1.));
#13271 = DIRECTION('',(-0.,-1.,0.));
#13272 = ADVANCED_FACE('',(#13273),#13284,.F.);
#13273 = FACE_BOUND('',#13274,.T.);
#13274 = EDGE_LOOP('',(#13275,#13276,#13282,#13283));
#13275 = ORIENTED_EDGE('',*,*,#12065,.T.);
#13276 = ORIENTED_EDGE('',*,*,#13277,.T.);
#13277 = EDGE_CURVE('',#12066,#12611,#13278,.T.);
#13278 = LINE('',#13279,#13280);
#13279 = CARTESIAN_POINT('',(157.4,-105.25,-4.5E-02));
#13280 = VECTOR('',#13281,1.);
#13281 = DIRECTION('',(0.,0.,1.));
#13282 = ORIENTED_EDGE('',*,*,#12610,.F.);
#13283 = ORIENTED_EDGE('',*,*,#13277,.F.);
#13284 = CYLINDRICAL_SURFACE('',#13285,0.25);
#13285 = AXIS2_PLACEMENT_3D('',#13286,#13287,#13288);
#13286 = CARTESIAN_POINT('',(157.4,-105.,-4.5E-02));
#13287 = DIRECTION('',(-0.,-0.,-1.));
#13288 = DIRECTION('',(-0.,-1.,0.));
#13289 = ADVANCED_FACE('',(#13290),#13301,.F.);
#13290 = FACE_BOUND('',#13291,.T.);
#13291 = EDGE_LOOP('',(#13292,#13293,#13299,#13300));
#13292 = ORIENTED_EDGE('',*,*,#12076,.T.);
#13293 = ORIENTED_EDGE('',*,*,#13294,.T.);
#13294 = EDGE_CURVE('',#12077,#12622,#13295,.T.);
#13295 = LINE('',#13296,#13297);
#13296 = CARTESIAN_POINT('',(153.302944,-103.552944,-4.5E-02));
#13297 = VECTOR('',#13298,1.);
#13298 = DIRECTION('',(0.,0.,1.));
#13299 = ORIENTED_EDGE('',*,*,#12621,.F.);
#13300 = ORIENTED_EDGE('',*,*,#13294,.F.);
#13301 = CYLINDRICAL_SURFACE('',#13302,0.25);
#13302 = AXIS2_PLACEMENT_3D('',#13303,#13304,#13305);
#13303 = CARTESIAN_POINT('',(153.302944,-103.302944,-4.5E-02));
#13304 = DIRECTION('',(-0.,-0.,-1.));
#13305 = DIRECTION('',(-0.,-1.,0.));
#13306 = ADVANCED_FACE('',(#13307),#13318,.F.);
#13307 = FACE_BOUND('',#13308,.T.);
#13308 = EDGE_LOOP('',(#13309,#13310,#13316,#13317));
#13309 = ORIENTED_EDGE('',*,*,#12087,.T.);
#13310 = ORIENTED_EDGE('',*,*,#13311,.T.);
#13311 = EDGE_CURVE('',#12088,#12633,#13312,.T.);
#13312 = LINE('',#13313,#13314);
#13313 = CARTESIAN_POINT('',(155.,-102.85,-4.5E-02));
#13314 = VECTOR('',#13315,1.);
#13315 = DIRECTION('',(0.,0.,1.));
#13316 = ORIENTED_EDGE('',*,*,#12632,.F.);
#13317 = ORIENTED_EDGE('',*,*,#13311,.F.);
#13318 = CYLINDRICAL_SURFACE('',#13319,0.25);
#13319 = AXIS2_PLACEMENT_3D('',#13320,#13321,#13322);
#13320 = CARTESIAN_POINT('',(155.,-102.6,-4.5E-02));
#13321 = DIRECTION('',(-0.,-0.,-1.));
#13322 = DIRECTION('',(-0.,-1.,0.));
#13323 = ADVANCED_FACE('',(#13324),#13335,.F.);
#13324 = FACE_BOUND('',#13325,.T.);
#13325 = EDGE_LOOP('',(#13326,#13327,#13333,#13334));
#13326 = ORIENTED_EDGE('',*,*,#12098,.T.);
#13327 = ORIENTED_EDGE('',*,*,#13328,.T.);
#13328 = EDGE_CURVE('',#12099,#12644,#13329,.T.);
#13329 = LINE('',#13330,#13331);
#13330 = CARTESIAN_POINT('',(156.697056,-103.552944,-4.5E-02));
#13331 = VECTOR('',#13332,1.);
#13332 = DIRECTION('',(0.,0.,1.));
#13333 = ORIENTED_EDGE('',*,*,#12643,.F.);
#13334 = ORIENTED_EDGE('',*,*,#13328,.F.);
#13335 = CYLINDRICAL_SURFACE('',#13336,0.25);
#13336 = AXIS2_PLACEMENT_3D('',#13337,#13338,#13339);
#13337 = CARTESIAN_POINT('',(156.697056,-103.302944,-4.5E-02));
#13338 = DIRECTION('',(-0.,-0.,-1.));
#13339 = DIRECTION('',(-0.,-1.,0.));
#13340 = ADVANCED_FACE('',(#13341),#13352,.F.);
#13341 = FACE_BOUND('',#13342,.T.);
#13342 = EDGE_LOOP('',(#13343,#13344,#13350,#13351));
#13343 = ORIENTED_EDGE('',*,*,#12109,.T.);
#13344 = ORIENTED_EDGE('',*,*,#13345,.T.);
#13345 = EDGE_CURVE('',#12110,#12655,#13346,.T.);
#13346 = LINE('',#13347,#13348);
#13347 = CARTESIAN_POINT('',(132.46,-85.495,-4.5E-02));
#13348 = VECTOR('',#13349,1.);
#13349 = DIRECTION('',(0.,0.,1.));
#13350 = ORIENTED_EDGE('',*,*,#12654,.F.);
#13351 = ORIENTED_EDGE('',*,*,#13345,.F.);
#13352 = CYLINDRICAL_SURFACE('',#13353,0.445);
#13353 = AXIS2_PLACEMENT_3D('',#13354,#13355,#13356);
#13354 = CARTESIAN_POINT('',(132.46,-85.05,-4.5E-02));
#13355 = DIRECTION('',(-0.,0.,-1.));
#13356 = DIRECTION('',(6.386900995596E-14,-1.,-0.));
#13357 = ADVANCED_FACE('',(#13358),#13369,.F.);
#13358 = FACE_BOUND('',#13359,.T.);
#13359 = EDGE_LOOP('',(#13360,#13361,#13367,#13368));
#13360 = ORIENTED_EDGE('',*,*,#12120,.T.);
#13361 = ORIENTED_EDGE('',*,*,#13362,.T.);
#13362 = EDGE_CURVE('',#12121,#12666,#13363,.T.);
#13363 = LINE('',#13364,#13365);
#13364 = CARTESIAN_POINT('',(135.,-85.495,-4.5E-02));
#13365 = VECTOR('',#13366,1.);
#13366 = DIRECTION('',(0.,0.,1.));
#13367 = ORIENTED_EDGE('',*,*,#12665,.F.);
#13368 = ORIENTED_EDGE('',*,*,#13362,.F.);
#13369 = CYLINDRICAL_SURFACE('',#13370,0.445);
#13370 = AXIS2_PLACEMENT_3D('',#13371,#13372,#13373);
#13371 = CARTESIAN_POINT('',(135.,-85.05,-4.5E-02));
#13372 = DIRECTION('',(-0.,-0.,-1.));
#13373 = DIRECTION('',(-0.,-1.,0.));
#13374 = ADVANCED_FACE('',(#13375),#13386,.F.);
#13375 = FACE_BOUND('',#13376,.T.);
#13376 = EDGE_LOOP('',(#13377,#13378,#13384,#13385));
#13377 = ORIENTED_EDGE('',*,*,#12131,.T.);
#13378 = ORIENTED_EDGE('',*,*,#13379,.T.);
#13379 = EDGE_CURVE('',#12132,#12677,#13380,.T.);
#13380 = LINE('',#13381,#13382);
#13381 = CARTESIAN_POINT('',(112.42,-80.975,-4.5E-02));
#13382 = VECTOR('',#13383,1.);
#13383 = DIRECTION('',(0.,0.,1.));
#13384 = ORIENTED_EDGE('',*,*,#12676,.F.);
#13385 = ORIENTED_EDGE('',*,*,#13379,.F.);
#13386 = CYLINDRICAL_SURFACE('',#13387,1.005);
#13387 = AXIS2_PLACEMENT_3D('',#13388,#13389,#13390);
#13388 = CARTESIAN_POINT('',(112.42,-79.97,-4.5E-02));
#13389 = DIRECTION('',(-0.,-0.,-1.));
#13390 = DIRECTION('',(-0.,-1.,0.));
#13391 = ADVANCED_FACE('',(#13392),#13403,.F.);
#13392 = FACE_BOUND('',#13393,.T.);
#13393 = EDGE_LOOP('',(#13394,#13395,#13401,#13402));
#13394 = ORIENTED_EDGE('',*,*,#12142,.T.);
#13395 = ORIENTED_EDGE('',*,*,#13396,.T.);
#13396 = EDGE_CURVE('',#12143,#12688,#13397,.T.);
#13397 = LINE('',#13398,#13399);
#13398 = CARTESIAN_POINT('',(122.58,-80.975,-4.5E-02));
#13399 = VECTOR('',#13400,1.);
#13400 = DIRECTION('',(0.,0.,1.));
#13401 = ORIENTED_EDGE('',*,*,#12687,.F.);
#13402 = ORIENTED_EDGE('',*,*,#13396,.F.);
#13403 = CYLINDRICAL_SURFACE('',#13404,1.005);
#13404 = AXIS2_PLACEMENT_3D('',#13405,#13406,#13407);
#13405 = CARTESIAN_POINT('',(122.58,-79.97,-4.5E-02));
#13406 = DIRECTION('',(-0.,-0.,-1.));
#13407 = DIRECTION('',(-0.,-1.,0.));
#13408 = ADVANCED_FACE('',(#13409),#13420,.F.);
#13409 = FACE_BOUND('',#13410,.T.);
#13410 = EDGE_LOOP('',(#13411,#13412,#13418,#13419));
#13411 = ORIENTED_EDGE('',*,*,#12153,.T.);
#13412 = ORIENTED_EDGE('',*,*,#13413,.T.);
#13413 = EDGE_CURVE('',#12154,#12699,#13414,.T.);
#13414 = LINE('',#13415,#13416);
#13415 = CARTESIAN_POINT('',(129.92,-80.975,-4.5E-02));
#13416 = VECTOR('',#13417,1.);
#13417 = DIRECTION('',(0.,0.,1.));
#13418 = ORIENTED_EDGE('',*,*,#12698,.F.);
#13419 = ORIENTED_EDGE('',*,*,#13413,.F.);
#13420 = CYLINDRICAL_SURFACE('',#13421,1.005);
#13421 = AXIS2_PLACEMENT_3D('',#13422,#13423,#13424);
#13422 = CARTESIAN_POINT('',(129.92,-79.97,-4.5E-02));
#13423 = DIRECTION('',(-0.,-0.,-1.));
#13424 = DIRECTION('',(-2.828030789095E-14,-1.,0.));
#13425 = ADVANCED_FACE('',(#13426),#13437,.F.);
#13426 = FACE_BOUND('',#13427,.T.);
#13427 = EDGE_LOOP('',(#13428,#13429,#13435,#13436));
#13428 = ORIENTED_EDGE('',*,*,#12164,.T.);
#13429 = ORIENTED_EDGE('',*,*,#13430,.T.);
#13430 = EDGE_CURVE('',#12165,#12710,#13431,.T.);
#13431 = LINE('',#13432,#13433);
#13432 = CARTESIAN_POINT('',(103.302944,-56.947056,-4.5E-02));
#13433 = VECTOR('',#13434,1.);
#13434 = DIRECTION('',(0.,0.,1.));
#13435 = ORIENTED_EDGE('',*,*,#12709,.F.);
#13436 = ORIENTED_EDGE('',*,*,#13430,.F.);
#13437 = CYLINDRICAL_SURFACE('',#13438,0.25);
#13438 = AXIS2_PLACEMENT_3D('',#13439,#13440,#13441);
#13439 = CARTESIAN_POINT('',(103.302944,-56.697056,-4.5E-02));
#13440 = DIRECTION('',(-0.,-0.,-1.));
#13441 = DIRECTION('',(-0.,-1.,0.));
#13442 = ADVANCED_FACE('',(#13443),#13454,.F.);
#13443 = FACE_BOUND('',#13444,.T.);
#13444 = EDGE_LOOP('',(#13445,#13446,#13452,#13453));
#13445 = ORIENTED_EDGE('',*,*,#12175,.T.);
#13446 = ORIENTED_EDGE('',*,*,#13447,.T.);
#13447 = EDGE_CURVE('',#12176,#12721,#13448,.T.);
#13448 = LINE('',#13449,#13450);
#13449 = CARTESIAN_POINT('',(105.,-57.65,-4.5E-02));
#13450 = VECTOR('',#13451,1.);
#13451 = DIRECTION('',(0.,0.,1.));
#13452 = ORIENTED_EDGE('',*,*,#12720,.F.);
#13453 = ORIENTED_EDGE('',*,*,#13447,.F.);
#13454 = CYLINDRICAL_SURFACE('',#13455,0.25);
#13455 = AXIS2_PLACEMENT_3D('',#13456,#13457,#13458);
#13456 = CARTESIAN_POINT('',(105.,-57.4,-4.5E-02));
#13457 = DIRECTION('',(-0.,-0.,-1.));
#13458 = DIRECTION('',(-0.,-1.,0.));
#13459 = ADVANCED_FACE('',(#13460),#13471,.F.);
#13460 = FACE_BOUND('',#13461,.T.);
#13461 = EDGE_LOOP('',(#13462,#13463,#13469,#13470));
#13462 = ORIENTED_EDGE('',*,*,#12186,.T.);
#13463 = ORIENTED_EDGE('',*,*,#13464,.T.);
#13464 = EDGE_CURVE('',#12187,#12732,#13465,.T.);
#13465 = LINE('',#13466,#13467);
#13466 = CARTESIAN_POINT('',(106.697056,-56.947056,-4.5E-02));
#13467 = VECTOR('',#13468,1.);
#13468 = DIRECTION('',(0.,0.,1.));
#13469 = ORIENTED_EDGE('',*,*,#12731,.F.);
#13470 = ORIENTED_EDGE('',*,*,#13464,.F.);
#13471 = CYLINDRICAL_SURFACE('',#13472,0.25);
#13472 = AXIS2_PLACEMENT_3D('',#13473,#13474,#13475);
#13473 = CARTESIAN_POINT('',(106.697056,-56.697056,-4.5E-02));
#13474 = DIRECTION('',(-0.,-0.,-1.));
#13475 = DIRECTION('',(-0.,-1.,0.));
#13476 = ADVANCED_FACE('',(#13477),#13488,.F.);
#13477 = FACE_BOUND('',#13478,.T.);
#13478 = EDGE_LOOP('',(#13479,#13480,#13486,#13487));
#13479 = ORIENTED_EDGE('',*,*,#12197,.T.);
#13480 = ORIENTED_EDGE('',*,*,#13481,.T.);
#13481 = EDGE_CURVE('',#12198,#12743,#13482,.T.);
#13482 = LINE('',#13483,#13484);
#13483 = CARTESIAN_POINT('',(102.6,-55.25,-4.5E-02));
#13484 = VECTOR('',#13485,1.);
#13485 = DIRECTION('',(0.,0.,1.));
#13486 = ORIENTED_EDGE('',*,*,#12742,.F.);
#13487 = ORIENTED_EDGE('',*,*,#13481,.F.);
#13488 = CYLINDRICAL_SURFACE('',#13489,0.25);
#13489 = AXIS2_PLACEMENT_3D('',#13490,#13491,#13492);
#13490 = CARTESIAN_POINT('',(102.6,-55.,-4.5E-02));
#13491 = DIRECTION('',(-0.,-0.,-1.));
#13492 = DIRECTION('',(-0.,-1.,0.));
#13493 = ADVANCED_FACE('',(#13494),#13505,.F.);
#13494 = FACE_BOUND('',#13495,.T.);
#13495 = EDGE_LOOP('',(#13496,#13497,#13503,#13504));
#13496 = ORIENTED_EDGE('',*,*,#12208,.T.);
#13497 = ORIENTED_EDGE('',*,*,#13498,.T.);
#13498 = EDGE_CURVE('',#12209,#12754,#13499,.T.);
#13499 = LINE('',#13500,#13501);
#13500 = CARTESIAN_POINT('',(105.,-56.6,-4.5E-02));
#13501 = VECTOR('',#13502,1.);
#13502 = DIRECTION('',(0.,0.,1.));
#13503 = ORIENTED_EDGE('',*,*,#12753,.F.);
#13504 = ORIENTED_EDGE('',*,*,#13498,.F.);
#13505 = CYLINDRICAL_SURFACE('',#13506,1.6);
#13506 = AXIS2_PLACEMENT_3D('',#13507,#13508,#13509);
#13507 = CARTESIAN_POINT('',(105.,-55.,-4.5E-02));
#13508 = DIRECTION('',(-0.,-0.,-1.));
#13509 = DIRECTION('',(-0.,-1.,0.));
#13510 = ADVANCED_FACE('',(#13511),#13522,.F.);
#13511 = FACE_BOUND('',#13512,.T.);
#13512 = EDGE_LOOP('',(#13513,#13514,#13520,#13521));
#13513 = ORIENTED_EDGE('',*,*,#12219,.T.);
#13514 = ORIENTED_EDGE('',*,*,#13515,.T.);
#13515 = EDGE_CURVE('',#12220,#12765,#13516,.T.);
#13516 = LINE('',#13517,#13518);
#13517 = CARTESIAN_POINT('',(103.302944,-53.552944,-4.5E-02));
#13518 = VECTOR('',#13519,1.);
#13519 = DIRECTION('',(0.,0.,1.));
#13520 = ORIENTED_EDGE('',*,*,#12764,.F.);
#13521 = ORIENTED_EDGE('',*,*,#13515,.F.);
#13522 = CYLINDRICAL_SURFACE('',#13523,0.25);
#13523 = AXIS2_PLACEMENT_3D('',#13524,#13525,#13526);
#13524 = CARTESIAN_POINT('',(103.302944,-53.302944,-4.5E-02));
#13525 = DIRECTION('',(-0.,-0.,-1.));
#13526 = DIRECTION('',(-0.,-1.,0.));
#13527 = ADVANCED_FACE('',(#13528),#13539,.F.);
#13528 = FACE_BOUND('',#13529,.T.);
#13529 = EDGE_LOOP('',(#13530,#13531,#13537,#13538));
#13530 = ORIENTED_EDGE('',*,*,#12230,.T.);
#13531 = ORIENTED_EDGE('',*,*,#13532,.T.);
#13532 = EDGE_CURVE('',#12231,#12776,#13533,.T.);
#13533 = LINE('',#13534,#13535);
#13534 = CARTESIAN_POINT('',(105.,-52.85,-4.5E-02));
#13535 = VECTOR('',#13536,1.);
#13536 = DIRECTION('',(0.,0.,1.));
#13537 = ORIENTED_EDGE('',*,*,#12775,.F.);
#13538 = ORIENTED_EDGE('',*,*,#13532,.F.);
#13539 = CYLINDRICAL_SURFACE('',#13540,0.25);
#13540 = AXIS2_PLACEMENT_3D('',#13541,#13542,#13543);
#13541 = CARTESIAN_POINT('',(105.,-52.6,-4.5E-02));
#13542 = DIRECTION('',(-0.,-0.,-1.));
#13543 = DIRECTION('',(-0.,-1.,0.));
#13544 = ADVANCED_FACE('',(#13545),#13556,.F.);
#13545 = FACE_BOUND('',#13546,.T.);
#13546 = EDGE_LOOP('',(#13547,#13548,#13554,#13555));
#13547 = ORIENTED_EDGE('',*,*,#12241,.T.);
#13548 = ORIENTED_EDGE('',*,*,#13549,.T.);
#13549 = EDGE_CURVE('',#12242,#12787,#13550,.T.);
#13550 = LINE('',#13551,#13552);
#13551 = CARTESIAN_POINT('',(107.4,-55.25,-4.5E-02));
#13552 = VECTOR('',#13553,1.);
#13553 = DIRECTION('',(0.,0.,1.));
#13554 = ORIENTED_EDGE('',*,*,#12786,.F.);
#13555 = ORIENTED_EDGE('',*,*,#13549,.F.);
#13556 = CYLINDRICAL_SURFACE('',#13557,0.25);
#13557 = AXIS2_PLACEMENT_3D('',#13558,#13559,#13560);
#13558 = CARTESIAN_POINT('',(107.4,-55.,-4.5E-02));
#13559 = DIRECTION('',(-0.,-0.,-1.));
#13560 = DIRECTION('',(-0.,-1.,0.));
#13561 = ADVANCED_FACE('',(#13562),#13573,.F.);
#13562 = FACE_BOUND('',#13563,.T.);
#13563 = EDGE_LOOP('',(#13564,#13565,#13571,#13572));
#13564 = ORIENTED_EDGE('',*,*,#12252,.T.);
#13565 = ORIENTED_EDGE('',*,*,#13566,.T.);
#13566 = EDGE_CURVE('',#12253,#12798,#13567,.T.);
#13567 = LINE('',#13568,#13569);
#13568 = CARTESIAN_POINT('',(106.697056,-53.552944,-4.5E-02));
#13569 = VECTOR('',#13570,1.);
#13570 = DIRECTION('',(0.,0.,1.));
#13571 = ORIENTED_EDGE('',*,*,#12797,.F.);
#13572 = ORIENTED_EDGE('',*,*,#13566,.F.);
#13573 = CYLINDRICAL_SURFACE('',#13574,0.25);
#13574 = AXIS2_PLACEMENT_3D('',#13575,#13576,#13577);
#13575 = CARTESIAN_POINT('',(106.697056,-53.302944,-4.5E-02));
#13576 = DIRECTION('',(-0.,-0.,-1.));
#13577 = DIRECTION('',(-0.,-1.,0.));
#13578 = ADVANCED_FACE('',(#13579),#13590,.F.);
#13579 = FACE_BOUND('',#13580,.T.);
#13580 = EDGE_LOOP('',(#13581,#13582,#13588,#13589));
#13581 = ORIENTED_EDGE('',*,*,#12263,.T.);
#13582 = ORIENTED_EDGE('',*,*,#13583,.T.);
#13583 = EDGE_CURVE('',#12264,#12809,#13584,.T.);
#13584 = LINE('',#13585,#13586);
#13585 = CARTESIAN_POINT('',(140.08,-80.975,-4.5E-02));
#13586 = VECTOR('',#13587,1.);
#13587 = DIRECTION('',(0.,0.,1.));
#13588 = ORIENTED_EDGE('',*,*,#12808,.F.);
#13589 = ORIENTED_EDGE('',*,*,#13583,.F.);
#13590 = CYLINDRICAL_SURFACE('',#13591,1.005);
#13591 = AXIS2_PLACEMENT_3D('',#13592,#13593,#13594);
#13592 = CARTESIAN_POINT('',(140.08,-79.97,-4.5E-02));
#13593 = DIRECTION('',(-0.,0.,-1.));
#13594 = DIRECTION('',(2.828030789095E-14,-1.,-0.));
#13595 = ADVANCED_FACE('',(#13596),#13607,.F.);
#13596 = FACE_BOUND('',#13597,.T.);
#13597 = EDGE_LOOP('',(#13598,#13599,#13605,#13606));
#13598 = ORIENTED_EDGE('',*,*,#12274,.T.);
#13599 = ORIENTED_EDGE('',*,*,#13600,.T.);
#13600 = EDGE_CURVE('',#12275,#12820,#13601,.T.);
#13601 = LINE('',#13602,#13603);
#13602 = CARTESIAN_POINT('',(153.302944,-56.947056,-4.5E-02));
#13603 = VECTOR('',#13604,1.);
#13604 = DIRECTION('',(0.,0.,1.));
#13605 = ORIENTED_EDGE('',*,*,#12819,.F.);
#13606 = ORIENTED_EDGE('',*,*,#13600,.F.);
#13607 = CYLINDRICAL_SURFACE('',#13608,0.25);
#13608 = AXIS2_PLACEMENT_3D('',#13609,#13610,#13611);
#13609 = CARTESIAN_POINT('',(153.302944,-56.697056,-4.5E-02));
#13610 = DIRECTION('',(-0.,-0.,-1.));
#13611 = DIRECTION('',(-0.,-1.,0.));
#13612 = ADVANCED_FACE('',(#13613),#13624,.F.);
#13613 = FACE_BOUND('',#13614,.T.);
#13614 = EDGE_LOOP('',(#13615,#13616,#13622,#13623));
#13615 = ORIENTED_EDGE('',*,*,#12285,.T.);
#13616 = ORIENTED_EDGE('',*,*,#13617,.T.);
#13617 = EDGE_CURVE('',#12286,#12831,#13618,.T.);
#13618 = LINE('',#13619,#13620);
#13619 = CARTESIAN_POINT('',(155.,-57.65,-4.5E-02));
#13620 = VECTOR('',#13621,1.);
#13621 = DIRECTION('',(0.,0.,1.));
#13622 = ORIENTED_EDGE('',*,*,#12830,.F.);
#13623 = ORIENTED_EDGE('',*,*,#13617,.F.);
#13624 = CYLINDRICAL_SURFACE('',#13625,0.25);
#13625 = AXIS2_PLACEMENT_3D('',#13626,#13627,#13628);
#13626 = CARTESIAN_POINT('',(155.,-57.4,-4.5E-02));
#13627 = DIRECTION('',(-0.,-0.,-1.));
#13628 = DIRECTION('',(-0.,-1.,0.));
#13629 = ADVANCED_FACE('',(#13630),#13641,.F.);
#13630 = FACE_BOUND('',#13631,.T.);
#13631 = EDGE_LOOP('',(#13632,#13633,#13639,#13640));
#13632 = ORIENTED_EDGE('',*,*,#12296,.T.);
#13633 = ORIENTED_EDGE('',*,*,#13634,.T.);
#13634 = EDGE_CURVE('',#12297,#12842,#13635,.T.);
#13635 = LINE('',#13636,#13637);
#13636 = CARTESIAN_POINT('',(156.697056,-56.947056,-4.5E-02));
#13637 = VECTOR('',#13638,1.);
#13638 = DIRECTION('',(0.,0.,1.));
#13639 = ORIENTED_EDGE('',*,*,#12841,.F.);
#13640 = ORIENTED_EDGE('',*,*,#13634,.F.);
#13641 = CYLINDRICAL_SURFACE('',#13642,0.25);
#13642 = AXIS2_PLACEMENT_3D('',#13643,#13644,#13645);
#13643 = CARTESIAN_POINT('',(156.697056,-56.697056,-4.5E-02));
#13644 = DIRECTION('',(-0.,-0.,-1.));
#13645 = DIRECTION('',(-0.,-1.,0.));
#13646 = ADVANCED_FACE('',(#13647),#13658,.F.);
#13647 = FACE_BOUND('',#13648,.T.);
#13648 = EDGE_LOOP('',(#13649,#13650,#13656,#13657));
#13649 = ORIENTED_EDGE('',*,*,#12307,.T.);
#13650 = ORIENTED_EDGE('',*,*,#13651,.T.);
#13651 = EDGE_CURVE('',#12308,#12853,#13652,.T.);
#13652 = LINE('',#13653,#13654);
#13653 = CARTESIAN_POINT('',(152.6,-55.25,-4.5E-02));
#13654 = VECTOR('',#13655,1.);
#13655 = DIRECTION('',(0.,0.,1.));
#13656 = ORIENTED_EDGE('',*,*,#12852,.F.);
#13657 = ORIENTED_EDGE('',*,*,#13651,.F.);
#13658 = CYLINDRICAL_SURFACE('',#13659,0.25);
#13659 = AXIS2_PLACEMENT_3D('',#13660,#13661,#13662);
#13660 = CARTESIAN_POINT('',(152.6,-55.,-4.5E-02));
#13661 = DIRECTION('',(-0.,-0.,-1.));
#13662 = DIRECTION('',(-0.,-1.,0.));
#13663 = ADVANCED_FACE('',(#13664),#13675,.F.);
#13664 = FACE_BOUND('',#13665,.T.);
#13665 = EDGE_LOOP('',(#13666,#13667,#13673,#13674));
#13666 = ORIENTED_EDGE('',*,*,#12318,.T.);
#13667 = ORIENTED_EDGE('',*,*,#13668,.T.);
#13668 = EDGE_CURVE('',#12319,#12864,#13669,.T.);
#13669 = LINE('',#13670,#13671);
#13670 = CARTESIAN_POINT('',(153.302944,-53.552944,-4.5E-02));
#13671 = VECTOR('',#13672,1.);
#13672 = DIRECTION('',(0.,0.,1.));
#13673 = ORIENTED_EDGE('',*,*,#12863,.F.);
#13674 = ORIENTED_EDGE('',*,*,#13668,.F.);
#13675 = CYLINDRICAL_SURFACE('',#13676,0.25);
#13676 = AXIS2_PLACEMENT_3D('',#13677,#13678,#13679);
#13677 = CARTESIAN_POINT('',(153.302944,-53.302944,-4.5E-02));
#13678 = DIRECTION('',(-0.,-0.,-1.));
#13679 = DIRECTION('',(-0.,-1.,0.));
#13680 = ADVANCED_FACE('',(#13681),#13692,.F.);
#13681 = FACE_BOUND('',#13682,.T.);
#13682 = EDGE_LOOP('',(#13683,#13684,#13690,#13691));
#13683 = ORIENTED_EDGE('',*,*,#12329,.T.);
#13684 = ORIENTED_EDGE('',*,*,#13685,.T.);
#13685 = EDGE_CURVE('',#12330,#12875,#13686,.T.);
#13686 = LINE('',#13687,#13688);
#13687 = CARTESIAN_POINT('',(155.,-56.6,-4.5E-02));
#13688 = VECTOR('',#13689,1.);
#13689 = DIRECTION('',(0.,0.,1.));
#13690 = ORIENTED_EDGE('',*,*,#12874,.F.);
#13691 = ORIENTED_EDGE('',*,*,#13685,.F.);
#13692 = CYLINDRICAL_SURFACE('',#13693,1.6);
#13693 = AXIS2_PLACEMENT_3D('',#13694,#13695,#13696);
#13694 = CARTESIAN_POINT('',(155.,-55.,-4.5E-02));
#13695 = DIRECTION('',(-0.,-0.,-1.));
#13696 = DIRECTION('',(-0.,-1.,0.));
#13697 = ADVANCED_FACE('',(#13698),#13709,.F.);
#13698 = FACE_BOUND('',#13699,.T.);
#13699 = EDGE_LOOP('',(#13700,#13701,#13707,#13708));
#13700 = ORIENTED_EDGE('',*,*,#12340,.T.);
#13701 = ORIENTED_EDGE('',*,*,#13702,.T.);
#13702 = EDGE_CURVE('',#12341,#12886,#13703,.T.);
#13703 = LINE('',#13704,#13705);
#13704 = CARTESIAN_POINT('',(157.4,-55.25,-4.5E-02));
#13705 = VECTOR('',#13706,1.);
#13706 = DIRECTION('',(0.,0.,1.));
#13707 = ORIENTED_EDGE('',*,*,#12885,.F.);
#13708 = ORIENTED_EDGE('',*,*,#13702,.F.);
#13709 = CYLINDRICAL_SURFACE('',#13710,0.25);
#13710 = AXIS2_PLACEMENT_3D('',#13711,#13712,#13713);
#13711 = CARTESIAN_POINT('',(157.4,-55.,-4.5E-02));
#13712 = DIRECTION('',(-0.,-0.,-1.));
#13713 = DIRECTION('',(-0.,-1.,0.));
#13714 = ADVANCED_FACE('',(#13715),#13726,.F.);
#13715 = FACE_BOUND('',#13716,.T.);
#13716 = EDGE_LOOP('',(#13717,#13718,#13724,#13725));
#13717 = ORIENTED_EDGE('',*,*,#12351,.T.);
#13718 = ORIENTED_EDGE('',*,*,#13719,.T.);
#13719 = EDGE_CURVE('',#12352,#12897,#13720,.T.);
#13720 = LINE('',#13721,#13722);
#13721 = CARTESIAN_POINT('',(155.,-52.85,-4.5E-02));
#13722 = VECTOR('',#13723,1.);
#13723 = DIRECTION('',(0.,0.,1.));
#13724 = ORIENTED_EDGE('',*,*,#12896,.F.);
#13725 = ORIENTED_EDGE('',*,*,#13719,.F.);
#13726 = CYLINDRICAL_SURFACE('',#13727,0.25);
#13727 = AXIS2_PLACEMENT_3D('',#13728,#13729,#13730);
#13728 = CARTESIAN_POINT('',(155.,-52.6,-4.5E-02));
#13729 = DIRECTION('',(-0.,-0.,-1.));
#13730 = DIRECTION('',(-0.,-1.,0.));
#13731 = ADVANCED_FACE('',(#13732),#13743,.F.);
#13732 = FACE_BOUND('',#13733,.T.);
#13733 = EDGE_LOOP('',(#13734,#13735,#13741,#13742));
#13734 = ORIENTED_EDGE('',*,*,#12362,.T.);
#13735 = ORIENTED_EDGE('',*,*,#13736,.T.);
#13736 = EDGE_CURVE('',#12363,#12908,#13737,.T.);
#13737 = LINE('',#13738,#13739);
#13738 = CARTESIAN_POINT('',(156.697056,-53.552944,-4.5E-02));
#13739 = VECTOR('',#13740,1.);
#13740 = DIRECTION('',(0.,0.,1.));
#13741 = ORIENTED_EDGE('',*,*,#12907,.F.);
#13742 = ORIENTED_EDGE('',*,*,#13736,.F.);
#13743 = CYLINDRICAL_SURFACE('',#13744,0.25);
#13744 = AXIS2_PLACEMENT_3D('',#13745,#13746,#13747);
#13745 = CARTESIAN_POINT('',(156.697056,-53.302944,-4.5E-02));
#13746 = DIRECTION('',(-0.,-0.,-1.));
#13747 = DIRECTION('',(-0.,-1.,0.));
#13748 = ( GEOMETRIC_REPRESENTATION_CONTEXT(3) 
GLOBAL_UNCERTAINTY_ASSIGNED_CONTEXT((#13752)) 
GLOBAL_UNIT_ASSIGNED_CONTEXT((#13749,#13750,#13751)) 
REPRESENTATION_CONTEXT('Context #1',
  '3D Context with UNIT and UNCERTAINTY') );
#13749 = ( LENGTH_UNIT() NAMED_UNIT(*) SI_UNIT(.MILLI.,.METRE.) );
#13750 = ( NAMED_UNIT(*) PLANE_ANGLE_UNIT() SI_UNIT($,.RADIAN.) );
#13751 = ( NAMED_UNIT(*) SI_UNIT($,.STERADIAN.) SOLID_ANGLE_UNIT() );
#13752 = UNCERTAINTY_MEASURE_WITH_UNIT(LENGTH_MEASURE(1.E-07),#13749,
  'distance_accuracy_value','confusion accuracy');
#13753 = CONTEXT_DEPENDENT_SHAPE_REPRESENTATION(#13754,#13756);
#13754 = ( REPRESENTATION_RELATIONSHIP('','',#11725,#10) 
REPRESENTATION_RELATIONSHIP_WITH_TRANSFORMATION(#13755) 
SHAPE_REPRESENTATION_RELATIONSHIP() );
#13755 = ITEM_DEFINED_TRANSFORMATION('','',#11,#95);
#13756 = PRODUCT_DEFINITION_SHAPE('Placement','Placement of an item',
  #13757);
#13757 = NEXT_ASSEMBLY_USAGE_OCCURRENCE('26','=>[0:1:1:12]','',#5,#11720
  ,$);
#13758 = PRODUCT_RELATED_PRODUCT_CATEGORY('part',$,(#11722));
#13759 = MECHANICAL_DESIGN_GEOMETRIC_PRESENTATION_REPRESENTATION('',(
    #13760,#13768,#13775,#13782,#13789,#13796,#13804,#13811,#13818,
    #13825,#13832,#13839,#13846,#13853,#13860,#13867,#13874,#13881,
    #13888,#13895,#13902,#13909,#13916,#13923,#13930,#13937,#13944,
    #13951,#13958,#13965,#13972,#13979,#13986,#13993,#14000,#14007,
    #14014,#14021,#14028,#14035,#14042,#14049,#14056,#14063,#14070,
    #14077,#14084,#14091,#14098,#14105,#14112,#14119,#14126,#14133,
    #14140,#14147,#14154,#14161,#14168,#14175,#14182,#14189,#14196,
    #14203,#14210,#14217,#14224,#14231,#14238,#14245,#14252,#14259,
    #14266,#14273,#14280,#14287,#14294,#14301,#14308,#14315,#14322,
    #14329,#14336,#14343,#14350,#14357,#14364,#14371,#14378,#14385,
    #14392,#14399,#14406,#14413,#14420,#14427,#14434,#14441,#14448,
    #14456,#14463,#14470,#14477,#14484,#14491,#14498,#14505,#14512,
    #14519,#14526,#14533,#14540,#14547,#14554,#14561,#14568,#14575,
    #14582,#14589,#14596,#14603,#14610,#14617,#14624,#14631,#14638,
    #14645,#14652,#14659,#14666,#14673,#14680,#14687,#14694,#14701,
    #14708,#14715,#14722,#14729,#14736,#14743,#14750,#14757,#14764,
    #14771,#14778,#14785,#14792,#14799,#14806,#14813,#14820,#14827,
    #14834,#14841,#14848),#6491);
#13760 = STYLED_ITEM('color',(#13761),#1886);
#13761 = PRESENTATION_STYLE_ASSIGNMENT((#13762));
#13762 = SURFACE_STYLE_USAGE(.BOTH.,#13763);
#13763 = SURFACE_SIDE_STYLE('',(#13764));
#13764 = SURFACE_STYLE_FILL_AREA(#13765);
#13765 = FILL_AREA_STYLE('',(#13766));
#13766 = FILL_AREA_STYLE_COLOUR('',#13767);
#13767 = COLOUR_RGB('',0.823529417451,0.819607860991,0.780392170416);
#13768 = STYLED_ITEM('color',(#13769),#1928);
#13769 = PRESENTATION_STYLE_ASSIGNMENT((#13770));
#13770 = SURFACE_STYLE_USAGE(.BOTH.,#13771);
#13771 = SURFACE_SIDE_STYLE('',(#13772));
#13772 = SURFACE_STYLE_FILL_AREA(#13773);
#13773 = FILL_AREA_STYLE('',(#13774));
#13774 = FILL_AREA_STYLE_COLOUR('',#13767);
#13775 = STYLED_ITEM('color',(#13776),#1959);
#13776 = PRESENTATION_STYLE_ASSIGNMENT((#13777));
#13777 = SURFACE_STYLE_USAGE(.BOTH.,#13778);
#13778 = SURFACE_SIDE_STYLE('',(#13779));
#13779 = SURFACE_STYLE_FILL_AREA(#13780);
#13780 = FILL_AREA_STYLE('',(#13781));
#13781 = FILL_AREA_STYLE_COLOUR('',#13767);
#13782 = STYLED_ITEM('color',(#13783),#1990);
#13783 = PRESENTATION_STYLE_ASSIGNMENT((#13784));
#13784 = SURFACE_STYLE_USAGE(.BOTH.,#13785);
#13785 = SURFACE_SIDE_STYLE('',(#13786));
#13786 = SURFACE_STYLE_FILL_AREA(#13787);
#13787 = FILL_AREA_STYLE('',(#13788));
#13788 = FILL_AREA_STYLE_COLOUR('',#13767);
#13789 = STYLED_ITEM('color',(#13790),#2074);
#13790 = PRESENTATION_STYLE_ASSIGNMENT((#13791));
#13791 = SURFACE_STYLE_USAGE(.BOTH.,#13792);
#13792 = SURFACE_SIDE_STYLE('',(#13793));
#13793 = SURFACE_STYLE_FILL_AREA(#13794);
#13794 = FILL_AREA_STYLE('',(#13795));
#13795 = FILL_AREA_STYLE_COLOUR('',#13767);
#13796 = STYLED_ITEM('color',(#13797),#2158);
#13797 = PRESENTATION_STYLE_ASSIGNMENT((#13798));
#13798 = SURFACE_STYLE_USAGE(.BOTH.,#13799);
#13799 = SURFACE_SIDE_STYLE('',(#13800));
#13800 = SURFACE_STYLE_FILL_AREA(#13801);
#13801 = FILL_AREA_STYLE('',(#13802));
#13802 = FILL_AREA_STYLE_COLOUR('',#13803);
#13803 = COLOUR_RGB('',0.145098047169,0.14117647753,0.14117647753);
#13804 = STYLED_ITEM('color',(#13805),#2251);
#13805 = PRESENTATION_STYLE_ASSIGNMENT((#13806));
#13806 = SURFACE_STYLE_USAGE(.BOTH.,#13807);
#13807 = SURFACE_SIDE_STYLE('',(#13808));
#13808 = SURFACE_STYLE_FILL_AREA(#13809);
#13809 = FILL_AREA_STYLE('',(#13810));
#13810 = FILL_AREA_STYLE_COLOUR('',#13767);
#13811 = STYLED_ITEM('color',(#13812),#2268);
#13812 = PRESENTATION_STYLE_ASSIGNMENT((#13813));
#13813 = SURFACE_STYLE_USAGE(.BOTH.,#13814);
#13814 = SURFACE_SIDE_STYLE('',(#13815));
#13815 = SURFACE_STYLE_FILL_AREA(#13816);
#13816 = FILL_AREA_STYLE('',(#13817));
#13817 = FILL_AREA_STYLE_COLOUR('',#13803);
#13818 = STYLED_ITEM('color',(#13819),#2291);
#13819 = PRESENTATION_STYLE_ASSIGNMENT((#13820));
#13820 = SURFACE_STYLE_USAGE(.BOTH.,#13821);
#13821 = SURFACE_SIDE_STYLE('',(#13822));
#13822 = SURFACE_STYLE_FILL_AREA(#13823);
#13823 = FILL_AREA_STYLE('',(#13824));
#13824 = FILL_AREA_STYLE_COLOUR('',#13767);
#13825 = STYLED_ITEM('color',(#13826),#2329);
#13826 = PRESENTATION_STYLE_ASSIGNMENT((#13827));
#13827 = SURFACE_STYLE_USAGE(.BOTH.,#13828);
#13828 = SURFACE_SIDE_STYLE('',(#13829));
#13829 = SURFACE_STYLE_FILL_AREA(#13830);
#13830 = FILL_AREA_STYLE('',(#13831));
#13831 = FILL_AREA_STYLE_COLOUR('',#13767);
#13832 = STYLED_ITEM('color',(#13833),#2346);
#13833 = PRESENTATION_STYLE_ASSIGNMENT((#13834));
#13834 = SURFACE_STYLE_USAGE(.BOTH.,#13835);
#13835 = SURFACE_SIDE_STYLE('',(#13836));
#13836 = SURFACE_STYLE_FILL_AREA(#13837);
#13837 = FILL_AREA_STYLE('',(#13838));
#13838 = FILL_AREA_STYLE_COLOUR('',#13767);
#13839 = STYLED_ITEM('color',(#13840),#2363);
#13840 = PRESENTATION_STYLE_ASSIGNMENT((#13841));
#13841 = SURFACE_STYLE_USAGE(.BOTH.,#13842);
#13842 = SURFACE_SIDE_STYLE('',(#13843));
#13843 = SURFACE_STYLE_FILL_AREA(#13844);
#13844 = FILL_AREA_STYLE('',(#13845));
#13845 = FILL_AREA_STYLE_COLOUR('',#13767);
#13846 = STYLED_ITEM('color',(#13847),#2380);
#13847 = PRESENTATION_STYLE_ASSIGNMENT((#13848));
#13848 = SURFACE_STYLE_USAGE(.BOTH.,#13849);
#13849 = SURFACE_SIDE_STYLE('',(#13850));
#13850 = SURFACE_STYLE_FILL_AREA(#13851);
#13851 = FILL_AREA_STYLE('',(#13852));
#13852 = FILL_AREA_STYLE_COLOUR('',#13767);
#13853 = STYLED_ITEM('color',(#13854),#2397);
#13854 = PRESENTATION_STYLE_ASSIGNMENT((#13855));
#13855 = SURFACE_STYLE_USAGE(.BOTH.,#13856);
#13856 = SURFACE_SIDE_STYLE('',(#13857));
#13857 = SURFACE_STYLE_FILL_AREA(#13858);
#13858 = FILL_AREA_STYLE('',(#13859));
#13859 = FILL_AREA_STYLE_COLOUR('',#13767);
#13860 = STYLED_ITEM('color',(#13861),#2414);
#13861 = PRESENTATION_STYLE_ASSIGNMENT((#13862));
#13862 = SURFACE_STYLE_USAGE(.BOTH.,#13863);
#13863 = SURFACE_SIDE_STYLE('',(#13864));
#13864 = SURFACE_STYLE_FILL_AREA(#13865);
#13865 = FILL_AREA_STYLE('',(#13866));
#13866 = FILL_AREA_STYLE_COLOUR('',#13767);
#13867 = STYLED_ITEM('color',(#13868),#2426);
#13868 = PRESENTATION_STYLE_ASSIGNMENT((#13869));
#13869 = SURFACE_STYLE_USAGE(.BOTH.,#13870);
#13870 = SURFACE_SIDE_STYLE('',(#13871));
#13871 = SURFACE_STYLE_FILL_AREA(#13872);
#13872 = FILL_AREA_STYLE('',(#13873));
#13873 = FILL_AREA_STYLE_COLOUR('',#13803);
#13874 = STYLED_ITEM('color',(#13875),#2450);
#13875 = PRESENTATION_STYLE_ASSIGNMENT((#13876));
#13876 = SURFACE_STYLE_USAGE(.BOTH.,#13877);
#13877 = SURFACE_SIDE_STYLE('',(#13878));
#13878 = SURFACE_STYLE_FILL_AREA(#13879);
#13879 = FILL_AREA_STYLE('',(#13880));
#13880 = FILL_AREA_STYLE_COLOUR('',#13803);
#13881 = STYLED_ITEM('color',(#13882),#2513);
#13882 = PRESENTATION_STYLE_ASSIGNMENT((#13883));
#13883 = SURFACE_STYLE_USAGE(.BOTH.,#13884);
#13884 = SURFACE_SIDE_STYLE('',(#13885));
#13885 = SURFACE_STYLE_FILL_AREA(#13886);
#13886 = FILL_AREA_STYLE('',(#13887));
#13887 = FILL_AREA_STYLE_COLOUR('',#13803);
#13888 = STYLED_ITEM('color',(#13889),#2536);
#13889 = PRESENTATION_STYLE_ASSIGNMENT((#13890));
#13890 = SURFACE_STYLE_USAGE(.BOTH.,#13891);
#13891 = SURFACE_SIDE_STYLE('',(#13892));
#13892 = SURFACE_STYLE_FILL_AREA(#13893);
#13893 = FILL_AREA_STYLE('',(#13894));
#13894 = FILL_AREA_STYLE_COLOUR('',#13803);
#13895 = STYLED_ITEM('color',(#13896),#2559);
#13896 = PRESENTATION_STYLE_ASSIGNMENT((#13897));
#13897 = SURFACE_STYLE_USAGE(.BOTH.,#13898);
#13898 = SURFACE_SIDE_STYLE('',(#13899));
#13899 = SURFACE_STYLE_FILL_AREA(#13900);
#13900 = FILL_AREA_STYLE('',(#13901));
#13901 = FILL_AREA_STYLE_COLOUR('',#13803);
#13902 = STYLED_ITEM('color',(#13903),#2589);
#13903 = PRESENTATION_STYLE_ASSIGNMENT((#13904));
#13904 = SURFACE_STYLE_USAGE(.BOTH.,#13905);
#13905 = SURFACE_SIDE_STYLE('',(#13906));
#13906 = SURFACE_STYLE_FILL_AREA(#13907);
#13907 = FILL_AREA_STYLE('',(#13908));
#13908 = FILL_AREA_STYLE_COLOUR('',#13767);
#13909 = STYLED_ITEM('color',(#13910),#2620);
#13910 = PRESENTATION_STYLE_ASSIGNMENT((#13911));
#13911 = SURFACE_STYLE_USAGE(.BOTH.,#13912);
#13912 = SURFACE_SIDE_STYLE('',(#13913));
#13913 = SURFACE_STYLE_FILL_AREA(#13914);
#13914 = FILL_AREA_STYLE('',(#13915));
#13915 = FILL_AREA_STYLE_COLOUR('',#13803);
#13916 = STYLED_ITEM('color',(#13917),#2651);
#13917 = PRESENTATION_STYLE_ASSIGNMENT((#13918));
#13918 = SURFACE_STYLE_USAGE(.BOTH.,#13919);
#13919 = SURFACE_SIDE_STYLE('',(#13920));
#13920 = SURFACE_STYLE_FILL_AREA(#13921);
#13921 = FILL_AREA_STYLE('',(#13922));
#13922 = FILL_AREA_STYLE_COLOUR('',#13767);
#13923 = STYLED_ITEM('color',(#13924),#2682);
#13924 = PRESENTATION_STYLE_ASSIGNMENT((#13925));
#13925 = SURFACE_STYLE_USAGE(.BOTH.,#13926);
#13926 = SURFACE_SIDE_STYLE('',(#13927));
#13927 = SURFACE_STYLE_FILL_AREA(#13928);
#13928 = FILL_AREA_STYLE('',(#13929));
#13929 = FILL_AREA_STYLE_COLOUR('',#13767);
#13930 = STYLED_ITEM('color',(#13931),#2713);
#13931 = PRESENTATION_STYLE_ASSIGNMENT((#13932));
#13932 = SURFACE_STYLE_USAGE(.BOTH.,#13933);
#13933 = SURFACE_SIDE_STYLE('',(#13934));
#13934 = SURFACE_STYLE_FILL_AREA(#13935);
#13935 = FILL_AREA_STYLE('',(#13936));
#13936 = FILL_AREA_STYLE_COLOUR('',#13803);
#13937 = STYLED_ITEM('color',(#13938),#2744);
#13938 = PRESENTATION_STYLE_ASSIGNMENT((#13939));
#13939 = SURFACE_STYLE_USAGE(.BOTH.,#13940);
#13940 = SURFACE_SIDE_STYLE('',(#13941));
#13941 = SURFACE_STYLE_FILL_AREA(#13942);
#13942 = FILL_AREA_STYLE('',(#13943));
#13943 = FILL_AREA_STYLE_COLOUR('',#13803);
#13944 = STYLED_ITEM('color',(#13945),#2767);
#13945 = PRESENTATION_STYLE_ASSIGNMENT((#13946));
#13946 = SURFACE_STYLE_USAGE(.BOTH.,#13947);
#13947 = SURFACE_SIDE_STYLE('',(#13948));
#13948 = SURFACE_STYLE_FILL_AREA(#13949);
#13949 = FILL_AREA_STYLE('',(#13950));
#13950 = FILL_AREA_STYLE_COLOUR('',#13803);
#13951 = STYLED_ITEM('color',(#13952),#2790);
#13952 = PRESENTATION_STYLE_ASSIGNMENT((#13953));
#13953 = SURFACE_STYLE_USAGE(.BOTH.,#13954);
#13954 = SURFACE_SIDE_STYLE('',(#13955));
#13955 = SURFACE_STYLE_FILL_AREA(#13956);
#13956 = FILL_AREA_STYLE('',(#13957));
#13957 = FILL_AREA_STYLE_COLOUR('',#13803);
#13958 = STYLED_ITEM('color',(#13959),#2876);
#13959 = PRESENTATION_STYLE_ASSIGNMENT((#13960));
#13960 = SURFACE_STYLE_USAGE(.BOTH.,#13961);
#13961 = SURFACE_SIDE_STYLE('',(#13962));
#13962 = SURFACE_STYLE_FILL_AREA(#13963);
#13963 = FILL_AREA_STYLE('',(#13964));
#13964 = FILL_AREA_STYLE_COLOUR('',#13803);
#13965 = STYLED_ITEM('color',(#13966),#2893);
#13966 = PRESENTATION_STYLE_ASSIGNMENT((#13967));
#13967 = SURFACE_STYLE_USAGE(.BOTH.,#13968);
#13968 = SURFACE_SIDE_STYLE('',(#13969));
#13969 = SURFACE_STYLE_FILL_AREA(#13970);
#13970 = FILL_AREA_STYLE('',(#13971));
#13971 = FILL_AREA_STYLE_COLOUR('',#13767);
#13972 = STYLED_ITEM('color',(#13973),#2985);
#13973 = PRESENTATION_STYLE_ASSIGNMENT((#13974));
#13974 = SURFACE_STYLE_USAGE(.BOTH.,#13975);
#13975 = SURFACE_SIDE_STYLE('',(#13976));
#13976 = SURFACE_STYLE_FILL_AREA(#13977);
#13977 = FILL_AREA_STYLE('',(#13978));
#13978 = FILL_AREA_STYLE_COLOUR('',#13803);
#13979 = STYLED_ITEM('color',(#13980),#3008);
#13980 = PRESENTATION_STYLE_ASSIGNMENT((#13981));
#13981 = SURFACE_STYLE_USAGE(.BOTH.,#13982);
#13982 = SURFACE_SIDE_STYLE('',(#13983));
#13983 = SURFACE_STYLE_FILL_AREA(#13984);
#13984 = FILL_AREA_STYLE('',(#13985));
#13985 = FILL_AREA_STYLE_COLOUR('',#13803);
#13986 = STYLED_ITEM('color',(#13987),#3031);
#13987 = PRESENTATION_STYLE_ASSIGNMENT((#13988));
#13988 = SURFACE_STYLE_USAGE(.BOTH.,#13989);
#13989 = SURFACE_SIDE_STYLE('',(#13990));
#13990 = SURFACE_STYLE_FILL_AREA(#13991);
#13991 = FILL_AREA_STYLE('',(#13992));
#13992 = FILL_AREA_STYLE_COLOUR('',#13803);
#13993 = STYLED_ITEM('color',(#13994),#3054);
#13994 = PRESENTATION_STYLE_ASSIGNMENT((#13995));
#13995 = SURFACE_STYLE_USAGE(.BOTH.,#13996);
#13996 = SURFACE_SIDE_STYLE('',(#13997));
#13997 = SURFACE_STYLE_FILL_AREA(#13998);
#13998 = FILL_AREA_STYLE('',(#13999));
#13999 = FILL_AREA_STYLE_COLOUR('',#13803);
#14000 = STYLED_ITEM('color',(#14001),#3141);
#14001 = PRESENTATION_STYLE_ASSIGNMENT((#14002));
#14002 = SURFACE_STYLE_USAGE(.BOTH.,#14003);
#14003 = SURFACE_SIDE_STYLE('',(#14004));
#14004 = SURFACE_STYLE_FILL_AREA(#14005);
#14005 = FILL_AREA_STYLE('',(#14006));
#14006 = FILL_AREA_STYLE_COLOUR('',#13803);
#14007 = STYLED_ITEM('color',(#14008),#3158);
#14008 = PRESENTATION_STYLE_ASSIGNMENT((#14009));
#14009 = SURFACE_STYLE_USAGE(.BOTH.,#14010);
#14010 = SURFACE_SIDE_STYLE('',(#14011));
#14011 = SURFACE_STYLE_FILL_AREA(#14012);
#14012 = FILL_AREA_STYLE('',(#14013));
#14013 = FILL_AREA_STYLE_COLOUR('',#13803);
#14014 = STYLED_ITEM('color',(#14015),#3181);
#14015 = PRESENTATION_STYLE_ASSIGNMENT((#14016));
#14016 = SURFACE_STYLE_USAGE(.BOTH.,#14017);
#14017 = SURFACE_SIDE_STYLE('',(#14018));
#14018 = SURFACE_STYLE_FILL_AREA(#14019);
#14019 = FILL_AREA_STYLE('',(#14020));
#14020 = FILL_AREA_STYLE_COLOUR('',#13767);
#14021 = STYLED_ITEM('color',(#14022),#3273);
#14022 = PRESENTATION_STYLE_ASSIGNMENT((#14023));
#14023 = SURFACE_STYLE_USAGE(.BOTH.,#14024);
#14024 = SURFACE_SIDE_STYLE('',(#14025));
#14025 = SURFACE_STYLE_FILL_AREA(#14026);
#14026 = FILL_AREA_STYLE('',(#14027));
#14027 = FILL_AREA_STYLE_COLOUR('',#13803);
#14028 = STYLED_ITEM('color',(#14029),#3294);
#14029 = PRESENTATION_STYLE_ASSIGNMENT((#14030));
#14030 = SURFACE_STYLE_USAGE(.BOTH.,#14031);
#14031 = SURFACE_SIDE_STYLE('',(#14032));
#14032 = SURFACE_STYLE_FILL_AREA(#14033);
#14033 = FILL_AREA_STYLE('',(#14034));
#14034 = FILL_AREA_STYLE_COLOUR('',#13767);
#14035 = STYLED_ITEM('color',(#14036),#3386);
#14036 = PRESENTATION_STYLE_ASSIGNMENT((#14037));
#14037 = SURFACE_STYLE_USAGE(.BOTH.,#14038);
#14038 = SURFACE_SIDE_STYLE('',(#14039));
#14039 = SURFACE_STYLE_FILL_AREA(#14040);
#14040 = FILL_AREA_STYLE('',(#14041));
#14041 = FILL_AREA_STYLE_COLOUR('',#13767);
#14042 = STYLED_ITEM('color',(#14043),#3403);
#14043 = PRESENTATION_STYLE_ASSIGNMENT((#14044));
#14044 = SURFACE_STYLE_USAGE(.BOTH.,#14045);
#14045 = SURFACE_SIDE_STYLE('',(#14046));
#14046 = SURFACE_STYLE_FILL_AREA(#14047);
#14047 = FILL_AREA_STYLE('',(#14048));
#14048 = FILL_AREA_STYLE_COLOUR('',#13767);
#14049 = STYLED_ITEM('color',(#14050),#3495);
#14050 = PRESENTATION_STYLE_ASSIGNMENT((#14051));
#14051 = SURFACE_STYLE_USAGE(.BOTH.,#14052);
#14052 = SURFACE_SIDE_STYLE('',(#14053));
#14053 = SURFACE_STYLE_FILL_AREA(#14054);
#14054 = FILL_AREA_STYLE('',(#14055));
#14055 = FILL_AREA_STYLE_COLOUR('',#13803);
#14056 = STYLED_ITEM('color',(#14057),#3517);
#14057 = PRESENTATION_STYLE_ASSIGNMENT((#14058));
#14058 = SURFACE_STYLE_USAGE(.BOTH.,#14059);
#14059 = SURFACE_SIDE_STYLE('',(#14060));
#14060 = SURFACE_STYLE_FILL_AREA(#14061);
#14061 = FILL_AREA_STYLE('',(#14062));
#14062 = FILL_AREA_STYLE_COLOUR('',#13767);
#14063 = STYLED_ITEM('color',(#14064),#3542);
#14064 = PRESENTATION_STYLE_ASSIGNMENT((#14065));
#14065 = SURFACE_STYLE_USAGE(.BOTH.,#14066);
#14066 = SURFACE_SIDE_STYLE('',(#14067));
#14067 = SURFACE_STYLE_FILL_AREA(#14068);
#14068 = FILL_AREA_STYLE('',(#14069));
#14069 = FILL_AREA_STYLE_COLOUR('',#13767);
#14070 = STYLED_ITEM('color',(#14071),#3626);
#14071 = PRESENTATION_STYLE_ASSIGNMENT((#14072));
#14072 = SURFACE_STYLE_USAGE(.BOTH.,#14073);
#14073 = SURFACE_SIDE_STYLE('',(#14074));
#14074 = SURFACE_STYLE_FILL_AREA(#14075);
#14075 = FILL_AREA_STYLE('',(#14076));
#14076 = FILL_AREA_STYLE_COLOUR('',#13767);
#14077 = STYLED_ITEM('color',(#14078),#3718);
#14078 = PRESENTATION_STYLE_ASSIGNMENT((#14079));
#14079 = SURFACE_STYLE_USAGE(.BOTH.,#14080);
#14080 = SURFACE_SIDE_STYLE('',(#14081));
#14081 = SURFACE_STYLE_FILL_AREA(#14082);
#14082 = FILL_AREA_STYLE('',(#14083));
#14083 = FILL_AREA_STYLE_COLOUR('',#13767);
#14084 = STYLED_ITEM('color',(#14085),#3735);
#14085 = PRESENTATION_STYLE_ASSIGNMENT((#14086));
#14086 = SURFACE_STYLE_USAGE(.BOTH.,#14087);
#14087 = SURFACE_SIDE_STYLE('',(#14088));
#14088 = SURFACE_STYLE_FILL_AREA(#14089);
#14089 = FILL_AREA_STYLE('',(#14090));
#14090 = FILL_AREA_STYLE_COLOUR('',#13803);
#14091 = STYLED_ITEM('color',(#14092),#3757);
#14092 = PRESENTATION_STYLE_ASSIGNMENT((#14093));
#14093 = SURFACE_STYLE_USAGE(.BOTH.,#14094);
#14094 = SURFACE_SIDE_STYLE('',(#14095));
#14095 = SURFACE_STYLE_FILL_AREA(#14096);
#14096 = FILL_AREA_STYLE('',(#14097));
#14097 = FILL_AREA_STYLE_COLOUR('',#13803);
#14098 = STYLED_ITEM('color',(#14099),#3780);
#14099 = PRESENTATION_STYLE_ASSIGNMENT((#14100));
#14100 = SURFACE_STYLE_USAGE(.BOTH.,#14101);
#14101 = SURFACE_SIDE_STYLE('',(#14102));
#14102 = SURFACE_STYLE_FILL_AREA(#14103);
#14103 = FILL_AREA_STYLE('',(#14104));
#14104 = FILL_AREA_STYLE_COLOUR('',#13803);
#14105 = STYLED_ITEM('color',(#14106),#3803);
#14106 = PRESENTATION_STYLE_ASSIGNMENT((#14107));
#14107 = SURFACE_STYLE_USAGE(.BOTH.,#14108);
#14108 = SURFACE_SIDE_STYLE('',(#14109));
#14109 = SURFACE_STYLE_FILL_AREA(#14110);
#14110 = FILL_AREA_STYLE('',(#14111));
#14111 = FILL_AREA_STYLE_COLOUR('',#13803);
#14112 = STYLED_ITEM('color',(#14113),#3826);
#14113 = PRESENTATION_STYLE_ASSIGNMENT((#14114));
#14114 = SURFACE_STYLE_USAGE(.BOTH.,#14115);
#14115 = SURFACE_SIDE_STYLE('',(#14116));
#14116 = SURFACE_STYLE_FILL_AREA(#14117);
#14117 = FILL_AREA_STYLE('',(#14118));
#14118 = FILL_AREA_STYLE_COLOUR('',#13803);
#14119 = STYLED_ITEM('color',(#14120),#3893);
#14120 = PRESENTATION_STYLE_ASSIGNMENT((#14121));
#14121 = SURFACE_STYLE_USAGE(.BOTH.,#14122);
#14122 = SURFACE_SIDE_STYLE('',(#14123));
#14123 = SURFACE_STYLE_FILL_AREA(#14124);
#14124 = FILL_AREA_STYLE('',(#14125));
#14125 = FILL_AREA_STYLE_COLOUR('',#13803);
#14126 = STYLED_ITEM('color',(#14127),#3916);
#14127 = PRESENTATION_STYLE_ASSIGNMENT((#14128));
#14128 = SURFACE_STYLE_USAGE(.BOTH.,#14129);
#14129 = SURFACE_SIDE_STYLE('',(#14130));
#14130 = SURFACE_STYLE_FILL_AREA(#14131);
#14131 = FILL_AREA_STYLE('',(#14132));
#14132 = FILL_AREA_STYLE_COLOUR('',#13767);
#14133 = STYLED_ITEM('color',(#14134),#3935);
#14134 = PRESENTATION_STYLE_ASSIGNMENT((#14135));
#14135 = SURFACE_STYLE_USAGE(.BOTH.,#14136);
#14136 = SURFACE_SIDE_STYLE('',(#14137));
#14137 = SURFACE_STYLE_FILL_AREA(#14138);
#14138 = FILL_AREA_STYLE('',(#14139));
#14139 = FILL_AREA_STYLE_COLOUR('',#13767);
#14140 = STYLED_ITEM('color',(#14141),#3954);
#14141 = PRESENTATION_STYLE_ASSIGNMENT((#14142));
#14142 = SURFACE_STYLE_USAGE(.BOTH.,#14143);
#14143 = SURFACE_SIDE_STYLE('',(#14144));
#14144 = SURFACE_STYLE_FILL_AREA(#14145);
#14145 = FILL_AREA_STYLE('',(#14146));
#14146 = FILL_AREA_STYLE_COLOUR('',#13767);
#14147 = STYLED_ITEM('color',(#14148),#3973);
#14148 = PRESENTATION_STYLE_ASSIGNMENT((#14149));
#14149 = SURFACE_STYLE_USAGE(.BOTH.,#14150);
#14150 = SURFACE_SIDE_STYLE('',(#14151));
#14151 = SURFACE_STYLE_FILL_AREA(#14152);
#14152 = FILL_AREA_STYLE('',(#14153));
#14153 = FILL_AREA_STYLE_COLOUR('',#13767);
#14154 = STYLED_ITEM('color',(#14155),#3990);
#14155 = PRESENTATION_STYLE_ASSIGNMENT((#14156));
#14156 = SURFACE_STYLE_USAGE(.BOTH.,#14157);
#14157 = SURFACE_SIDE_STYLE('',(#14158));
#14158 = SURFACE_STYLE_FILL_AREA(#14159);
#14159 = FILL_AREA_STYLE('',(#14160));
#14160 = FILL_AREA_STYLE_COLOUR('',#13767);
#14161 = STYLED_ITEM('color',(#14162),#4007);
#14162 = PRESENTATION_STYLE_ASSIGNMENT((#14163));
#14163 = SURFACE_STYLE_USAGE(.BOTH.,#14164);
#14164 = SURFACE_SIDE_STYLE('',(#14165));
#14165 = SURFACE_STYLE_FILL_AREA(#14166);
#14166 = FILL_AREA_STYLE('',(#14167));
#14167 = FILL_AREA_STYLE_COLOUR('',#13767);
#14168 = STYLED_ITEM('color',(#14169),#4024);
#14169 = PRESENTATION_STYLE_ASSIGNMENT((#14170));
#14170 = SURFACE_STYLE_USAGE(.BOTH.,#14171);
#14171 = SURFACE_SIDE_STYLE('',(#14172));
#14172 = SURFACE_STYLE_FILL_AREA(#14173);
#14173 = FILL_AREA_STYLE('',(#14174));
#14174 = FILL_AREA_STYLE_COLOUR('',#13767);
#14175 = STYLED_ITEM('color',(#14176),#4041);
#14176 = PRESENTATION_STYLE_ASSIGNMENT((#14177));
#14177 = SURFACE_STYLE_USAGE(.BOTH.,#14178);
#14178 = SURFACE_SIDE_STYLE('',(#14179));
#14179 = SURFACE_STYLE_FILL_AREA(#14180);
#14180 = FILL_AREA_STYLE('',(#14181));
#14181 = FILL_AREA_STYLE_COLOUR('',#13767);
#14182 = STYLED_ITEM('color',(#14183),#4058);
#14183 = PRESENTATION_STYLE_ASSIGNMENT((#14184));
#14184 = SURFACE_STYLE_USAGE(.BOTH.,#14185);
#14185 = SURFACE_SIDE_STYLE('',(#14186));
#14186 = SURFACE_STYLE_FILL_AREA(#14187);
#14187 = FILL_AREA_STYLE('',(#14188));
#14188 = FILL_AREA_STYLE_COLOUR('',#13767);
#14189 = STYLED_ITEM('color',(#14190),#4075);
#14190 = PRESENTATION_STYLE_ASSIGNMENT((#14191));
#14191 = SURFACE_STYLE_USAGE(.BOTH.,#14192);
#14192 = SURFACE_SIDE_STYLE('',(#14193));
#14193 = SURFACE_STYLE_FILL_AREA(#14194);
#14194 = FILL_AREA_STYLE('',(#14195));
#14195 = FILL_AREA_STYLE_COLOUR('',#13767);
#14196 = STYLED_ITEM('color',(#14197),#4092);
#14197 = PRESENTATION_STYLE_ASSIGNMENT((#14198));
#14198 = SURFACE_STYLE_USAGE(.BOTH.,#14199);
#14199 = SURFACE_SIDE_STYLE('',(#14200));
#14200 = SURFACE_STYLE_FILL_AREA(#14201);
#14201 = FILL_AREA_STYLE('',(#14202));
#14202 = FILL_AREA_STYLE_COLOUR('',#13767);
#14203 = STYLED_ITEM('color',(#14204),#4104);
#14204 = PRESENTATION_STYLE_ASSIGNMENT((#14205));
#14205 = SURFACE_STYLE_USAGE(.BOTH.,#14206);
#14206 = SURFACE_SIDE_STYLE('',(#14207));
#14207 = SURFACE_STYLE_FILL_AREA(#14208);
#14208 = FILL_AREA_STYLE('',(#14209));
#14209 = FILL_AREA_STYLE_COLOUR('',#13803);
#14210 = STYLED_ITEM('color',(#14211),#4127);
#14211 = PRESENTATION_STYLE_ASSIGNMENT((#14212));
#14212 = SURFACE_STYLE_USAGE(.BOTH.,#14213);
#14213 = SURFACE_SIDE_STYLE('',(#14214));
#14214 = SURFACE_STYLE_FILL_AREA(#14215);
#14215 = FILL_AREA_STYLE('',(#14216));
#14216 = FILL_AREA_STYLE_COLOUR('',#13803);
#14217 = STYLED_ITEM('color',(#14218),#4150);
#14218 = PRESENTATION_STYLE_ASSIGNMENT((#14219));
#14219 = SURFACE_STYLE_USAGE(.BOTH.,#14220);
#14220 = SURFACE_SIDE_STYLE('',(#14221));
#14221 = SURFACE_STYLE_FILL_AREA(#14222);
#14222 = FILL_AREA_STYLE('',(#14223));
#14223 = FILL_AREA_STYLE_COLOUR('',#13803);
#14224 = STYLED_ITEM('color',(#14225),#4174);
#14225 = PRESENTATION_STYLE_ASSIGNMENT((#14226));
#14226 = SURFACE_STYLE_USAGE(.BOTH.,#14227);
#14227 = SURFACE_SIDE_STYLE('',(#14228));
#14228 = SURFACE_STYLE_FILL_AREA(#14229);
#14229 = FILL_AREA_STYLE('',(#14230));
#14230 = FILL_AREA_STYLE_COLOUR('',#13803);
#14231 = STYLED_ITEM('color',(#14232),#4204);
#14232 = PRESENTATION_STYLE_ASSIGNMENT((#14233));
#14233 = SURFACE_STYLE_USAGE(.BOTH.,#14234);
#14234 = SURFACE_SIDE_STYLE('',(#14235));
#14235 = SURFACE_STYLE_FILL_AREA(#14236);
#14236 = FILL_AREA_STYLE('',(#14237));
#14237 = FILL_AREA_STYLE_COLOUR('',#13767);
#14238 = STYLED_ITEM('color',(#14239),#4235);
#14239 = PRESENTATION_STYLE_ASSIGNMENT((#14240));
#14240 = SURFACE_STYLE_USAGE(.BOTH.,#14241);
#14241 = SURFACE_SIDE_STYLE('',(#14242));
#14242 = SURFACE_STYLE_FILL_AREA(#14243);
#14243 = FILL_AREA_STYLE('',(#14244));
#14244 = FILL_AREA_STYLE_COLOUR('',#13767);
#14245 = STYLED_ITEM('color',(#14246),#4266);
#14246 = PRESENTATION_STYLE_ASSIGNMENT((#14247));
#14247 = SURFACE_STYLE_USAGE(.BOTH.,#14248);
#14248 = SURFACE_SIDE_STYLE('',(#14249));
#14249 = SURFACE_STYLE_FILL_AREA(#14250);
#14250 = FILL_AREA_STYLE('',(#14251));
#14251 = FILL_AREA_STYLE_COLOUR('',#13803);
#14252 = STYLED_ITEM('color',(#14253),#4297);
#14253 = PRESENTATION_STYLE_ASSIGNMENT((#14254));
#14254 = SURFACE_STYLE_USAGE(.BOTH.,#14255);
#14255 = SURFACE_SIDE_STYLE('',(#14256));
#14256 = SURFACE_STYLE_FILL_AREA(#14257);
#14257 = FILL_AREA_STYLE('',(#14258));
#14258 = FILL_AREA_STYLE_COLOUR('',#13803);
#14259 = STYLED_ITEM('color',(#14260),#4328);
#14260 = PRESENTATION_STYLE_ASSIGNMENT((#14261));
#14261 = SURFACE_STYLE_USAGE(.BOTH.,#14262);
#14262 = SURFACE_SIDE_STYLE('',(#14263));
#14263 = SURFACE_STYLE_FILL_AREA(#14264);
#14264 = FILL_AREA_STYLE('',(#14265));
#14265 = FILL_AREA_STYLE_COLOUR('',#13767);
#14266 = STYLED_ITEM('color',(#14267),#4359);
#14267 = PRESENTATION_STYLE_ASSIGNMENT((#14268));
#14268 = SURFACE_STYLE_USAGE(.BOTH.,#14269);
#14269 = SURFACE_SIDE_STYLE('',(#14270));
#14270 = SURFACE_STYLE_FILL_AREA(#14271);
#14271 = FILL_AREA_STYLE('',(#14272));
#14272 = FILL_AREA_STYLE_COLOUR('',#13767);
#14273 = STYLED_ITEM('color',(#14274),#4390);
#14274 = PRESENTATION_STYLE_ASSIGNMENT((#14275));
#14275 = SURFACE_STYLE_USAGE(.BOTH.,#14276);
#14276 = SURFACE_SIDE_STYLE('',(#14277));
#14277 = SURFACE_STYLE_FILL_AREA(#14278);
#14278 = FILL_AREA_STYLE('',(#14279));
#14279 = FILL_AREA_STYLE_COLOUR('',#13803);
#14280 = STYLED_ITEM('color',(#14281),#4421);
#14281 = PRESENTATION_STYLE_ASSIGNMENT((#14282));
#14282 = SURFACE_STYLE_USAGE(.BOTH.,#14283);
#14283 = SURFACE_SIDE_STYLE('',(#14284));
#14284 = SURFACE_STYLE_FILL_AREA(#14285);
#14285 = FILL_AREA_STYLE('',(#14286));
#14286 = FILL_AREA_STYLE_COLOUR('',#13803);
#14287 = STYLED_ITEM('color',(#14288),#4438);
#14288 = PRESENTATION_STYLE_ASSIGNMENT((#14289));
#14289 = SURFACE_STYLE_USAGE(.BOTH.,#14290);
#14290 = SURFACE_SIDE_STYLE('',(#14291));
#14291 = SURFACE_STYLE_FILL_AREA(#14292);
#14292 = FILL_AREA_STYLE('',(#14293));
#14293 = FILL_AREA_STYLE_COLOUR('',#13803);
#14294 = STYLED_ITEM('color',(#14295),#4454);
#14295 = PRESENTATION_STYLE_ASSIGNMENT((#14296));
#14296 = SURFACE_STYLE_USAGE(.BOTH.,#14297);
#14297 = SURFACE_SIDE_STYLE('',(#14298));
#14298 = SURFACE_STYLE_FILL_AREA(#14299);
#14299 = FILL_AREA_STYLE('',(#14300));
#14300 = FILL_AREA_STYLE_COLOUR('',#13767);
#14301 = STYLED_ITEM('color',(#14302),#4471);
#14302 = PRESENTATION_STYLE_ASSIGNMENT((#14303));
#14303 = SURFACE_STYLE_USAGE(.BOTH.,#14304);
#14304 = SURFACE_SIDE_STYLE('',(#14305));
#14305 = SURFACE_STYLE_FILL_AREA(#14306);
#14306 = FILL_AREA_STYLE('',(#14307));
#14307 = FILL_AREA_STYLE_COLOUR('',#13767);
#14308 = STYLED_ITEM('color',(#14309),#4488);
#14309 = PRESENTATION_STYLE_ASSIGNMENT((#14310));
#14310 = SURFACE_STYLE_USAGE(.BOTH.,#14311);
#14311 = SURFACE_SIDE_STYLE('',(#14312));
#14312 = SURFACE_STYLE_FILL_AREA(#14313);
#14313 = FILL_AREA_STYLE('',(#14314));
#14314 = FILL_AREA_STYLE_COLOUR('',#13767);
#14315 = STYLED_ITEM('color',(#14316),#4505);
#14316 = PRESENTATION_STYLE_ASSIGNMENT((#14317));
#14317 = SURFACE_STYLE_USAGE(.BOTH.,#14318);
#14318 = SURFACE_SIDE_STYLE('',(#14319));
#14319 = SURFACE_STYLE_FILL_AREA(#14320);
#14320 = FILL_AREA_STYLE('',(#14321));
#14321 = FILL_AREA_STYLE_COLOUR('',#13767);
#14322 = STYLED_ITEM('color',(#14323),#4522);
#14323 = PRESENTATION_STYLE_ASSIGNMENT((#14324));
#14324 = SURFACE_STYLE_USAGE(.BOTH.,#14325);
#14325 = SURFACE_SIDE_STYLE('',(#14326));
#14326 = SURFACE_STYLE_FILL_AREA(#14327);
#14327 = FILL_AREA_STYLE('',(#14328));
#14328 = FILL_AREA_STYLE_COLOUR('',#13767);
#14329 = STYLED_ITEM('color',(#14330),#4539);
#14330 = PRESENTATION_STYLE_ASSIGNMENT((#14331));
#14331 = SURFACE_STYLE_USAGE(.BOTH.,#14332);
#14332 = SURFACE_SIDE_STYLE('',(#14333));
#14333 = SURFACE_STYLE_FILL_AREA(#14334);
#14334 = FILL_AREA_STYLE('',(#14335));
#14335 = FILL_AREA_STYLE_COLOUR('',#13767);
#14336 = STYLED_ITEM('color',(#14337),#4556);
#14337 = PRESENTATION_STYLE_ASSIGNMENT((#14338));
#14338 = SURFACE_STYLE_USAGE(.BOTH.,#14339);
#14339 = SURFACE_SIDE_STYLE('',(#14340));
#14340 = SURFACE_STYLE_FILL_AREA(#14341);
#14341 = FILL_AREA_STYLE('',(#14342));
#14342 = FILL_AREA_STYLE_COLOUR('',#13767);
#14343 = STYLED_ITEM('color',(#14344),#4573);
#14344 = PRESENTATION_STYLE_ASSIGNMENT((#14345));
#14345 = SURFACE_STYLE_USAGE(.BOTH.,#14346);
#14346 = SURFACE_SIDE_STYLE('',(#14347));
#14347 = SURFACE_STYLE_FILL_AREA(#14348);
#14348 = FILL_AREA_STYLE('',(#14349));
#14349 = FILL_AREA_STYLE_COLOUR('',#13767);
#14350 = STYLED_ITEM('color',(#14351),#4585);
#14351 = PRESENTATION_STYLE_ASSIGNMENT((#14352));
#14352 = SURFACE_STYLE_USAGE(.BOTH.,#14353);
#14353 = SURFACE_SIDE_STYLE('',(#14354));
#14354 = SURFACE_STYLE_FILL_AREA(#14355);
#14355 = FILL_AREA_STYLE('',(#14356));
#14356 = FILL_AREA_STYLE_COLOUR('',#13767);
#14357 = STYLED_ITEM('color',(#14358),#4602);
#14358 = PRESENTATION_STYLE_ASSIGNMENT((#14359));
#14359 = SURFACE_STYLE_USAGE(.BOTH.,#14360);
#14360 = SURFACE_SIDE_STYLE('',(#14361));
#14361 = SURFACE_STYLE_FILL_AREA(#14362);
#14362 = FILL_AREA_STYLE('',(#14363));
#14363 = FILL_AREA_STYLE_COLOUR('',#13767);
#14364 = STYLED_ITEM('color',(#14365),#4619);
#14365 = PRESENTATION_STYLE_ASSIGNMENT((#14366));
#14366 = SURFACE_STYLE_USAGE(.BOTH.,#14367);
#14367 = SURFACE_SIDE_STYLE('',(#14368));
#14368 = SURFACE_STYLE_FILL_AREA(#14369);
#14369 = FILL_AREA_STYLE('',(#14370));
#14370 = FILL_AREA_STYLE_COLOUR('',#13767);
#14371 = STYLED_ITEM('color',(#14372),#4636);
#14372 = PRESENTATION_STYLE_ASSIGNMENT((#14373));
#14373 = SURFACE_STYLE_USAGE(.BOTH.,#14374);
#14374 = SURFACE_SIDE_STYLE('',(#14375));
#14375 = SURFACE_STYLE_FILL_AREA(#14376);
#14376 = FILL_AREA_STYLE('',(#14377));
#14377 = FILL_AREA_STYLE_COLOUR('',#13767);
#14378 = STYLED_ITEM('color',(#14379),#4653);
#14379 = PRESENTATION_STYLE_ASSIGNMENT((#14380));
#14380 = SURFACE_STYLE_USAGE(.BOTH.,#14381);
#14381 = SURFACE_SIDE_STYLE('',(#14382));
#14382 = SURFACE_STYLE_FILL_AREA(#14383);
#14383 = FILL_AREA_STYLE('',(#14384));
#14384 = FILL_AREA_STYLE_COLOUR('',#13767);
#14385 = STYLED_ITEM('color',(#14386),#4670);
#14386 = PRESENTATION_STYLE_ASSIGNMENT((#14387));
#14387 = SURFACE_STYLE_USAGE(.BOTH.,#14388);
#14388 = SURFACE_SIDE_STYLE('',(#14389));
#14389 = SURFACE_STYLE_FILL_AREA(#14390);
#14390 = FILL_AREA_STYLE('',(#14391));
#14391 = FILL_AREA_STYLE_COLOUR('',#13767);
#14392 = STYLED_ITEM('color',(#14393),#4687);
#14393 = PRESENTATION_STYLE_ASSIGNMENT((#14394));
#14394 = SURFACE_STYLE_USAGE(.BOTH.,#14395);
#14395 = SURFACE_SIDE_STYLE('',(#14396));
#14396 = SURFACE_STYLE_FILL_AREA(#14397);
#14397 = FILL_AREA_STYLE('',(#14398));
#14398 = FILL_AREA_STYLE_COLOUR('',#13767);
#14399 = STYLED_ITEM('color',(#14400),#4704);
#14400 = PRESENTATION_STYLE_ASSIGNMENT((#14401));
#14401 = SURFACE_STYLE_USAGE(.BOTH.,#14402);
#14402 = SURFACE_SIDE_STYLE('',(#14403));
#14403 = SURFACE_STYLE_FILL_AREA(#14404);
#14404 = FILL_AREA_STYLE('',(#14405));
#14405 = FILL_AREA_STYLE_COLOUR('',#13767);
#14406 = STYLED_ITEM('color',(#14407),#4716);
#14407 = PRESENTATION_STYLE_ASSIGNMENT((#14408));
#14408 = SURFACE_STYLE_USAGE(.BOTH.,#14409);
#14409 = SURFACE_SIDE_STYLE('',(#14410));
#14410 = SURFACE_STYLE_FILL_AREA(#14411);
#14411 = FILL_AREA_STYLE('',(#14412));
#14412 = FILL_AREA_STYLE_COLOUR('',#13803);
#14413 = STYLED_ITEM('color',(#14414),#4739);
#14414 = PRESENTATION_STYLE_ASSIGNMENT((#14415));
#14415 = SURFACE_STYLE_USAGE(.BOTH.,#14416);
#14416 = SURFACE_SIDE_STYLE('',(#14417));
#14417 = SURFACE_STYLE_FILL_AREA(#14418);
#14418 = FILL_AREA_STYLE('',(#14419));
#14419 = FILL_AREA_STYLE_COLOUR('',#13803);
#14420 = STYLED_ITEM('color',(#14421),#4755);
#14421 = PRESENTATION_STYLE_ASSIGNMENT((#14422));
#14422 = SURFACE_STYLE_USAGE(.BOTH.,#14423);
#14423 = SURFACE_SIDE_STYLE('',(#14424));
#14424 = SURFACE_STYLE_FILL_AREA(#14425);
#14425 = FILL_AREA_STYLE('',(#14426));
#14426 = FILL_AREA_STYLE_COLOUR('',#13803);
#14427 = STYLED_ITEM('color',(#14428),#4778);
#14428 = PRESENTATION_STYLE_ASSIGNMENT((#14429));
#14429 = SURFACE_STYLE_USAGE(.BOTH.,#14430);
#14430 = SURFACE_SIDE_STYLE('',(#14431));
#14431 = SURFACE_STYLE_FILL_AREA(#14432);
#14432 = FILL_AREA_STYLE('',(#14433));
#14433 = FILL_AREA_STYLE_COLOUR('',#13803);
#14434 = STYLED_ITEM('color',(#14435),#4865);
#14435 = PRESENTATION_STYLE_ASSIGNMENT((#14436));
#14436 = SURFACE_STYLE_USAGE(.BOTH.,#14437);
#14437 = SURFACE_SIDE_STYLE('',(#14438));
#14438 = SURFACE_STYLE_FILL_AREA(#14439);
#14439 = FILL_AREA_STYLE('',(#14440));
#14440 = FILL_AREA_STYLE_COLOUR('',#13803);
#14441 = STYLED_ITEM('color',(#14442),#4888);
#14442 = PRESENTATION_STYLE_ASSIGNMENT((#14443));
#14443 = SURFACE_STYLE_USAGE(.BOTH.,#14444);
#14444 = SURFACE_SIDE_STYLE('',(#14445));
#14445 = SURFACE_STYLE_FILL_AREA(#14446);
#14446 = FILL_AREA_STYLE('',(#14447));
#14447 = FILL_AREA_STYLE_COLOUR('',#13803);
#14448 = STYLED_ITEM('color',(#14449),#4905);
#14449 = PRESENTATION_STYLE_ASSIGNMENT((#14450));
#14450 = SURFACE_STYLE_USAGE(.BOTH.,#14451);
#14451 = SURFACE_SIDE_STYLE('',(#14452));
#14452 = SURFACE_STYLE_FILL_AREA(#14453);
#14453 = FILL_AREA_STYLE('',(#14454));
#14454 = FILL_AREA_STYLE_COLOUR('',#14455);
#14455 = COLOUR_RGB('',0.690196106937,0.662745111292,0.596078458879);
#14456 = STYLED_ITEM('color',(#14457),#4930);
#14457 = PRESENTATION_STYLE_ASSIGNMENT((#14458));
#14458 = SURFACE_STYLE_USAGE(.BOTH.,#14459);
#14459 = SURFACE_SIDE_STYLE('',(#14460));
#14460 = SURFACE_STYLE_FILL_AREA(#14461);
#14461 = FILL_AREA_STYLE('',(#14462));
#14462 = FILL_AREA_STYLE_COLOUR('',#13803);
#14463 = STYLED_ITEM('color',(#14464),#4946);
#14464 = PRESENTATION_STYLE_ASSIGNMENT((#14465));
#14465 = SURFACE_STYLE_USAGE(.BOTH.,#14466);
#14466 = SURFACE_SIDE_STYLE('',(#14467));
#14467 = SURFACE_STYLE_FILL_AREA(#14468);
#14468 = FILL_AREA_STYLE('',(#14469));
#14469 = FILL_AREA_STYLE_COLOUR('',#13803);
#14470 = STYLED_ITEM('color',(#14471),#4962);
#14471 = PRESENTATION_STYLE_ASSIGNMENT((#14472));
#14472 = SURFACE_STYLE_USAGE(.BOTH.,#14473);
#14473 = SURFACE_SIDE_STYLE('',(#14474));
#14474 = SURFACE_STYLE_FILL_AREA(#14475);
#14475 = FILL_AREA_STYLE('',(#14476));
#14476 = FILL_AREA_STYLE_COLOUR('',#13803);
#14477 = STYLED_ITEM('color',(#14478),#4979);
#14478 = PRESENTATION_STYLE_ASSIGNMENT((#14479));
#14479 = SURFACE_STYLE_USAGE(.BOTH.,#14480);
#14480 = SURFACE_SIDE_STYLE('',(#14481));
#14481 = SURFACE_STYLE_FILL_AREA(#14482);
#14482 = FILL_AREA_STYLE('',(#14483));
#14483 = FILL_AREA_STYLE_COLOUR('',#13767);
#14484 = STYLED_ITEM('color',(#14485),#5071);
#14485 = PRESENTATION_STYLE_ASSIGNMENT((#14486));
#14486 = SURFACE_STYLE_USAGE(.BOTH.,#14487);
#14487 = SURFACE_SIDE_STYLE('',(#14488));
#14488 = SURFACE_STYLE_FILL_AREA(#14489);
#14489 = FILL_AREA_STYLE('',(#14490));
#14490 = FILL_AREA_STYLE_COLOUR('',#13767);
#14491 = STYLED_ITEM('color',(#14492),#5163);
#14492 = PRESENTATION_STYLE_ASSIGNMENT((#14493));
#14493 = SURFACE_STYLE_USAGE(.BOTH.,#14494);
#14494 = SURFACE_SIDE_STYLE('',(#14495));
#14495 = SURFACE_STYLE_FILL_AREA(#14496);
#14496 = FILL_AREA_STYLE('',(#14497));
#14497 = FILL_AREA_STYLE_COLOUR('',#13803);
#14498 = STYLED_ITEM('color',(#14499),#5184);
#14499 = PRESENTATION_STYLE_ASSIGNMENT((#14500));
#14500 = SURFACE_STYLE_USAGE(.BOTH.,#14501);
#14501 = SURFACE_SIDE_STYLE('',(#14502));
#14502 = SURFACE_STYLE_FILL_AREA(#14503);
#14503 = FILL_AREA_STYLE('',(#14504));
#14504 = FILL_AREA_STYLE_COLOUR('',#13767);
#14505 = STYLED_ITEM('color',(#14506),#5209);
#14506 = PRESENTATION_STYLE_ASSIGNMENT((#14507));
#14507 = SURFACE_STYLE_USAGE(.BOTH.,#14508);
#14508 = SURFACE_SIDE_STYLE('',(#14509));
#14509 = SURFACE_STYLE_FILL_AREA(#14510);
#14510 = FILL_AREA_STYLE('',(#14511));
#14511 = FILL_AREA_STYLE_COLOUR('',#13767);
#14512 = STYLED_ITEM('color',(#14513),#5293);
#14513 = PRESENTATION_STYLE_ASSIGNMENT((#14514));
#14514 = SURFACE_STYLE_USAGE(.BOTH.,#14515);
#14515 = SURFACE_SIDE_STYLE('',(#14516));
#14516 = SURFACE_STYLE_FILL_AREA(#14517);
#14517 = FILL_AREA_STYLE('',(#14518));
#14518 = FILL_AREA_STYLE_COLOUR('',#13767);
#14519 = STYLED_ITEM('color',(#14520),#5385);
#14520 = PRESENTATION_STYLE_ASSIGNMENT((#14521));
#14521 = SURFACE_STYLE_USAGE(.BOTH.,#14522);
#14522 = SURFACE_SIDE_STYLE('',(#14523));
#14523 = SURFACE_STYLE_FILL_AREA(#14524);
#14524 = FILL_AREA_STYLE('',(#14525));
#14525 = FILL_AREA_STYLE_COLOUR('',#13767);
#14526 = STYLED_ITEM('color',(#14527),#5402);
#14527 = PRESENTATION_STYLE_ASSIGNMENT((#14528));
#14528 = SURFACE_STYLE_USAGE(.BOTH.,#14529);
#14529 = SURFACE_SIDE_STYLE('',(#14530));
#14530 = SURFACE_STYLE_FILL_AREA(#14531);
#14531 = FILL_AREA_STYLE('',(#14532));
#14532 = FILL_AREA_STYLE_COLOUR('',#13803);
#14533 = STYLED_ITEM('color',(#14534),#5424);
#14534 = PRESENTATION_STYLE_ASSIGNMENT((#14535));
#14535 = SURFACE_STYLE_USAGE(.BOTH.,#14536);
#14536 = SURFACE_SIDE_STYLE('',(#14537));
#14537 = SURFACE_STYLE_FILL_AREA(#14538);
#14538 = FILL_AREA_STYLE('',(#14539));
#14539 = FILL_AREA_STYLE_COLOUR('',#13767);
#14540 = STYLED_ITEM('color',(#14541),#5516);
#14541 = PRESENTATION_STYLE_ASSIGNMENT((#14542));
#14542 = SURFACE_STYLE_USAGE(.BOTH.,#14543);
#14543 = SURFACE_SIDE_STYLE('',(#14544));
#14544 = SURFACE_STYLE_FILL_AREA(#14545);
#14545 = FILL_AREA_STYLE('',(#14546));
#14546 = FILL_AREA_STYLE_COLOUR('',#13767);
#14547 = STYLED_ITEM('color',(#14548),#5608);
#14548 = PRESENTATION_STYLE_ASSIGNMENT((#14549));
#14549 = SURFACE_STYLE_USAGE(.BOTH.,#14550);
#14550 = SURFACE_SIDE_STYLE('',(#14551));
#14551 = SURFACE_STYLE_FILL_AREA(#14552);
#14552 = FILL_AREA_STYLE('',(#14553));
#14553 = FILL_AREA_STYLE_COLOUR('',#13803);
#14554 = STYLED_ITEM('color',(#14555),#5630);
#14555 = PRESENTATION_STYLE_ASSIGNMENT((#14556));
#14556 = SURFACE_STYLE_USAGE(.BOTH.,#14557);
#14557 = SURFACE_SIDE_STYLE('',(#14558));
#14558 = SURFACE_STYLE_FILL_AREA(#14559);
#14559 = FILL_AREA_STYLE('',(#14560));
#14560 = FILL_AREA_STYLE_COLOUR('',#13767);
#14561 = STYLED_ITEM('color',(#14562),#5655);
#14562 = PRESENTATION_STYLE_ASSIGNMENT((#14563));
#14563 = SURFACE_STYLE_USAGE(.BOTH.,#14564);
#14564 = SURFACE_SIDE_STYLE('',(#14565));
#14565 = SURFACE_STYLE_FILL_AREA(#14566);
#14566 = FILL_AREA_STYLE('',(#14567));
#14567 = FILL_AREA_STYLE_COLOUR('',#13767);
#14568 = STYLED_ITEM('color',(#14569),#5739);
#14569 = PRESENTATION_STYLE_ASSIGNMENT((#14570));
#14570 = SURFACE_STYLE_USAGE(.BOTH.,#14571);
#14571 = SURFACE_SIDE_STYLE('',(#14572));
#14572 = SURFACE_STYLE_FILL_AREA(#14573);
#14573 = FILL_AREA_STYLE('',(#14574));
#14574 = FILL_AREA_STYLE_COLOUR('',#13767);
#14575 = STYLED_ITEM('color',(#14576),#5831);
#14576 = PRESENTATION_STYLE_ASSIGNMENT((#14577));
#14577 = SURFACE_STYLE_USAGE(.BOTH.,#14578);
#14578 = SURFACE_SIDE_STYLE('',(#14579));
#14579 = SURFACE_STYLE_FILL_AREA(#14580);
#14580 = FILL_AREA_STYLE('',(#14581));
#14581 = FILL_AREA_STYLE_COLOUR('',#13767);
#14582 = STYLED_ITEM('color',(#14583),#5848);
#14583 = PRESENTATION_STYLE_ASSIGNMENT((#14584));
#14584 = SURFACE_STYLE_USAGE(.BOTH.,#14585);
#14585 = SURFACE_SIDE_STYLE('',(#14586));
#14586 = SURFACE_STYLE_FILL_AREA(#14587);
#14587 = FILL_AREA_STYLE('',(#14588));
#14588 = FILL_AREA_STYLE_COLOUR('',#13803);
#14589 = STYLED_ITEM('color',(#14590),#5870);
#14590 = PRESENTATION_STYLE_ASSIGNMENT((#14591));
#14591 = SURFACE_STYLE_USAGE(.BOTH.,#14592);
#14592 = SURFACE_SIDE_STYLE('',(#14593));
#14593 = SURFACE_STYLE_FILL_AREA(#14594);
#14594 = FILL_AREA_STYLE('',(#14595));
#14595 = FILL_AREA_STYLE_COLOUR('',#13803);
#14596 = STYLED_ITEM('color',(#14597),#5882);
#14597 = PRESENTATION_STYLE_ASSIGNMENT((#14598));
#14598 = SURFACE_STYLE_USAGE(.BOTH.,#14599);
#14599 = SURFACE_SIDE_STYLE('',(#14600));
#14600 = SURFACE_STYLE_FILL_AREA(#14601);
#14601 = FILL_AREA_STYLE('',(#14602));
#14602 = FILL_AREA_STYLE_COLOUR('',#13767);
#14603 = STYLED_ITEM('color',(#14604),#5901);
#14604 = PRESENTATION_STYLE_ASSIGNMENT((#14605));
#14605 = SURFACE_STYLE_USAGE(.BOTH.,#14606);
#14606 = SURFACE_SIDE_STYLE('',(#14607));
#14607 = SURFACE_STYLE_FILL_AREA(#14608);
#14608 = FILL_AREA_STYLE('',(#14609));
#14609 = FILL_AREA_STYLE_COLOUR('',#13767);
#14610 = STYLED_ITEM('color',(#14611),#5920);
#14611 = PRESENTATION_STYLE_ASSIGNMENT((#14612));
#14612 = SURFACE_STYLE_USAGE(.BOTH.,#14613);
#14613 = SURFACE_SIDE_STYLE('',(#14614));
#14614 = SURFACE_STYLE_FILL_AREA(#14615);
#14615 = FILL_AREA_STYLE('',(#14616));
#14616 = FILL_AREA_STYLE_COLOUR('',#13767);
#14617 = STYLED_ITEM('color',(#14618),#5939);
#14618 = PRESENTATION_STYLE_ASSIGNMENT((#14619));
#14619 = SURFACE_STYLE_USAGE(.BOTH.,#14620);
#14620 = SURFACE_SIDE_STYLE('',(#14621));
#14621 = SURFACE_STYLE_FILL_AREA(#14622);
#14622 = FILL_AREA_STYLE('',(#14623));
#14623 = FILL_AREA_STYLE_COLOUR('',#13767);
#14624 = STYLED_ITEM('color',(#14625),#5958);
#14625 = PRESENTATION_STYLE_ASSIGNMENT((#14626));
#14626 = SURFACE_STYLE_USAGE(.BOTH.,#14627);
#14627 = SURFACE_SIDE_STYLE('',(#14628));
#14628 = SURFACE_STYLE_FILL_AREA(#14629);
#14629 = FILL_AREA_STYLE('',(#14630));
#14630 = FILL_AREA_STYLE_COLOUR('',#14455);
#14631 = STYLED_ITEM('color',(#14632),#5967);
#14632 = PRESENTATION_STYLE_ASSIGNMENT((#14633));
#14633 = SURFACE_STYLE_USAGE(.BOTH.,#14634);
#14634 = SURFACE_SIDE_STYLE('',(#14635));
#14635 = SURFACE_STYLE_FILL_AREA(#14636);
#14636 = FILL_AREA_STYLE('',(#14637));
#14637 = FILL_AREA_STYLE_COLOUR('',#13767);
#14638 = STYLED_ITEM('color',(#14639),#5984);
#14639 = PRESENTATION_STYLE_ASSIGNMENT((#14640));
#14640 = SURFACE_STYLE_USAGE(.BOTH.,#14641);
#14641 = SURFACE_SIDE_STYLE('',(#14642));
#14642 = SURFACE_STYLE_FILL_AREA(#14643);
#14643 = FILL_AREA_STYLE('',(#14644));
#14644 = FILL_AREA_STYLE_COLOUR('',#13767);
#14645 = STYLED_ITEM('color',(#14646),#6001);
#14646 = PRESENTATION_STYLE_ASSIGNMENT((#14647));
#14647 = SURFACE_STYLE_USAGE(.BOTH.,#14648);
#14648 = SURFACE_SIDE_STYLE('',(#14649));
#14649 = SURFACE_STYLE_FILL_AREA(#14650);
#14650 = FILL_AREA_STYLE('',(#14651));
#14651 = FILL_AREA_STYLE_COLOUR('',#13767);
#14652 = STYLED_ITEM('color',(#14653),#6018);
#14653 = PRESENTATION_STYLE_ASSIGNMENT((#14654));
#14654 = SURFACE_STYLE_USAGE(.BOTH.,#14655);
#14655 = SURFACE_SIDE_STYLE('',(#14656));
#14656 = SURFACE_STYLE_FILL_AREA(#14657);
#14657 = FILL_AREA_STYLE('',(#14658));
#14658 = FILL_AREA_STYLE_COLOUR('',#13767);
#14659 = STYLED_ITEM('color',(#14660),#6035);
#14660 = PRESENTATION_STYLE_ASSIGNMENT((#14661));
#14661 = SURFACE_STYLE_USAGE(.BOTH.,#14662);
#14662 = SURFACE_SIDE_STYLE('',(#14663));
#14663 = SURFACE_STYLE_FILL_AREA(#14664);
#14664 = FILL_AREA_STYLE('',(#14665));
#14665 = FILL_AREA_STYLE_COLOUR('',#13767);
#14666 = STYLED_ITEM('color',(#14667),#6052);
#14667 = PRESENTATION_STYLE_ASSIGNMENT((#14668));
#14668 = SURFACE_STYLE_USAGE(.BOTH.,#14669);
#14669 = SURFACE_SIDE_STYLE('',(#14670));
#14670 = SURFACE_STYLE_FILL_AREA(#14671);
#14671 = FILL_AREA_STYLE('',(#14672));
#14672 = FILL_AREA_STYLE_COLOUR('',#13767);
#14673 = STYLED_ITEM('color',(#14674),#6069);
#14674 = PRESENTATION_STYLE_ASSIGNMENT((#14675));
#14675 = SURFACE_STYLE_USAGE(.BOTH.,#14676);
#14676 = SURFACE_SIDE_STYLE('',(#14677));
#14677 = SURFACE_STYLE_FILL_AREA(#14678);
#14678 = FILL_AREA_STYLE('',(#14679));
#14679 = FILL_AREA_STYLE_COLOUR('',#13767);
#14680 = STYLED_ITEM('color',(#14681),#6086);
#14681 = PRESENTATION_STYLE_ASSIGNMENT((#14682));
#14682 = SURFACE_STYLE_USAGE(.BOTH.,#14683);
#14683 = SURFACE_SIDE_STYLE('',(#14684));
#14684 = SURFACE_STYLE_FILL_AREA(#14685);
#14685 = FILL_AREA_STYLE('',(#14686));
#14686 = FILL_AREA_STYLE_COLOUR('',#13767);
#14687 = STYLED_ITEM('color',(#14688),#6098);
#14688 = PRESENTATION_STYLE_ASSIGNMENT((#14689));
#14689 = SURFACE_STYLE_USAGE(.BOTH.,#14690);
#14690 = SURFACE_SIDE_STYLE('',(#14691));
#14691 = SURFACE_STYLE_FILL_AREA(#14692);
#14692 = FILL_AREA_STYLE('',(#14693));
#14693 = FILL_AREA_STYLE_COLOUR('',#13767);
#14694 = STYLED_ITEM('color',(#14695),#6115);
#14695 = PRESENTATION_STYLE_ASSIGNMENT((#14696));
#14696 = SURFACE_STYLE_USAGE(.BOTH.,#14697);
#14697 = SURFACE_SIDE_STYLE('',(#14698));
#14698 = SURFACE_STYLE_FILL_AREA(#14699);
#14699 = FILL_AREA_STYLE('',(#14700));
#14700 = FILL_AREA_STYLE_COLOUR('',#13767);
#14701 = STYLED_ITEM('color',(#14702),#6132);
#14702 = PRESENTATION_STYLE_ASSIGNMENT((#14703));
#14703 = SURFACE_STYLE_USAGE(.BOTH.,#14704);
#14704 = SURFACE_SIDE_STYLE('',(#14705));
#14705 = SURFACE_STYLE_FILL_AREA(#14706);
#14706 = FILL_AREA_STYLE('',(#14707));
#14707 = FILL_AREA_STYLE_COLOUR('',#13767);
#14708 = STYLED_ITEM('color',(#14709),#6149);
#14709 = PRESENTATION_STYLE_ASSIGNMENT((#14710));
#14710 = SURFACE_STYLE_USAGE(.BOTH.,#14711);
#14711 = SURFACE_SIDE_STYLE('',(#14712));
#14712 = SURFACE_STYLE_FILL_AREA(#14713);
#14713 = FILL_AREA_STYLE('',(#14714));
#14714 = FILL_AREA_STYLE_COLOUR('',#13767);
#14715 = STYLED_ITEM('color',(#14716),#6166);
#14716 = PRESENTATION_STYLE_ASSIGNMENT((#14717));
#14717 = SURFACE_STYLE_USAGE(.BOTH.,#14718);
#14718 = SURFACE_SIDE_STYLE('',(#14719));
#14719 = SURFACE_STYLE_FILL_AREA(#14720);
#14720 = FILL_AREA_STYLE('',(#14721));
#14721 = FILL_AREA_STYLE_COLOUR('',#13767);
#14722 = STYLED_ITEM('color',(#14723),#6183);
#14723 = PRESENTATION_STYLE_ASSIGNMENT((#14724));
#14724 = SURFACE_STYLE_USAGE(.BOTH.,#14725);
#14725 = SURFACE_SIDE_STYLE('',(#14726));
#14726 = SURFACE_STYLE_FILL_AREA(#14727);
#14727 = FILL_AREA_STYLE('',(#14728));
#14728 = FILL_AREA_STYLE_COLOUR('',#13767);
#14729 = STYLED_ITEM('color',(#14730),#6200);
#14730 = PRESENTATION_STYLE_ASSIGNMENT((#14731));
#14731 = SURFACE_STYLE_USAGE(.BOTH.,#14732);
#14732 = SURFACE_SIDE_STYLE('',(#14733));
#14733 = SURFACE_STYLE_FILL_AREA(#14734);
#14734 = FILL_AREA_STYLE('',(#14735));
#14735 = FILL_AREA_STYLE_COLOUR('',#13767);
#14736 = STYLED_ITEM('color',(#14737),#6217);
#14737 = PRESENTATION_STYLE_ASSIGNMENT((#14738));
#14738 = SURFACE_STYLE_USAGE(.BOTH.,#14739);
#14739 = SURFACE_SIDE_STYLE('',(#14740));
#14740 = SURFACE_STYLE_FILL_AREA(#14741);
#14741 = FILL_AREA_STYLE('',(#14742));
#14742 = FILL_AREA_STYLE_COLOUR('',#13767);
#14743 = STYLED_ITEM('color',(#14744),#6229);
#14744 = PRESENTATION_STYLE_ASSIGNMENT((#14745));
#14745 = SURFACE_STYLE_USAGE(.BOTH.,#14746);
#14746 = SURFACE_SIDE_STYLE('',(#14747));
#14747 = SURFACE_STYLE_FILL_AREA(#14748);
#14748 = FILL_AREA_STYLE('',(#14749));
#14749 = FILL_AREA_STYLE_COLOUR('',#13767);
#14750 = STYLED_ITEM('color',(#14751),#6246);
#14751 = PRESENTATION_STYLE_ASSIGNMENT((#14752));
#14752 = SURFACE_STYLE_USAGE(.BOTH.,#14753);
#14753 = SURFACE_SIDE_STYLE('',(#14754));
#14754 = SURFACE_STYLE_FILL_AREA(#14755);
#14755 = FILL_AREA_STYLE('',(#14756));
#14756 = FILL_AREA_STYLE_COLOUR('',#13767);
#14757 = STYLED_ITEM('color',(#14758),#6263);
#14758 = PRESENTATION_STYLE_ASSIGNMENT((#14759));
#14759 = SURFACE_STYLE_USAGE(.BOTH.,#14760);
#14760 = SURFACE_SIDE_STYLE('',(#14761));
#14761 = SURFACE_STYLE_FILL_AREA(#14762);
#14762 = FILL_AREA_STYLE('',(#14763));
#14763 = FILL_AREA_STYLE_COLOUR('',#13767);
#14764 = STYLED_ITEM('color',(#14765),#6280);
#14765 = PRESENTATION_STYLE_ASSIGNMENT((#14766));
#14766 = SURFACE_STYLE_USAGE(.BOTH.,#14767);
#14767 = SURFACE_SIDE_STYLE('',(#14768));
#14768 = SURFACE_STYLE_FILL_AREA(#14769);
#14769 = FILL_AREA_STYLE('',(#14770));
#14770 = FILL_AREA_STYLE_COLOUR('',#13767);
#14771 = STYLED_ITEM('color',(#14772),#6297);
#14772 = PRESENTATION_STYLE_ASSIGNMENT((#14773));
#14773 = SURFACE_STYLE_USAGE(.BOTH.,#14774);
#14774 = SURFACE_SIDE_STYLE('',(#14775));
#14775 = SURFACE_STYLE_FILL_AREA(#14776);
#14776 = FILL_AREA_STYLE('',(#14777));
#14777 = FILL_AREA_STYLE_COLOUR('',#13767);
#14778 = STYLED_ITEM('color',(#14779),#6314);
#14779 = PRESENTATION_STYLE_ASSIGNMENT((#14780));
#14780 = SURFACE_STYLE_USAGE(.BOTH.,#14781);
#14781 = SURFACE_SIDE_STYLE('',(#14782));
#14782 = SURFACE_STYLE_FILL_AREA(#14783);
#14783 = FILL_AREA_STYLE('',(#14784));
#14784 = FILL_AREA_STYLE_COLOUR('',#13767);
#14785 = STYLED_ITEM('color',(#14786),#6331);
#14786 = PRESENTATION_STYLE_ASSIGNMENT((#14787));
#14787 = SURFACE_STYLE_USAGE(.BOTH.,#14788);
#14788 = SURFACE_SIDE_STYLE('',(#14789));
#14789 = SURFACE_STYLE_FILL_AREA(#14790);
#14790 = FILL_AREA_STYLE('',(#14791));
#14791 = FILL_AREA_STYLE_COLOUR('',#13767);
#14792 = STYLED_ITEM('color',(#14793),#6348);
#14793 = PRESENTATION_STYLE_ASSIGNMENT((#14794));
#14794 = SURFACE_STYLE_USAGE(.BOTH.,#14795);
#14795 = SURFACE_SIDE_STYLE('',(#14796));
#14796 = SURFACE_STYLE_FILL_AREA(#14797);
#14797 = FILL_AREA_STYLE('',(#14798));
#14798 = FILL_AREA_STYLE_COLOUR('',#13767);
#14799 = STYLED_ITEM('color',(#14800),#6360);
#14800 = PRESENTATION_STYLE_ASSIGNMENT((#14801));
#14801 = SURFACE_STYLE_USAGE(.BOTH.,#14802);
#14802 = SURFACE_SIDE_STYLE('',(#14803));
#14803 = SURFACE_STYLE_FILL_AREA(#14804);
#14804 = FILL_AREA_STYLE('',(#14805));
#14805 = FILL_AREA_STYLE_COLOUR('',#13767);
#14806 = STYLED_ITEM('color',(#14807),#6377);
#14807 = PRESENTATION_STYLE_ASSIGNMENT((#14808));
#14808 = SURFACE_STYLE_USAGE(.BOTH.,#14809);
#14809 = SURFACE_SIDE_STYLE('',(#14810));
#14810 = SURFACE_STYLE_FILL_AREA(#14811);
#14811 = FILL_AREA_STYLE('',(#14812));
#14812 = FILL_AREA_STYLE_COLOUR('',#13767);
#14813 = STYLED_ITEM('color',(#14814),#6394);
#14814 = PRESENTATION_STYLE_ASSIGNMENT((#14815));
#14815 = SURFACE_STYLE_USAGE(.BOTH.,#14816);
#14816 = SURFACE_SIDE_STYLE('',(#14817));
#14817 = SURFACE_STYLE_FILL_AREA(#14818);
#14818 = FILL_AREA_STYLE('',(#14819));
#14819 = FILL_AREA_STYLE_COLOUR('',#13767);
#14820 = STYLED_ITEM('color',(#14821),#6411);
#14821 = PRESENTATION_STYLE_ASSIGNMENT((#14822));
#14822 = SURFACE_STYLE_USAGE(.BOTH.,#14823);
#14823 = SURFACE_SIDE_STYLE('',(#14824));
#14824 = SURFACE_STYLE_FILL_AREA(#14825);
#14825 = FILL_AREA_STYLE('',(#14826));
#14826 = FILL_AREA_STYLE_COLOUR('',#13767);
#14827 = STYLED_ITEM('color',(#14828),#6428);
#14828 = PRESENTATION_STYLE_ASSIGNMENT((#14829));
#14829 = SURFACE_STYLE_USAGE(.BOTH.,#14830);
#14830 = SURFACE_SIDE_STYLE('',(#14831));
#14831 = SURFACE_STYLE_FILL_AREA(#14832);
#14832 = FILL_AREA_STYLE('',(#14833));
#14833 = FILL_AREA_STYLE_COLOUR('',#13767);
#14834 = STYLED_ITEM('color',(#14835),#6445);
#14835 = PRESENTATION_STYLE_ASSIGNMENT((#14836));
#14836 = SURFACE_STYLE_USAGE(.BOTH.,#14837);
#14837 = SURFACE_SIDE_STYLE('',(#14838));
#14838 = SURFACE_STYLE_FILL_AREA(#14839);
#14839 = FILL_AREA_STYLE('',(#14840));
#14840 = FILL_AREA_STYLE_COLOUR('',#13767);
#14841 = STYLED_ITEM('color',(#14842),#6462);
#14842 = PRESENTATION_STYLE_ASSIGNMENT((#14843));
#14843 = SURFACE_STYLE_USAGE(.BOTH.,#14844);
#14844 = SURFACE_SIDE_STYLE('',(#14845));
#14845 = SURFACE_STYLE_FILL_AREA(#14846);
#14846 = FILL_AREA_STYLE('',(#14847));
#14847 = FILL_AREA_STYLE_COLOUR('',#13767);
#14848 = STYLED_ITEM('color',(#14849),#6479);
#14849 = PRESENTATION_STYLE_ASSIGNMENT((#14850));
#14850 = SURFACE_STYLE_USAGE(.BOTH.,#14851);
#14851 = SURFACE_SIDE_STYLE('',(#14852));
#14852 = SURFACE_STYLE_FILL_AREA(#14853);
#14853 = FILL_AREA_STYLE('',(#14854));
#14854 = FILL_AREA_STYLE_COLOUR('',#13767);
#14855 = MECHANICAL_DESIGN_GEOMETRIC_PRESENTATION_REPRESENTATION('',(
    #14856,#14864,#14871,#14878,#14885,#14892,#14899,#14906,#14913,
    #14920,#14927,#14934,#14941,#14948,#14955,#14962,#14969,#14977,
    #14984,#14991,#14998,#15005,#15012,#15019,#15026,#15033,#15040,
    #15047,#15054,#15061,#15068,#15075,#15082,#15089,#15096,#15103,
    #15110,#15117,#15124,#15131,#15138,#15145,#15152,#15159,#15166,
    #15173,#15180,#15187,#15194,#15201,#15208,#15215),#11692);
#14856 = STYLED_ITEM('color',(#14857),#10262);
#14857 = PRESENTATION_STYLE_ASSIGNMENT((#14858));
#14858 = SURFACE_STYLE_USAGE(.BOTH.,#14859);
#14859 = SURFACE_SIDE_STYLE('',(#14860));
#14860 = SURFACE_STYLE_FILL_AREA(#14861);
#14861 = FILL_AREA_STYLE('',(#14862));
#14862 = FILL_AREA_STYLE_COLOUR('',#14863);
#14863 = COLOUR_RGB('',0.147999998088,0.144999993226,0.144999993226);
#14864 = STYLED_ITEM('color',(#14865),#10302);
#14865 = PRESENTATION_STYLE_ASSIGNMENT((#14866));
#14866 = SURFACE_STYLE_USAGE(.BOTH.,#14867);
#14867 = SURFACE_SIDE_STYLE('',(#14868));
#14868 = SURFACE_STYLE_FILL_AREA(#14869);
#14869 = FILL_AREA_STYLE('',(#14870));
#14870 = FILL_AREA_STYLE_COLOUR('',#14863);
#14871 = STYLED_ITEM('color',(#14872),#10333);
#14872 = PRESENTATION_STYLE_ASSIGNMENT((#14873));
#14873 = SURFACE_STYLE_USAGE(.BOTH.,#14874);
#14874 = SURFACE_SIDE_STYLE('',(#14875));
#14875 = SURFACE_STYLE_FILL_AREA(#14876);
#14876 = FILL_AREA_STYLE('',(#14877));
#14877 = FILL_AREA_STYLE_COLOUR('',#14863);
#14878 = STYLED_ITEM('color',(#14879),#10364);
#14879 = PRESENTATION_STYLE_ASSIGNMENT((#14880));
#14880 = SURFACE_STYLE_USAGE(.BOTH.,#14881);
#14881 = SURFACE_SIDE_STYLE('',(#14882));
#14882 = SURFACE_STYLE_FILL_AREA(#14883);
#14883 = FILL_AREA_STYLE('',(#14884));
#14884 = FILL_AREA_STYLE_COLOUR('',#14863);
#14885 = STYLED_ITEM('color',(#14886),#10529);
#14886 = PRESENTATION_STYLE_ASSIGNMENT((#14887));
#14887 = SURFACE_STYLE_USAGE(.BOTH.,#14888);
#14888 = SURFACE_SIDE_STYLE('',(#14889));
#14889 = SURFACE_STYLE_FILL_AREA(#14890);
#14890 = FILL_AREA_STYLE('',(#14891));
#14891 = FILL_AREA_STYLE_COLOUR('',#14863);
#14892 = STYLED_ITEM('color',(#14893),#10694);
#14893 = PRESENTATION_STYLE_ASSIGNMENT((#14894));
#14894 = SURFACE_STYLE_USAGE(.BOTH.,#14895);
#14895 = SURFACE_SIDE_STYLE('',(#14896));
#14896 = SURFACE_STYLE_FILL_AREA(#14897);
#14897 = FILL_AREA_STYLE('',(#14898));
#14898 = FILL_AREA_STYLE_COLOUR('',#14863);
#14899 = STYLED_ITEM('color',(#14900),#10711);
#14900 = PRESENTATION_STYLE_ASSIGNMENT((#14901));
#14901 = SURFACE_STYLE_USAGE(.BOTH.,#14902);
#14902 = SURFACE_SIDE_STYLE('',(#14903));
#14903 = SURFACE_STYLE_FILL_AREA(#14904);
#14904 = FILL_AREA_STYLE('',(#14905));
#14905 = FILL_AREA_STYLE_COLOUR('',#14863);
#14906 = STYLED_ITEM('color',(#14907),#10728);
#14907 = PRESENTATION_STYLE_ASSIGNMENT((#14908));
#14908 = SURFACE_STYLE_USAGE(.BOTH.,#14909);
#14909 = SURFACE_SIDE_STYLE('',(#14910));
#14910 = SURFACE_STYLE_FILL_AREA(#14911);
#14911 = FILL_AREA_STYLE('',(#14912));
#14912 = FILL_AREA_STYLE_COLOUR('',#14863);
#14913 = STYLED_ITEM('color',(#14914),#10745);
#14914 = PRESENTATION_STYLE_ASSIGNMENT((#14915));
#14915 = SURFACE_STYLE_USAGE(.BOTH.,#14916);
#14916 = SURFACE_SIDE_STYLE('',(#14917));
#14917 = SURFACE_STYLE_FILL_AREA(#14918);
#14918 = FILL_AREA_STYLE('',(#14919));
#14919 = FILL_AREA_STYLE_COLOUR('',#14863);
#14920 = STYLED_ITEM('color',(#14921),#10762);
#14921 = PRESENTATION_STYLE_ASSIGNMENT((#14922));
#14922 = SURFACE_STYLE_USAGE(.BOTH.,#14923);
#14923 = SURFACE_SIDE_STYLE('',(#14924));
#14924 = SURFACE_STYLE_FILL_AREA(#14925);
#14925 = FILL_AREA_STYLE('',(#14926));
#14926 = FILL_AREA_STYLE_COLOUR('',#14863);
#14927 = STYLED_ITEM('color',(#14928),#10779);
#14928 = PRESENTATION_STYLE_ASSIGNMENT((#14929));
#14929 = SURFACE_STYLE_USAGE(.BOTH.,#14930);
#14930 = SURFACE_SIDE_STYLE('',(#14931));
#14931 = SURFACE_STYLE_FILL_AREA(#14932);
#14932 = FILL_AREA_STYLE('',(#14933));
#14933 = FILL_AREA_STYLE_COLOUR('',#14863);
#14934 = STYLED_ITEM('color',(#14935),#10796);
#14935 = PRESENTATION_STYLE_ASSIGNMENT((#14936));
#14936 = SURFACE_STYLE_USAGE(.BOTH.,#14937);
#14937 = SURFACE_SIDE_STYLE('',(#14938));
#14938 = SURFACE_STYLE_FILL_AREA(#14939);
#14939 = FILL_AREA_STYLE('',(#14940));
#14940 = FILL_AREA_STYLE_COLOUR('',#14863);
#14941 = STYLED_ITEM('color',(#14942),#10813);
#14942 = PRESENTATION_STYLE_ASSIGNMENT((#14943));
#14943 = SURFACE_STYLE_USAGE(.BOTH.,#14944);
#14944 = SURFACE_SIDE_STYLE('',(#14945));
#14945 = SURFACE_STYLE_FILL_AREA(#14946);
#14946 = FILL_AREA_STYLE('',(#14947));
#14947 = FILL_AREA_STYLE_COLOUR('',#14863);
#14948 = STYLED_ITEM('color',(#14949),#10830);
#14949 = PRESENTATION_STYLE_ASSIGNMENT((#14950));
#14950 = SURFACE_STYLE_USAGE(.BOTH.,#14951);
#14951 = SURFACE_SIDE_STYLE('',(#14952));
#14952 = SURFACE_STYLE_FILL_AREA(#14953);
#14953 = FILL_AREA_STYLE('',(#14954));
#14954 = FILL_AREA_STYLE_COLOUR('',#14863);
#14955 = STYLED_ITEM('color',(#14956),#10847);
#14956 = PRESENTATION_STYLE_ASSIGNMENT((#14957));
#14957 = SURFACE_STYLE_USAGE(.BOTH.,#14958);
#14958 = SURFACE_SIDE_STYLE('',(#14959));
#14959 = SURFACE_STYLE_FILL_AREA(#14960);
#14960 = FILL_AREA_STYLE('',(#14961));
#14961 = FILL_AREA_STYLE_COLOUR('',#14863);
#14962 = STYLED_ITEM('color',(#14963),#10864);
#14963 = PRESENTATION_STYLE_ASSIGNMENT((#14964));
#14964 = SURFACE_STYLE_USAGE(.BOTH.,#14965);
#14965 = SURFACE_SIDE_STYLE('',(#14966));
#14966 = SURFACE_STYLE_FILL_AREA(#14967);
#14967 = FILL_AREA_STYLE('',(#14968));
#14968 = FILL_AREA_STYLE_COLOUR('',#14863);
#14969 = STYLED_ITEM('color',(#14970),#10876);
#14970 = PRESENTATION_STYLE_ASSIGNMENT((#14971));
#14971 = SURFACE_STYLE_USAGE(.BOTH.,#14972);
#14972 = SURFACE_SIDE_STYLE('',(#14973));
#14973 = SURFACE_STYLE_FILL_AREA(#14974);
#14974 = FILL_AREA_STYLE('',(#14975));
#14975 = FILL_AREA_STYLE_COLOUR('',#14976);
#14976 = COLOUR_RGB('',0.859000020776,0.737999965183,0.495999988746);
#14977 = STYLED_ITEM('color',(#14978),#10907);
#14978 = PRESENTATION_STYLE_ASSIGNMENT((#14979));
#14979 = SURFACE_STYLE_USAGE(.BOTH.,#14980);
#14980 = SURFACE_SIDE_STYLE('',(#14981));
#14981 = SURFACE_STYLE_FILL_AREA(#14982);
#14982 = FILL_AREA_STYLE('',(#14983));
#14983 = FILL_AREA_STYLE_COLOUR('',#14976);
#14984 = STYLED_ITEM('color',(#14985),#10931);
#14985 = PRESENTATION_STYLE_ASSIGNMENT((#14986));
#14986 = SURFACE_STYLE_USAGE(.BOTH.,#14987);
#14987 = SURFACE_SIDE_STYLE('',(#14988));
#14988 = SURFACE_STYLE_FILL_AREA(#14989);
#14989 = FILL_AREA_STYLE('',(#14990));
#14990 = FILL_AREA_STYLE_COLOUR('',#14976);
#14991 = STYLED_ITEM('color',(#14992),#10955);
#14992 = PRESENTATION_STYLE_ASSIGNMENT((#14993));
#14993 = SURFACE_STYLE_USAGE(.BOTH.,#14994);
#14994 = SURFACE_SIDE_STYLE('',(#14995));
#14995 = SURFACE_STYLE_FILL_AREA(#14996);
#14996 = FILL_AREA_STYLE('',(#14997));
#14997 = FILL_AREA_STYLE_COLOUR('',#14976);
#14998 = STYLED_ITEM('color',(#14999),#10972);
#14999 = PRESENTATION_STYLE_ASSIGNMENT((#15000));
#15000 = SURFACE_STYLE_USAGE(.BOTH.,#15001);
#15001 = SURFACE_SIDE_STYLE('',(#15002));
#15002 = SURFACE_STYLE_FILL_AREA(#15003);
#15003 = FILL_AREA_STYLE('',(#15004));
#15004 = FILL_AREA_STYLE_COLOUR('',#14976);
#15005 = STYLED_ITEM('color',(#15006),#11003);
#15006 = PRESENTATION_STYLE_ASSIGNMENT((#15007));
#15007 = SURFACE_STYLE_USAGE(.BOTH.,#15008);
#15008 = SURFACE_SIDE_STYLE('',(#15009));
#15009 = SURFACE_STYLE_FILL_AREA(#15010);
#15010 = FILL_AREA_STYLE('',(#15011));
#15011 = FILL_AREA_STYLE_COLOUR('',#14976);
#15012 = STYLED_ITEM('color',(#15013),#11027);
#15013 = PRESENTATION_STYLE_ASSIGNMENT((#15014));
#15014 = SURFACE_STYLE_USAGE(.BOTH.,#15015);
#15015 = SURFACE_SIDE_STYLE('',(#15016));
#15016 = SURFACE_STYLE_FILL_AREA(#15017);
#15017 = FILL_AREA_STYLE('',(#15018));
#15018 = FILL_AREA_STYLE_COLOUR('',#14976);
#15019 = STYLED_ITEM('color',(#15020),#11051);
#15020 = PRESENTATION_STYLE_ASSIGNMENT((#15021));
#15021 = SURFACE_STYLE_USAGE(.BOTH.,#15022);
#15022 = SURFACE_SIDE_STYLE('',(#15023));
#15023 = SURFACE_STYLE_FILL_AREA(#15024);
#15024 = FILL_AREA_STYLE('',(#15025));
#15025 = FILL_AREA_STYLE_COLOUR('',#14976);
#15026 = STYLED_ITEM('color',(#15027),#11068);
#15027 = PRESENTATION_STYLE_ASSIGNMENT((#15028));
#15028 = SURFACE_STYLE_USAGE(.BOTH.,#15029);
#15029 = SURFACE_SIDE_STYLE('',(#15030));
#15030 = SURFACE_STYLE_FILL_AREA(#15031);
#15031 = FILL_AREA_STYLE('',(#15032));
#15032 = FILL_AREA_STYLE_COLOUR('',#14976);
#15033 = STYLED_ITEM('color',(#15034),#11099);
#15034 = PRESENTATION_STYLE_ASSIGNMENT((#15035));
#15035 = SURFACE_STYLE_USAGE(.BOTH.,#15036);
#15036 = SURFACE_SIDE_STYLE('',(#15037));
#15037 = SURFACE_STYLE_FILL_AREA(#15038);
#15038 = FILL_AREA_STYLE('',(#15039));
#15039 = FILL_AREA_STYLE_COLOUR('',#14976);
#15040 = STYLED_ITEM('color',(#15041),#11123);
#15041 = PRESENTATION_STYLE_ASSIGNMENT((#15042));
#15042 = SURFACE_STYLE_USAGE(.BOTH.,#15043);
#15043 = SURFACE_SIDE_STYLE('',(#15044));
#15044 = SURFACE_STYLE_FILL_AREA(#15045);
#15045 = FILL_AREA_STYLE('',(#15046));
#15046 = FILL_AREA_STYLE_COLOUR('',#14976);
#15047 = STYLED_ITEM('color',(#15048),#11147);
#15048 = PRESENTATION_STYLE_ASSIGNMENT((#15049));
#15049 = SURFACE_STYLE_USAGE(.BOTH.,#15050);
#15050 = SURFACE_SIDE_STYLE('',(#15051));
#15051 = SURFACE_STYLE_FILL_AREA(#15052);
#15052 = FILL_AREA_STYLE('',(#15053));
#15053 = FILL_AREA_STYLE_COLOUR('',#14976);
#15054 = STYLED_ITEM('color',(#15055),#11164);
#15055 = PRESENTATION_STYLE_ASSIGNMENT((#15056));
#15056 = SURFACE_STYLE_USAGE(.BOTH.,#15057);
#15057 = SURFACE_SIDE_STYLE('',(#15058));
#15058 = SURFACE_STYLE_FILL_AREA(#15059);
#15059 = FILL_AREA_STYLE('',(#15060));
#15060 = FILL_AREA_STYLE_COLOUR('',#14976);
#15061 = STYLED_ITEM('color',(#15062),#11195);
#15062 = PRESENTATION_STYLE_ASSIGNMENT((#15063));
#15063 = SURFACE_STYLE_USAGE(.BOTH.,#15064);
#15064 = SURFACE_SIDE_STYLE('',(#15065));
#15065 = SURFACE_STYLE_FILL_AREA(#15066);
#15066 = FILL_AREA_STYLE('',(#15067));
#15067 = FILL_AREA_STYLE_COLOUR('',#14976);
#15068 = STYLED_ITEM('color',(#15069),#11219);
#15069 = PRESENTATION_STYLE_ASSIGNMENT((#15070));
#15070 = SURFACE_STYLE_USAGE(.BOTH.,#15071);
#15071 = SURFACE_SIDE_STYLE('',(#15072));
#15072 = SURFACE_STYLE_FILL_AREA(#15073);
#15073 = FILL_AREA_STYLE('',(#15074));
#15074 = FILL_AREA_STYLE_COLOUR('',#14976);
#15075 = STYLED_ITEM('color',(#15076),#11243);
#15076 = PRESENTATION_STYLE_ASSIGNMENT((#15077));
#15077 = SURFACE_STYLE_USAGE(.BOTH.,#15078);
#15078 = SURFACE_SIDE_STYLE('',(#15079));
#15079 = SURFACE_STYLE_FILL_AREA(#15080);
#15080 = FILL_AREA_STYLE('',(#15081));
#15081 = FILL_AREA_STYLE_COLOUR('',#14976);
#15082 = STYLED_ITEM('color',(#15083),#11260);
#15083 = PRESENTATION_STYLE_ASSIGNMENT((#15084));
#15084 = SURFACE_STYLE_USAGE(.BOTH.,#15085);
#15085 = SURFACE_SIDE_STYLE('',(#15086));
#15086 = SURFACE_STYLE_FILL_AREA(#15087);
#15087 = FILL_AREA_STYLE('',(#15088));
#15088 = FILL_AREA_STYLE_COLOUR('',#14976);
#15089 = STYLED_ITEM('color',(#15090),#11291);
#15090 = PRESENTATION_STYLE_ASSIGNMENT((#15091));
#15091 = SURFACE_STYLE_USAGE(.BOTH.,#15092);
#15092 = SURFACE_SIDE_STYLE('',(#15093));
#15093 = SURFACE_STYLE_FILL_AREA(#15094);
#15094 = FILL_AREA_STYLE('',(#15095));
#15095 = FILL_AREA_STYLE_COLOUR('',#14976);
#15096 = STYLED_ITEM('color',(#15097),#11315);
#15097 = PRESENTATION_STYLE_ASSIGNMENT((#15098));
#15098 = SURFACE_STYLE_USAGE(.BOTH.,#15099);
#15099 = SURFACE_SIDE_STYLE('',(#15100));
#15100 = SURFACE_STYLE_FILL_AREA(#15101);
#15101 = FILL_AREA_STYLE('',(#15102));
#15102 = FILL_AREA_STYLE_COLOUR('',#14976);
#15103 = STYLED_ITEM('color',(#15104),#11339);
#15104 = PRESENTATION_STYLE_ASSIGNMENT((#15105));
#15105 = SURFACE_STYLE_USAGE(.BOTH.,#15106);
#15106 = SURFACE_SIDE_STYLE('',(#15107));
#15107 = SURFACE_STYLE_FILL_AREA(#15108);
#15108 = FILL_AREA_STYLE('',(#15109));
#15109 = FILL_AREA_STYLE_COLOUR('',#14976);
#15110 = STYLED_ITEM('color',(#15111),#11356);
#15111 = PRESENTATION_STYLE_ASSIGNMENT((#15112));
#15112 = SURFACE_STYLE_USAGE(.BOTH.,#15113);
#15113 = SURFACE_SIDE_STYLE('',(#15114));
#15114 = SURFACE_STYLE_FILL_AREA(#15115);
#15115 = FILL_AREA_STYLE('',(#15116));
#15116 = FILL_AREA_STYLE_COLOUR('',#14976);
#15117 = STYLED_ITEM('color',(#15118),#11387);
#15118 = PRESENTATION_STYLE_ASSIGNMENT((#15119));
#15119 = SURFACE_STYLE_USAGE(.BOTH.,#15120);
#15120 = SURFACE_SIDE_STYLE('',(#15121));
#15121 = SURFACE_STYLE_FILL_AREA(#15122);
#15122 = FILL_AREA_STYLE('',(#15123));
#15123 = FILL_AREA_STYLE_COLOUR('',#14976);
#15124 = STYLED_ITEM('color',(#15125),#11411);
#15125 = PRESENTATION_STYLE_ASSIGNMENT((#15126));
#15126 = SURFACE_STYLE_USAGE(.BOTH.,#15127);
#15127 = SURFACE_SIDE_STYLE('',(#15128));
#15128 = SURFACE_STYLE_FILL_AREA(#15129);
#15129 = FILL_AREA_STYLE('',(#15130));
#15130 = FILL_AREA_STYLE_COLOUR('',#14976);
#15131 = STYLED_ITEM('color',(#15132),#11435);
#15132 = PRESENTATION_STYLE_ASSIGNMENT((#15133));
#15133 = SURFACE_STYLE_USAGE(.BOTH.,#15134);
#15134 = SURFACE_SIDE_STYLE('',(#15135));
#15135 = SURFACE_STYLE_FILL_AREA(#15136);
#15136 = FILL_AREA_STYLE('',(#15137));
#15137 = FILL_AREA_STYLE_COLOUR('',#14976);
#15138 = STYLED_ITEM('color',(#15139),#11452);
#15139 = PRESENTATION_STYLE_ASSIGNMENT((#15140));
#15140 = SURFACE_STYLE_USAGE(.BOTH.,#15141);
#15141 = SURFACE_SIDE_STYLE('',(#15142));
#15142 = SURFACE_STYLE_FILL_AREA(#15143);
#15143 = FILL_AREA_STYLE('',(#15144));
#15144 = FILL_AREA_STYLE_COLOUR('',#14976);
#15145 = STYLED_ITEM('color',(#15146),#11483);
#15146 = PRESENTATION_STYLE_ASSIGNMENT((#15147));
#15147 = SURFACE_STYLE_USAGE(.BOTH.,#15148);
#15148 = SURFACE_SIDE_STYLE('',(#15149));
#15149 = SURFACE_STYLE_FILL_AREA(#15150);
#15150 = FILL_AREA_STYLE('',(#15151));
#15151 = FILL_AREA_STYLE_COLOUR('',#14976);
#15152 = STYLED_ITEM('color',(#15153),#11507);
#15153 = PRESENTATION_STYLE_ASSIGNMENT((#15154));
#15154 = SURFACE_STYLE_USAGE(.BOTH.,#15155);
#15155 = SURFACE_SIDE_STYLE('',(#15156));
#15156 = SURFACE_STYLE_FILL_AREA(#15157);
#15157 = FILL_AREA_STYLE('',(#15158));
#15158 = FILL_AREA_STYLE_COLOUR('',#14976);
#15159 = STYLED_ITEM('color',(#15160),#11531);
#15160 = PRESENTATION_STYLE_ASSIGNMENT((#15161));
#15161 = SURFACE_STYLE_USAGE(.BOTH.,#15162);
#15162 = SURFACE_SIDE_STYLE('',(#15163));
#15163 = SURFACE_STYLE_FILL_AREA(#15164);
#15164 = FILL_AREA_STYLE('',(#15165));
#15165 = FILL_AREA_STYLE_COLOUR('',#14976);
#15166 = STYLED_ITEM('color',(#15167),#11548);
#15167 = PRESENTATION_STYLE_ASSIGNMENT((#15168));
#15168 = SURFACE_STYLE_USAGE(.BOTH.,#15169);
#15169 = SURFACE_SIDE_STYLE('',(#15170));
#15170 = SURFACE_STYLE_FILL_AREA(#15171);
#15171 = FILL_AREA_STYLE('',(#15172));
#15172 = FILL_AREA_STYLE_COLOUR('',#14976);
#15173 = STYLED_ITEM('color',(#15174),#11579);
#15174 = PRESENTATION_STYLE_ASSIGNMENT((#15175));
#15175 = SURFACE_STYLE_USAGE(.BOTH.,#15176);
#15176 = SURFACE_SIDE_STYLE('',(#15177));
#15177 = SURFACE_STYLE_FILL_AREA(#15178);
#15178 = FILL_AREA_STYLE('',(#15179));
#15179 = FILL_AREA_STYLE_COLOUR('',#14976);
#15180 = STYLED_ITEM('color',(#15181),#11603);
#15181 = PRESENTATION_STYLE_ASSIGNMENT((#15182));
#15182 = SURFACE_STYLE_USAGE(.BOTH.,#15183);
#15183 = SURFACE_SIDE_STYLE('',(#15184));
#15184 = SURFACE_STYLE_FILL_AREA(#15185);
#15185 = FILL_AREA_STYLE('',(#15186));
#15186 = FILL_AREA_STYLE_COLOUR('',#14976);
#15187 = STYLED_ITEM('color',(#15188),#11627);
#15188 = PRESENTATION_STYLE_ASSIGNMENT((#15189));
#15189 = SURFACE_STYLE_USAGE(.BOTH.,#15190);
#15190 = SURFACE_SIDE_STYLE('',(#15191));
#15191 = SURFACE_STYLE_FILL_AREA(#15192);
#15192 = FILL_AREA_STYLE('',(#15193));
#15193 = FILL_AREA_STYLE_COLOUR('',#14976);
#15194 = STYLED_ITEM('color',(#15195),#11644);
#15195 = PRESENTATION_STYLE_ASSIGNMENT((#15196));
#15196 = SURFACE_STYLE_USAGE(.BOTH.,#15197);
#15197 = SURFACE_SIDE_STYLE('',(#15198));
#15198 = SURFACE_STYLE_FILL_AREA(#15199);
#15199 = FILL_AREA_STYLE('',(#15200));
#15200 = FILL_AREA_STYLE_COLOUR('',#14976);
#15201 = STYLED_ITEM('color',(#15202),#11656);
#15202 = PRESENTATION_STYLE_ASSIGNMENT((#15203));
#15203 = SURFACE_STYLE_USAGE(.BOTH.,#15204);
#15204 = SURFACE_SIDE_STYLE('',(#15205));
#15205 = SURFACE_STYLE_FILL_AREA(#15206);
#15206 = FILL_AREA_STYLE('',(#15207));
#15207 = FILL_AREA_STYLE_COLOUR('',#14976);
#15208 = STYLED_ITEM('color',(#15209),#11668);
#15209 = PRESENTATION_STYLE_ASSIGNMENT((#15210));
#15210 = SURFACE_STYLE_USAGE(.BOTH.,#15211);
#15211 = SURFACE_SIDE_STYLE('',(#15212));
#15212 = SURFACE_STYLE_FILL_AREA(#15213);
#15213 = FILL_AREA_STYLE('',(#15214));
#15214 = FILL_AREA_STYLE_COLOUR('',#14976);
#15215 = STYLED_ITEM('color',(#15216),#11680);
#15216 = PRESENTATION_STYLE_ASSIGNMENT((#15217));
#15217 = SURFACE_STYLE_USAGE(.BOTH.,#15218);
#15218 = SURFACE_SIDE_STYLE('',(#15219));
#15219 = SURFACE_STYLE_FILL_AREA(#15220);
#15220 = FILL_AREA_STYLE('',(#15221));
#15221 = FILL_AREA_STYLE_COLOUR('',#14976);
#15222 = MECHANICAL_DESIGN_GEOMETRIC_PRESENTATION_REPRESENTATION('',(
    #15223,#15231,#15238,#15245,#15252,#15259,#15266,#15273,#15280,
    #15287,#15294,#15302,#15309,#15316,#15323,#15330,#15337,#15344,
    #15351,#15358,#15365,#15372,#15379,#15386,#15393,#15400,#15407,
    #15414),#990);
#15223 = STYLED_ITEM('color',(#15224),#138);
#15224 = PRESENTATION_STYLE_ASSIGNMENT((#15225));
#15225 = SURFACE_STYLE_USAGE(.BOTH.,#15226);
#15226 = SURFACE_SIDE_STYLE('',(#15227));
#15227 = SURFACE_STYLE_FILL_AREA(#15228);
#15228 = FILL_AREA_STYLE('',(#15229));
#15229 = FILL_AREA_STYLE_COLOUR('',#15230);
#15230 = COLOUR_RGB('',0.823999987314,0.819999987296,0.781000009244);
#15231 = STYLED_ITEM('color',(#15232),#214);
#15232 = PRESENTATION_STYLE_ASSIGNMENT((#15233));
#15233 = SURFACE_STYLE_USAGE(.BOTH.,#15234);
#15234 = SURFACE_SIDE_STYLE('',(#15235));
#15235 = SURFACE_STYLE_FILL_AREA(#15236);
#15236 = FILL_AREA_STYLE('',(#15237));
#15237 = FILL_AREA_STYLE_COLOUR('',#15230);
#15238 = STYLED_ITEM('color',(#15239),#245);
#15239 = PRESENTATION_STYLE_ASSIGNMENT((#15240));
#15240 = SURFACE_STYLE_USAGE(.BOTH.,#15241);
#15241 = SURFACE_SIDE_STYLE('',(#15242));
#15242 = SURFACE_STYLE_FILL_AREA(#15243);
#15243 = FILL_AREA_STYLE('',(#15244));
#15244 = FILL_AREA_STYLE_COLOUR('',#15230);
#15245 = STYLED_ITEM('color',(#15246),#270);
#15246 = PRESENTATION_STYLE_ASSIGNMENT((#15247));
#15247 = SURFACE_STYLE_USAGE(.BOTH.,#15248);
#15248 = SURFACE_SIDE_STYLE('',(#15249));
#15249 = SURFACE_STYLE_FILL_AREA(#15250);
#15250 = FILL_AREA_STYLE('',(#15251));
#15251 = FILL_AREA_STYLE_COLOUR('',#15230);
#15252 = STYLED_ITEM('color',(#15253),#295);
#15253 = PRESENTATION_STYLE_ASSIGNMENT((#15254));
#15254 = SURFACE_STYLE_USAGE(.BOTH.,#15255);
#15255 = SURFACE_SIDE_STYLE('',(#15256));
#15256 = SURFACE_STYLE_FILL_AREA(#15257);
#15257 = FILL_AREA_STYLE('',(#15258));
#15258 = FILL_AREA_STYLE_COLOUR('',#15230);
#15259 = STYLED_ITEM('color',(#15260),#319);
#15260 = PRESENTATION_STYLE_ASSIGNMENT((#15261));
#15261 = SURFACE_STYLE_USAGE(.BOTH.,#15262);
#15262 = SURFACE_SIDE_STYLE('',(#15263));
#15263 = SURFACE_STYLE_FILL_AREA(#15264);
#15264 = FILL_AREA_STYLE('',(#15265));
#15265 = FILL_AREA_STYLE_COLOUR('',#15230);
#15266 = STYLED_ITEM('color',(#15267),#343);
#15267 = PRESENTATION_STYLE_ASSIGNMENT((#15268));
#15268 = SURFACE_STYLE_USAGE(.BOTH.,#15269);
#15269 = SURFACE_SIDE_STYLE('',(#15270));
#15270 = SURFACE_STYLE_FILL_AREA(#15271);
#15271 = FILL_AREA_STYLE('',(#15272));
#15272 = FILL_AREA_STYLE_COLOUR('',#15230);
#15273 = STYLED_ITEM('color',(#15274),#368);
#15274 = PRESENTATION_STYLE_ASSIGNMENT((#15275));
#15275 = SURFACE_STYLE_USAGE(.BOTH.,#15276);
#15276 = SURFACE_SIDE_STYLE('',(#15277));
#15277 = SURFACE_STYLE_FILL_AREA(#15278);
#15278 = FILL_AREA_STYLE('',(#15279));
#15279 = FILL_AREA_STYLE_COLOUR('',#15230);
#15280 = STYLED_ITEM('color',(#15281),#393);
#15281 = PRESENTATION_STYLE_ASSIGNMENT((#15282));
#15282 = SURFACE_STYLE_USAGE(.BOTH.,#15283);
#15283 = SURFACE_SIDE_STYLE('',(#15284));
#15284 = SURFACE_STYLE_FILL_AREA(#15285);
#15285 = FILL_AREA_STYLE('',(#15286));
#15286 = FILL_AREA_STYLE_COLOUR('',#15230);
#15287 = STYLED_ITEM('color',(#15288),#410);
#15288 = PRESENTATION_STYLE_ASSIGNMENT((#15289));
#15289 = SURFACE_STYLE_USAGE(.BOTH.,#15290);
#15290 = SURFACE_SIDE_STYLE('',(#15291));
#15291 = SURFACE_STYLE_FILL_AREA(#15292);
#15292 = FILL_AREA_STYLE('',(#15293));
#15293 = FILL_AREA_STYLE_COLOUR('',#15230);
#15294 = STYLED_ITEM('color',(#15295),#496);
#15295 = PRESENTATION_STYLE_ASSIGNMENT((#15296));
#15296 = SURFACE_STYLE_USAGE(.BOTH.,#15297);
#15297 = SURFACE_SIDE_STYLE('',(#15298));
#15298 = SURFACE_STYLE_FILL_AREA(#15299);
#15299 = FILL_AREA_STYLE('',(#15300));
#15300 = FILL_AREA_STYLE_COLOUR('',#15301);
#15301 = COLOUR_RGB('',0.379000005575,0.270000008848,0.214999999939);
#15302 = STYLED_ITEM('color',(#15303),#528);
#15303 = PRESENTATION_STYLE_ASSIGNMENT((#15304));
#15304 = SURFACE_STYLE_USAGE(.BOTH.,#15305);
#15305 = SURFACE_SIDE_STYLE('',(#15306));
#15306 = SURFACE_STYLE_FILL_AREA(#15307);
#15307 = FILL_AREA_STYLE('',(#15308));
#15308 = FILL_AREA_STYLE_COLOUR('',#15301);
#15309 = STYLED_ITEM('color',(#15310),#552);
#15310 = PRESENTATION_STYLE_ASSIGNMENT((#15311));
#15311 = SURFACE_STYLE_USAGE(.BOTH.,#15312);
#15312 = SURFACE_SIDE_STYLE('',(#15313));
#15313 = SURFACE_STYLE_FILL_AREA(#15314);
#15314 = FILL_AREA_STYLE('',(#15315));
#15315 = FILL_AREA_STYLE_COLOUR('',#15301);
#15316 = STYLED_ITEM('color',(#15317),#577);
#15317 = PRESENTATION_STYLE_ASSIGNMENT((#15318));
#15318 = SURFACE_STYLE_USAGE(.BOTH.,#15319);
#15319 = SURFACE_SIDE_STYLE('',(#15320));
#15320 = SURFACE_STYLE_FILL_AREA(#15321);
#15321 = FILL_AREA_STYLE('',(#15322));
#15322 = FILL_AREA_STYLE_COLOUR('',#15301);
#15323 = STYLED_ITEM('color',(#15324),#601);
#15324 = PRESENTATION_STYLE_ASSIGNMENT((#15325));
#15325 = SURFACE_STYLE_USAGE(.BOTH.,#15326);
#15326 = SURFACE_SIDE_STYLE('',(#15327));
#15327 = SURFACE_STYLE_FILL_AREA(#15328);
#15328 = FILL_AREA_STYLE('',(#15329));
#15329 = FILL_AREA_STYLE_COLOUR('',#15301);
#15330 = STYLED_ITEM('color',(#15331),#626);
#15331 = PRESENTATION_STYLE_ASSIGNMENT((#15332));
#15332 = SURFACE_STYLE_USAGE(.BOTH.,#15333);
#15333 = SURFACE_SIDE_STYLE('',(#15334));
#15334 = SURFACE_STYLE_FILL_AREA(#15335);
#15335 = FILL_AREA_STYLE('',(#15336));
#15336 = FILL_AREA_STYLE_COLOUR('',#15301);
#15337 = STYLED_ITEM('color',(#15338),#650);
#15338 = PRESENTATION_STYLE_ASSIGNMENT((#15339));
#15339 = SURFACE_STYLE_USAGE(.BOTH.,#15340);
#15340 = SURFACE_SIDE_STYLE('',(#15341));
#15341 = SURFACE_STYLE_FILL_AREA(#15342);
#15342 = FILL_AREA_STYLE('',(#15343));
#15343 = FILL_AREA_STYLE_COLOUR('',#15301);
#15344 = STYLED_ITEM('color',(#15345),#675);
#15345 = PRESENTATION_STYLE_ASSIGNMENT((#15346));
#15346 = SURFACE_STYLE_USAGE(.BOTH.,#15347);
#15347 = SURFACE_SIDE_STYLE('',(#15348));
#15348 = SURFACE_STYLE_FILL_AREA(#15349);
#15349 = FILL_AREA_STYLE('',(#15350));
#15350 = FILL_AREA_STYLE_COLOUR('',#15301);
#15351 = STYLED_ITEM('color',(#15352),#692);
#15352 = PRESENTATION_STYLE_ASSIGNMENT((#15353));
#15353 = SURFACE_STYLE_USAGE(.BOTH.,#15354);
#15354 = SURFACE_SIDE_STYLE('',(#15355));
#15355 = SURFACE_STYLE_FILL_AREA(#15356);
#15356 = FILL_AREA_STYLE('',(#15357));
#15357 = FILL_AREA_STYLE_COLOUR('',#15230);
#15358 = STYLED_ITEM('color',(#15359),#778);
#15359 = PRESENTATION_STYLE_ASSIGNMENT((#15360));
#15360 = SURFACE_STYLE_USAGE(.BOTH.,#15361);
#15361 = SURFACE_SIDE_STYLE('',(#15362));
#15362 = SURFACE_STYLE_FILL_AREA(#15363);
#15363 = FILL_AREA_STYLE('',(#15364));
#15364 = FILL_AREA_STYLE_COLOUR('',#15230);
#15365 = STYLED_ITEM('color',(#15366),#809);
#15366 = PRESENTATION_STYLE_ASSIGNMENT((#15367));
#15367 = SURFACE_STYLE_USAGE(.BOTH.,#15368);
#15368 = SURFACE_SIDE_STYLE('',(#15369));
#15369 = SURFACE_STYLE_FILL_AREA(#15370);
#15370 = FILL_AREA_STYLE('',(#15371));
#15371 = FILL_AREA_STYLE_COLOUR('',#15230);
#15372 = STYLED_ITEM('color',(#15373),#834);
#15373 = PRESENTATION_STYLE_ASSIGNMENT((#15374));
#15374 = SURFACE_STYLE_USAGE(.BOTH.,#15375);
#15375 = SURFACE_SIDE_STYLE('',(#15376));
#15376 = SURFACE_STYLE_FILL_AREA(#15377);
#15377 = FILL_AREA_STYLE('',(#15378));
#15378 = FILL_AREA_STYLE_COLOUR('',#15230);
#15379 = STYLED_ITEM('color',(#15380),#859);
#15380 = PRESENTATION_STYLE_ASSIGNMENT((#15381));
#15381 = SURFACE_STYLE_USAGE(.BOTH.,#15382);
#15382 = SURFACE_SIDE_STYLE('',(#15383));
#15383 = SURFACE_STYLE_FILL_AREA(#15384);
#15384 = FILL_AREA_STYLE('',(#15385));
#15385 = FILL_AREA_STYLE_COLOUR('',#15230);
#15386 = STYLED_ITEM('color',(#15387),#883);
#15387 = PRESENTATION_STYLE_ASSIGNMENT((#15388));
#15388 = SURFACE_STYLE_USAGE(.BOTH.,#15389);
#15389 = SURFACE_SIDE_STYLE('',(#15390));
#15390 = SURFACE_STYLE_FILL_AREA(#15391);
#15391 = FILL_AREA_STYLE('',(#15392));
#15392 = FILL_AREA_STYLE_COLOUR('',#15230);
#15393 = STYLED_ITEM('color',(#15394),#907);
#15394 = PRESENTATION_STYLE_ASSIGNMENT((#15395));
#15395 = SURFACE_STYLE_USAGE(.BOTH.,#15396);
#15396 = SURFACE_SIDE_STYLE('',(#15397));
#15397 = SURFACE_STYLE_FILL_AREA(#15398);
#15398 = FILL_AREA_STYLE('',(#15399));
#15399 = FILL_AREA_STYLE_COLOUR('',#15230);
#15400 = STYLED_ITEM('color',(#15401),#932);
#15401 = PRESENTATION_STYLE_ASSIGNMENT((#15402));
#15402 = SURFACE_STYLE_USAGE(.BOTH.,#15403);
#15403 = SURFACE_SIDE_STYLE('',(#15404));
#15404 = SURFACE_STYLE_FILL_AREA(#15405);
#15405 = FILL_AREA_STYLE('',(#15406));
#15406 = FILL_AREA_STYLE_COLOUR('',#15230);
#15407 = STYLED_ITEM('color',(#15408),#957);
#15408 = PRESENTATION_STYLE_ASSIGNMENT((#15409));
#15409 = SURFACE_STYLE_USAGE(.BOTH.,#15410);
#15410 = SURFACE_SIDE_STYLE('',(#15411));
#15411 = SURFACE_STYLE_FILL_AREA(#15412);
#15412 = FILL_AREA_STYLE('',(#15413));
#15413 = FILL_AREA_STYLE_COLOUR('',#15230);
#15414 = STYLED_ITEM('color',(#15415),#974);
#15415 = PRESENTATION_STYLE_ASSIGNMENT((#15416));
#15416 = SURFACE_STYLE_USAGE(.BOTH.,#15417);
#15417 = SURFACE_SIDE_STYLE('',(#15418));
#15418 = SURFACE_STYLE_FILL_AREA(#15419);
#15419 = FILL_AREA_STYLE('',(#15420));
#15420 = FILL_AREA_STYLE_COLOUR('',#15230);
#15421 = MECHANICAL_DESIGN_GEOMETRIC_PRESENTATION_REPRESENTATION('',(
    #15422,#15429,#15436,#15443,#15450,#15457,#15464,#15471,#15479,
    #15486,#15493,#15500,#15507,#15514,#15522,#15529,#15536,#15543,
    #15550,#15557,#15564,#15571,#15578,#15585,#15592,#15599),#1827);
#15422 = STYLED_ITEM('color',(#15423),#1039);
#15423 = PRESENTATION_STYLE_ASSIGNMENT((#15424));
#15424 = SURFACE_STYLE_USAGE(.BOTH.,#15425);
#15425 = SURFACE_SIDE_STYLE('',(#15426));
#15426 = SURFACE_STYLE_FILL_AREA(#15427);
#15427 = FILL_AREA_STYLE('',(#15428));
#15428 = FILL_AREA_STYLE_COLOUR('',#15230);
#15429 = STYLED_ITEM('color',(#15430),#1079);
#15430 = PRESENTATION_STYLE_ASSIGNMENT((#15431));
#15431 = SURFACE_STYLE_USAGE(.BOTH.,#15432);
#15432 = SURFACE_SIDE_STYLE('',(#15433));
#15433 = SURFACE_STYLE_FILL_AREA(#15434);
#15434 = FILL_AREA_STYLE('',(#15435));
#15435 = FILL_AREA_STYLE_COLOUR('',#15230);
#15436 = STYLED_ITEM('color',(#15437),#1162);
#15437 = PRESENTATION_STYLE_ASSIGNMENT((#15438));
#15438 = SURFACE_STYLE_USAGE(.BOTH.,#15439);
#15439 = SURFACE_SIDE_STYLE('',(#15440));
#15440 = SURFACE_STYLE_FILL_AREA(#15441);
#15441 = FILL_AREA_STYLE('',(#15442));
#15442 = FILL_AREA_STYLE_COLOUR('',#15230);
#15443 = STYLED_ITEM('color',(#15444),#1187);
#15444 = PRESENTATION_STYLE_ASSIGNMENT((#15445));
#15445 = SURFACE_STYLE_USAGE(.BOTH.,#15446);
#15446 = SURFACE_SIDE_STYLE('',(#15447));
#15447 = SURFACE_STYLE_FILL_AREA(#15448);
#15448 = FILL_AREA_STYLE('',(#15449));
#15449 = FILL_AREA_STYLE_COLOUR('',#15230);
#15450 = STYLED_ITEM('color',(#15451),#1212);
#15451 = PRESENTATION_STYLE_ASSIGNMENT((#15452));
#15452 = SURFACE_STYLE_USAGE(.BOTH.,#15453);
#15453 = SURFACE_SIDE_STYLE('',(#15454));
#15454 = SURFACE_STYLE_FILL_AREA(#15455);
#15455 = FILL_AREA_STYLE('',(#15456));
#15456 = FILL_AREA_STYLE_COLOUR('',#15230);
#15457 = STYLED_ITEM('color',(#15458),#1279);
#15458 = PRESENTATION_STYLE_ASSIGNMENT((#15459));
#15459 = SURFACE_STYLE_USAGE(.BOTH.,#15460);
#15460 = SURFACE_SIDE_STYLE('',(#15461));
#15461 = SURFACE_STYLE_FILL_AREA(#15462);
#15462 = FILL_AREA_STYLE('',(#15463));
#15463 = FILL_AREA_STYLE_COLOUR('',#15230);
#15464 = STYLED_ITEM('color',(#15465),#1296);
#15465 = PRESENTATION_STYLE_ASSIGNMENT((#15466));
#15466 = SURFACE_STYLE_USAGE(.BOTH.,#15467);
#15467 = SURFACE_SIDE_STYLE('',(#15468));
#15468 = SURFACE_STYLE_FILL_AREA(#15469);
#15469 = FILL_AREA_STYLE('',(#15470));
#15470 = FILL_AREA_STYLE_COLOUR('',#15230);
#15471 = STYLED_ITEM('color',(#15472),#1313);
#15472 = PRESENTATION_STYLE_ASSIGNMENT((#15473));
#15473 = SURFACE_STYLE_USAGE(.BOTH.,#15474);
#15474 = SURFACE_SIDE_STYLE('',(#15475));
#15475 = SURFACE_STYLE_FILL_AREA(#15476);
#15476 = FILL_AREA_STYLE('',(#15477));
#15477 = FILL_AREA_STYLE_COLOUR('',#15478);
#15478 = COLOUR_RGB('',0.894999966383,0.890999961016,0.813000030345);
#15479 = STYLED_ITEM('color',(#15480),#1362);
#15480 = PRESENTATION_STYLE_ASSIGNMENT((#15481));
#15481 = SURFACE_STYLE_USAGE(.BOTH.,#15482);
#15482 = SURFACE_SIDE_STYLE('',(#15483));
#15483 = SURFACE_STYLE_FILL_AREA(#15484);
#15484 = FILL_AREA_STYLE('',(#15485));
#15485 = FILL_AREA_STYLE_COLOUR('',#15230);
#15486 = STYLED_ITEM('color',(#15487),#1379);
#15487 = PRESENTATION_STYLE_ASSIGNMENT((#15488));
#15488 = SURFACE_STYLE_USAGE(.BOTH.,#15489);
#15489 = SURFACE_SIDE_STYLE('',(#15490));
#15490 = SURFACE_STYLE_FILL_AREA(#15491);
#15491 = FILL_AREA_STYLE('',(#15492));
#15492 = FILL_AREA_STYLE_COLOUR('',#15230);
#15493 = STYLED_ITEM('color',(#15494),#1396);
#15494 = PRESENTATION_STYLE_ASSIGNMENT((#15495));
#15495 = SURFACE_STYLE_USAGE(.BOTH.,#15496);
#15496 = SURFACE_SIDE_STYLE('',(#15497));
#15497 = SURFACE_STYLE_FILL_AREA(#15498);
#15498 = FILL_AREA_STYLE('',(#15499));
#15499 = FILL_AREA_STYLE_COLOUR('',#15478);
#15500 = STYLED_ITEM('color',(#15501),#1445);
#15501 = PRESENTATION_STYLE_ASSIGNMENT((#15502));
#15502 = SURFACE_STYLE_USAGE(.BOTH.,#15503);
#15503 = SURFACE_SIDE_STYLE('',(#15504));
#15504 = SURFACE_STYLE_FILL_AREA(#15505);
#15505 = FILL_AREA_STYLE('',(#15506));
#15506 = FILL_AREA_STYLE_COLOUR('',#15478);
#15507 = STYLED_ITEM('color',(#15508),#1462);
#15508 = PRESENTATION_STYLE_ASSIGNMENT((#15509));
#15509 = SURFACE_STYLE_USAGE(.BOTH.,#15510);
#15510 = SURFACE_SIDE_STYLE('',(#15511));
#15511 = SURFACE_STYLE_FILL_AREA(#15512);
#15512 = FILL_AREA_STYLE('',(#15513));
#15513 = FILL_AREA_STYLE_COLOUR('',#15230);
#15514 = STYLED_ITEM('color',(#15515),#1531);
#15515 = PRESENTATION_STYLE_ASSIGNMENT((#15516));
#15516 = SURFACE_STYLE_USAGE(.BOTH.,#15517);
#15517 = SURFACE_SIDE_STYLE('',(#15518));
#15518 = SURFACE_STYLE_FILL_AREA(#15519);
#15519 = FILL_AREA_STYLE('',(#15520));
#15520 = FILL_AREA_STYLE_COLOUR('',#15521);
#15521 = COLOUR_RGB('',8.200000279077E-02,8.600000121357E-02,
  9.399999706163E-02);
#15522 = STYLED_ITEM('color',(#15523),#1562);
#15523 = PRESENTATION_STYLE_ASSIGNMENT((#15524));
#15524 = SURFACE_STYLE_USAGE(.BOTH.,#15525);
#15525 = SURFACE_SIDE_STYLE('',(#15526));
#15526 = SURFACE_STYLE_FILL_AREA(#15527);
#15527 = FILL_AREA_STYLE('',(#15528));
#15528 = FILL_AREA_STYLE_COLOUR('',#15521);
#15529 = STYLED_ITEM('color',(#15530),#1586);
#15530 = PRESENTATION_STYLE_ASSIGNMENT((#15531));
#15531 = SURFACE_STYLE_USAGE(.BOTH.,#15532);
#15532 = SURFACE_SIDE_STYLE('',(#15533));
#15533 = SURFACE_STYLE_FILL_AREA(#15534);
#15534 = FILL_AREA_STYLE('',(#15535));
#15535 = FILL_AREA_STYLE_COLOUR('',#15230);
#15536 = STYLED_ITEM('color',(#15537),#1655);
#15537 = PRESENTATION_STYLE_ASSIGNMENT((#15538));
#15538 = SURFACE_STYLE_USAGE(.BOTH.,#15539);
#15539 = SURFACE_SIDE_STYLE('',(#15540));
#15540 = SURFACE_STYLE_FILL_AREA(#15541);
#15541 = FILL_AREA_STYLE('',(#15542));
#15542 = FILL_AREA_STYLE_COLOUR('',#15521);
#15543 = STYLED_ITEM('color',(#15544),#1679);
#15544 = PRESENTATION_STYLE_ASSIGNMENT((#15545));
#15545 = SURFACE_STYLE_USAGE(.BOTH.,#15546);
#15546 = SURFACE_SIDE_STYLE('',(#15547));
#15547 = SURFACE_STYLE_FILL_AREA(#15548);
#15548 = FILL_AREA_STYLE('',(#15549));
#15549 = FILL_AREA_STYLE_COLOUR('',#15230);
#15550 = STYLED_ITEM('color',(#15551),#1696);
#15551 = PRESENTATION_STYLE_ASSIGNMENT((#15552));
#15552 = SURFACE_STYLE_USAGE(.BOTH.,#15553);
#15553 = SURFACE_SIDE_STYLE('',(#15554));
#15554 = SURFACE_STYLE_FILL_AREA(#15555);
#15555 = FILL_AREA_STYLE('',(#15556));
#15556 = FILL_AREA_STYLE_COLOUR('',#15230);
#15557 = STYLED_ITEM('color',(#15558),#1713);
#15558 = PRESENTATION_STYLE_ASSIGNMENT((#15559));
#15559 = SURFACE_STYLE_USAGE(.BOTH.,#15560);
#15560 = SURFACE_SIDE_STYLE('',(#15561));
#15561 = SURFACE_STYLE_FILL_AREA(#15562);
#15562 = FILL_AREA_STYLE('',(#15563));
#15563 = FILL_AREA_STYLE_COLOUR('',#15230);
#15564 = STYLED_ITEM('color',(#15565),#1730);
#15565 = PRESENTATION_STYLE_ASSIGNMENT((#15566));
#15566 = SURFACE_STYLE_USAGE(.BOTH.,#15567);
#15567 = SURFACE_SIDE_STYLE('',(#15568));
#15568 = SURFACE_STYLE_FILL_AREA(#15569);
#15569 = FILL_AREA_STYLE('',(#15570));
#15570 = FILL_AREA_STYLE_COLOUR('',#15230);
#15571 = STYLED_ITEM('color',(#15572),#1747);
#15572 = PRESENTATION_STYLE_ASSIGNMENT((#15573));
#15573 = SURFACE_STYLE_USAGE(.BOTH.,#15574);
#15574 = SURFACE_SIDE_STYLE('',(#15575));
#15575 = SURFACE_STYLE_FILL_AREA(#15576);
#15576 = FILL_AREA_STYLE('',(#15577));
#15577 = FILL_AREA_STYLE_COLOUR('',#15230);
#15578 = STYLED_ITEM('color',(#15579),#1764);
#15579 = PRESENTATION_STYLE_ASSIGNMENT((#15580));
#15580 = SURFACE_STYLE_USAGE(.BOTH.,#15581);
#15581 = SURFACE_SIDE_STYLE('',(#15582));
#15582 = SURFACE_STYLE_FILL_AREA(#15583);
#15583 = FILL_AREA_STYLE('',(#15584));
#15584 = FILL_AREA_STYLE_COLOUR('',#15230);
#15585 = STYLED_ITEM('color',(#15586),#1781);
#15586 = PRESENTATION_STYLE_ASSIGNMENT((#15587));
#15587 = SURFACE_STYLE_USAGE(.BOTH.,#15588);
#15588 = SURFACE_SIDE_STYLE('',(#15589));
#15589 = SURFACE_STYLE_FILL_AREA(#15590);
#15590 = FILL_AREA_STYLE('',(#15591));
#15591 = FILL_AREA_STYLE_COLOUR('',#15230);
#15592 = STYLED_ITEM('color',(#15593),#1798);
#15593 = PRESENTATION_STYLE_ASSIGNMENT((#15594));
#15594 = SURFACE_STYLE_USAGE(.BOTH.,#15595);
#15595 = SURFACE_SIDE_STYLE('',(#15596));
#15596 = SURFACE_STYLE_FILL_AREA(#15597);
#15597 = FILL_AREA_STYLE('',(#15598));
#15598 = FILL_AREA_STYLE_COLOUR('',#15521);
#15599 = STYLED_ITEM('color',(#15600),#1815);
#15600 = PRESENTATION_STYLE_ASSIGNMENT((#15601));
#15601 = SURFACE_STYLE_USAGE(.BOTH.,#15602);
#15602 = SURFACE_SIDE_STYLE('',(#15603));
#15603 = SURFACE_STYLE_FILL_AREA(#15604);
#15604 = FILL_AREA_STYLE('',(#15605));
#15605 = FILL_AREA_STYLE_COLOUR('',#15521);
#15606 = MECHANICAL_DESIGN_GEOMETRIC_PRESENTATION_REPRESENTATION('',(
    #15607),#13748);
#15607 = STYLED_ITEM('color',(#15608),#11726);
#15608 = PRESENTATION_STYLE_ASSIGNMENT((#15609));
#15609 = SURFACE_STYLE_USAGE(.BOTH.,#15610);
#15610 = SURFACE_SIDE_STYLE('',(#15611));
#15611 = SURFACE_STYLE_FILL_AREA(#15612);
#15612 = FILL_AREA_STYLE('',(#15613));
#15613 = FILL_AREA_STYLE_COLOUR('',#15614);
#15614 = COLOUR_RGB('',0.313304153717,0.484529207832,0.410020903123);
#15615 = MECHANICAL_DESIGN_GEOMETRIC_PRESENTATION_REPRESENTATION('',(
    #15616,#15624,#15632,#15639,#15647,#15655,#15663,#15670,#15677,
    #15684,#15691,#15698,#15705,#15712,#15719,#15726,#15733,#15740,
    #15747,#15754,#15761,#15768,#15775,#15782,#15789,#15796,#15803,
    #15810,#15817,#15824,#15831,#15838,#15845,#15852,#15859,#15866,
    #15873,#15880,#15887,#15894,#15901,#15908,#15915,#15922,#15929,
    #15936,#15943,#15950,#15957,#15964,#15971,#15978,#15985,#15992,
    #15999,#16006,#16013,#16020,#16027,#16034,#16041,#16048,#16055,
    #16062,#16069,#16076,#16083,#16090,#16097,#16104,#16111,#16118,
    #16125,#16132,#16139,#16146,#16153,#16160,#16167,#16174,#16181,
    #16188,#16195,#16202,#16209,#16216,#16223,#16230),#10178);
#15616 = STYLED_ITEM('color',(#15617),#6533);
#15617 = PRESENTATION_STYLE_ASSIGNMENT((#15618));
#15618 = SURFACE_STYLE_USAGE(.BOTH.,#15619);
#15619 = SURFACE_SIDE_STYLE('',(#15620));
#15620 = SURFACE_STYLE_FILL_AREA(#15621);
#15621 = FILL_AREA_STYLE('',(#15622));
#15622 = FILL_AREA_STYLE_COLOUR('',#15623);
#15623 = COLOUR_RGB('',0.745098043297,0.737254912529,0.729411770324);
#15624 = OVER_RIDING_STYLED_ITEM('overriding color',(#15625),#6577,
  #15616);
#15625 = PRESENTATION_STYLE_ASSIGNMENT((#15626));
#15626 = SURFACE_STYLE_USAGE(.BOTH.,#15627);
#15627 = SURFACE_SIDE_STYLE('',(#15628));
#15628 = SURFACE_STYLE_FILL_AREA(#15629);
#15629 = FILL_AREA_STYLE('',(#15630));
#15630 = FILL_AREA_STYLE_COLOUR('',#15631);
#15631 = COLOUR_RGB('',1.,1.,0.752941164258);
#15632 = OVER_RIDING_STYLED_ITEM('overriding color',(#15633),#6689,
  #15616);
#15633 = PRESENTATION_STYLE_ASSIGNMENT((#15634));
#15634 = SURFACE_STYLE_USAGE(.BOTH.,#15635);
#15635 = SURFACE_SIDE_STYLE('',(#15636));
#15636 = SURFACE_STYLE_FILL_AREA(#15637);
#15637 = FILL_AREA_STYLE('',(#15638));
#15638 = FILL_AREA_STYLE_COLOUR('',#15631);
#15639 = OVER_RIDING_STYLED_ITEM('overriding color',(#15640),#6737,
  #15616);
#15640 = PRESENTATION_STYLE_ASSIGNMENT((#15641));
#15641 = SURFACE_STYLE_USAGE(.BOTH.,#15642);
#15642 = SURFACE_SIDE_STYLE('',(#15643));
#15643 = SURFACE_STYLE_FILL_AREA(#15644);
#15644 = FILL_AREA_STYLE('',(#15645));
#15645 = FILL_AREA_STYLE_COLOUR('',#15646);
#15646 = COLOUR_RGB('',0.749019597622,0.749019597622,0.749019597622);
#15647 = STYLED_ITEM('color',(#15648),#6747);
#15648 = PRESENTATION_STYLE_ASSIGNMENT((#15649));
#15649 = SURFACE_STYLE_USAGE(.BOTH.,#15650);
#15650 = SURFACE_SIDE_STYLE('',(#15651));
#15651 = SURFACE_STYLE_FILL_AREA(#15652);
#15652 = FILL_AREA_STYLE('',(#15653));
#15653 = FILL_AREA_STYLE_COLOUR('',#15654);
#15654 = COLOUR_RGB('',0.960784305148,0.960784305148,0.960784305148);
#15655 = OVER_RIDING_STYLED_ITEM('overriding color',(#15656),#6891,
  #15647);
#15656 = PRESENTATION_STYLE_ASSIGNMENT((#15657));
#15657 = SURFACE_STYLE_USAGE(.BOTH.,#15658);
#15658 = SURFACE_SIDE_STYLE('',(#15659));
#15659 = SURFACE_STYLE_FILL_AREA(#15660);
#15660 = FILL_AREA_STYLE('',(#15661));
#15661 = FILL_AREA_STYLE_COLOUR('',#15662);
#15662 = COLOUR_RGB('',0.796078417252,0.603921572769,0.23137255388);
#15663 = OVER_RIDING_STYLED_ITEM('overriding color',(#15664),#6947,
  #15647);
#15664 = PRESENTATION_STYLE_ASSIGNMENT((#15665));
#15665 = SURFACE_STYLE_USAGE(.BOTH.,#15666);
#15666 = SURFACE_SIDE_STYLE('',(#15667));
#15667 = SURFACE_STYLE_FILL_AREA(#15668);
#15668 = FILL_AREA_STYLE('',(#15669));
#15669 = FILL_AREA_STYLE_COLOUR('',#15662);
#15670 = OVER_RIDING_STYLED_ITEM('overriding color',(#15671),#7029,
  #15647);
#15671 = PRESENTATION_STYLE_ASSIGNMENT((#15672));
#15672 = SURFACE_STYLE_USAGE(.BOTH.,#15673);
#15673 = SURFACE_SIDE_STYLE('',(#15674));
#15674 = SURFACE_STYLE_FILL_AREA(#15675);
#15675 = FILL_AREA_STYLE('',(#15676));
#15676 = FILL_AREA_STYLE_COLOUR('',#15631);
#15677 = OVER_RIDING_STYLED_ITEM('overriding color',(#15678),#7071,
  #15647);
#15678 = PRESENTATION_STYLE_ASSIGNMENT((#15679));
#15679 = SURFACE_STYLE_USAGE(.BOTH.,#15680);
#15680 = SURFACE_SIDE_STYLE('',(#15681));
#15681 = SURFACE_STYLE_FILL_AREA(#15682);
#15682 = FILL_AREA_STYLE('',(#15683));
#15683 = FILL_AREA_STYLE_COLOUR('',#15631);
#15684 = OVER_RIDING_STYLED_ITEM('overriding color',(#15685),#7104,
  #15647);
#15685 = PRESENTATION_STYLE_ASSIGNMENT((#15686));
#15686 = SURFACE_STYLE_USAGE(.BOTH.,#15687);
#15687 = SURFACE_SIDE_STYLE('',(#15688));
#15688 = SURFACE_STYLE_FILL_AREA(#15689);
#15689 = FILL_AREA_STYLE('',(#15690));
#15690 = FILL_AREA_STYLE_COLOUR('',#15623);
#15691 = OVER_RIDING_STYLED_ITEM('overriding color',(#15692),#7146,
  #15647);
#15692 = PRESENTATION_STYLE_ASSIGNMENT((#15693));
#15693 = SURFACE_STYLE_USAGE(.BOTH.,#15694);
#15694 = SURFACE_SIDE_STYLE('',(#15695));
#15695 = SURFACE_STYLE_FILL_AREA(#15696);
#15696 = FILL_AREA_STYLE('',(#15697));
#15697 = FILL_AREA_STYLE_COLOUR('',#15631);
#15698 = OVER_RIDING_STYLED_ITEM('overriding color',(#15699),#7292,
  #15647);
#15699 = PRESENTATION_STYLE_ASSIGNMENT((#15700));
#15700 = SURFACE_STYLE_USAGE(.BOTH.,#15701);
#15701 = SURFACE_SIDE_STYLE('',(#15702));
#15702 = SURFACE_STYLE_FILL_AREA(#15703);
#15703 = FILL_AREA_STYLE('',(#15704));
#15704 = FILL_AREA_STYLE_COLOUR('',#15631);
#15705 = OVER_RIDING_STYLED_ITEM('overriding color',(#15706),#7334,
  #15647);
#15706 = PRESENTATION_STYLE_ASSIGNMENT((#15707));
#15707 = SURFACE_STYLE_USAGE(.BOTH.,#15708);
#15708 = SURFACE_SIDE_STYLE('',(#15709));
#15709 = SURFACE_STYLE_FILL_AREA(#15710);
#15710 = FILL_AREA_STYLE('',(#15711));
#15711 = FILL_AREA_STYLE_COLOUR('',#15623);
#15712 = OVER_RIDING_STYLED_ITEM('overriding color',(#15713),#7424,
  #15647);
#15713 = PRESENTATION_STYLE_ASSIGNMENT((#15714));
#15714 = SURFACE_STYLE_USAGE(.BOTH.,#15715);
#15715 = SURFACE_SIDE_STYLE('',(#15716));
#15716 = SURFACE_STYLE_FILL_AREA(#15717);
#15717 = FILL_AREA_STYLE('',(#15718));
#15718 = FILL_AREA_STYLE_COLOUR('',#15623);
#15719 = OVER_RIDING_STYLED_ITEM('overriding color',(#15720),#7456,
  #15647);
#15720 = PRESENTATION_STYLE_ASSIGNMENT((#15721));
#15721 = SURFACE_STYLE_USAGE(.BOTH.,#15722);
#15722 = SURFACE_SIDE_STYLE('',(#15723));
#15723 = SURFACE_STYLE_FILL_AREA(#15724);
#15724 = FILL_AREA_STYLE('',(#15725));
#15725 = FILL_AREA_STYLE_COLOUR('',#15623);
#15726 = OVER_RIDING_STYLED_ITEM('overriding color',(#15727),#7554,
  #15647);
#15727 = PRESENTATION_STYLE_ASSIGNMENT((#15728));
#15728 = SURFACE_STYLE_USAGE(.BOTH.,#15729);
#15729 = SURFACE_SIDE_STYLE('',(#15730));
#15730 = SURFACE_STYLE_FILL_AREA(#15731);
#15731 = FILL_AREA_STYLE('',(#15732));
#15732 = FILL_AREA_STYLE_COLOUR('',#15623);
#15733 = OVER_RIDING_STYLED_ITEM('overriding color',(#15734),#7666,
  #15647);
#15734 = PRESENTATION_STYLE_ASSIGNMENT((#15735));
#15735 = SURFACE_STYLE_USAGE(.BOTH.,#15736);
#15736 = SURFACE_SIDE_STYLE('',(#15737));
#15737 = SURFACE_STYLE_FILL_AREA(#15738);
#15738 = FILL_AREA_STYLE('',(#15739));
#15739 = FILL_AREA_STYLE_COLOUR('',#15662);
#15740 = OVER_RIDING_STYLED_ITEM('overriding color',(#15741),#7704,
  #15647);
#15741 = PRESENTATION_STYLE_ASSIGNMENT((#15742));
#15742 = SURFACE_STYLE_USAGE(.BOTH.,#15743);
#15743 = SURFACE_SIDE_STYLE('',(#15744));
#15744 = SURFACE_STYLE_FILL_AREA(#15745);
#15745 = FILL_AREA_STYLE('',(#15746));
#15746 = FILL_AREA_STYLE_COLOUR('',#15662);
#15747 = OVER_RIDING_STYLED_ITEM('overriding color',(#15748),#7736,
  #15647);
#15748 = PRESENTATION_STYLE_ASSIGNMENT((#15749));
#15749 = SURFACE_STYLE_USAGE(.BOTH.,#15750);
#15750 = SURFACE_SIDE_STYLE('',(#15751));
#15751 = SURFACE_STYLE_FILL_AREA(#15752);
#15752 = FILL_AREA_STYLE('',(#15753));
#15753 = FILL_AREA_STYLE_COLOUR('',#15631);
#15754 = OVER_RIDING_STYLED_ITEM('overriding color',(#15755),#7940,
  #15647);
#15755 = PRESENTATION_STYLE_ASSIGNMENT((#15756));
#15756 = SURFACE_STYLE_USAGE(.BOTH.,#15757);
#15757 = SURFACE_SIDE_STYLE('',(#15758));
#15758 = SURFACE_STYLE_FILL_AREA(#15759);
#15759 = FILL_AREA_STYLE('',(#15760));
#15760 = FILL_AREA_STYLE_COLOUR('',#15623);
#15761 = OVER_RIDING_STYLED_ITEM('overriding color',(#15762),#7971,
  #15647);
#15762 = PRESENTATION_STYLE_ASSIGNMENT((#15763));
#15763 = SURFACE_STYLE_USAGE(.BOTH.,#15764);
#15764 = SURFACE_SIDE_STYLE('',(#15765));
#15765 = SURFACE_STYLE_FILL_AREA(#15766);
#15766 = FILL_AREA_STYLE('',(#15767));
#15767 = FILL_AREA_STYLE_COLOUR('',#15623);
#15768 = OVER_RIDING_STYLED_ITEM('overriding color',(#15769),#8044,
  #15647);
#15769 = PRESENTATION_STYLE_ASSIGNMENT((#15770));
#15770 = SURFACE_STYLE_USAGE(.BOTH.,#15771);
#15771 = SURFACE_SIDE_STYLE('',(#15772));
#15772 = SURFACE_STYLE_FILL_AREA(#15773);
#15773 = FILL_AREA_STYLE('',(#15774));
#15774 = FILL_AREA_STYLE_COLOUR('',#15623);
#15775 = OVER_RIDING_STYLED_ITEM('overriding color',(#15776),#8068,
  #15647);
#15776 = PRESENTATION_STYLE_ASSIGNMENT((#15777));
#15777 = SURFACE_STYLE_USAGE(.BOTH.,#15778);
#15778 = SURFACE_SIDE_STYLE('',(#15779));
#15779 = SURFACE_STYLE_FILL_AREA(#15780);
#15780 = FILL_AREA_STYLE('',(#15781));
#15781 = FILL_AREA_STYLE_COLOUR('',#15623);
#15782 = OVER_RIDING_STYLED_ITEM('overriding color',(#15783),#8134,
  #15647);
#15783 = PRESENTATION_STYLE_ASSIGNMENT((#15784));
#15784 = SURFACE_STYLE_USAGE(.BOTH.,#15785);
#15785 = SURFACE_SIDE_STYLE('',(#15786));
#15786 = SURFACE_STYLE_FILL_AREA(#15787);
#15787 = FILL_AREA_STYLE('',(#15788));
#15788 = FILL_AREA_STYLE_COLOUR('',#15623);
#15789 = OVER_RIDING_STYLED_ITEM('overriding color',(#15790),#8165,
  #15647);
#15790 = PRESENTATION_STYLE_ASSIGNMENT((#15791));
#15791 = SURFACE_STYLE_USAGE(.BOTH.,#15792);
#15792 = SURFACE_SIDE_STYLE('',(#15793));
#15793 = SURFACE_STYLE_FILL_AREA(#15794);
#15794 = FILL_AREA_STYLE('',(#15795));
#15795 = FILL_AREA_STYLE_COLOUR('',#15623);
#15796 = OVER_RIDING_STYLED_ITEM('overriding color',(#15797),#8238,
  #15647);
#15797 = PRESENTATION_STYLE_ASSIGNMENT((#15798));
#15798 = SURFACE_STYLE_USAGE(.BOTH.,#15799);
#15799 = SURFACE_SIDE_STYLE('',(#15800));
#15800 = SURFACE_STYLE_FILL_AREA(#15801);
#15801 = FILL_AREA_STYLE('',(#15802));
#15802 = FILL_AREA_STYLE_COLOUR('',#15623);
#15803 = OVER_RIDING_STYLED_ITEM('overriding color',(#15804),#8262,
  #15647);
#15804 = PRESENTATION_STYLE_ASSIGNMENT((#15805));
#15805 = SURFACE_STYLE_USAGE(.BOTH.,#15806);
#15806 = SURFACE_SIDE_STYLE('',(#15807));
#15807 = SURFACE_STYLE_FILL_AREA(#15808);
#15808 = FILL_AREA_STYLE('',(#15809));
#15809 = FILL_AREA_STYLE_COLOUR('',#15623);
#15810 = OVER_RIDING_STYLED_ITEM('overriding color',(#15811),#8328,
  #15647);
#15811 = PRESENTATION_STYLE_ASSIGNMENT((#15812));
#15812 = SURFACE_STYLE_USAGE(.BOTH.,#15813);
#15813 = SURFACE_SIDE_STYLE('',(#15814));
#15814 = SURFACE_STYLE_FILL_AREA(#15815);
#15815 = FILL_AREA_STYLE('',(#15816));
#15816 = FILL_AREA_STYLE_COLOUR('',#15631);
#15817 = OVER_RIDING_STYLED_ITEM('overriding color',(#15818),#8368,
  #15647);
#15818 = PRESENTATION_STYLE_ASSIGNMENT((#15819));
#15819 = SURFACE_STYLE_USAGE(.BOTH.,#15820);
#15820 = SURFACE_SIDE_STYLE('',(#15821));
#15821 = SURFACE_STYLE_FILL_AREA(#15822);
#15822 = FILL_AREA_STYLE('',(#15823));
#15823 = FILL_AREA_STYLE_COLOUR('',#15631);
#15824 = OVER_RIDING_STYLED_ITEM('overriding color',(#15825),#8424,
  #15647);
#15825 = PRESENTATION_STYLE_ASSIGNMENT((#15826));
#15826 = SURFACE_STYLE_USAGE(.BOTH.,#15827);
#15827 = SURFACE_SIDE_STYLE('',(#15828));
#15828 = SURFACE_STYLE_FILL_AREA(#15829);
#15829 = FILL_AREA_STYLE('',(#15830));
#15830 = FILL_AREA_STYLE_COLOUR('',#15631);
#15831 = OVER_RIDING_STYLED_ITEM('overriding color',(#15832),#8485,
  #15647);
#15832 = PRESENTATION_STYLE_ASSIGNMENT((#15833));
#15833 = SURFACE_STYLE_USAGE(.BOTH.,#15834);
#15834 = SURFACE_SIDE_STYLE('',(#15835));
#15835 = SURFACE_STYLE_FILL_AREA(#15836);
#15836 = FILL_AREA_STYLE('',(#15837));
#15837 = FILL_AREA_STYLE_COLOUR('',#15631);
#15838 = OVER_RIDING_STYLED_ITEM('overriding color',(#15839),#8541,
  #15647);
#15839 = PRESENTATION_STYLE_ASSIGNMENT((#15840));
#15840 = SURFACE_STYLE_USAGE(.BOTH.,#15841);
#15841 = SURFACE_SIDE_STYLE('',(#15842));
#15842 = SURFACE_STYLE_FILL_AREA(#15843);
#15843 = FILL_AREA_STYLE('',(#15844));
#15844 = FILL_AREA_STYLE_COLOUR('',#15631);
#15845 = OVER_RIDING_STYLED_ITEM('overriding color',(#15846),#8574,
  #15647);
#15846 = PRESENTATION_STYLE_ASSIGNMENT((#15847));
#15847 = SURFACE_STYLE_USAGE(.BOTH.,#15848);
#15848 = SURFACE_SIDE_STYLE('',(#15849));
#15849 = SURFACE_STYLE_FILL_AREA(#15850);
#15850 = FILL_AREA_STYLE('',(#15851));
#15851 = FILL_AREA_STYLE_COLOUR('',#15623);
#15852 = OVER_RIDING_STYLED_ITEM('overriding color',(#15853),#8591,
  #15647);
#15853 = PRESENTATION_STYLE_ASSIGNMENT((#15854));
#15854 = SURFACE_STYLE_USAGE(.BOTH.,#15855);
#15855 = SURFACE_SIDE_STYLE('',(#15856));
#15856 = SURFACE_STYLE_FILL_AREA(#15857);
#15857 = FILL_AREA_STYLE('',(#15858));
#15858 = FILL_AREA_STYLE_COLOUR('',#15623);
#15859 = OVER_RIDING_STYLED_ITEM('overriding color',(#15860),#8608,
  #15647);
#15860 = PRESENTATION_STYLE_ASSIGNMENT((#15861));
#15861 = SURFACE_STYLE_USAGE(.BOTH.,#15862);
#15862 = SURFACE_SIDE_STYLE('',(#15863));
#15863 = SURFACE_STYLE_FILL_AREA(#15864);
#15864 = FILL_AREA_STYLE('',(#15865));
#15865 = FILL_AREA_STYLE_COLOUR('',#15623);
#15866 = OVER_RIDING_STYLED_ITEM('overriding color',(#15867),#8625,
  #15647);
#15867 = PRESENTATION_STYLE_ASSIGNMENT((#15868));
#15868 = SURFACE_STYLE_USAGE(.BOTH.,#15869);
#15869 = SURFACE_SIDE_STYLE('',(#15870));
#15870 = SURFACE_STYLE_FILL_AREA(#15871);
#15871 = FILL_AREA_STYLE('',(#15872));
#15872 = FILL_AREA_STYLE_COLOUR('',#15623);
#15873 = OVER_RIDING_STYLED_ITEM('overriding color',(#15874),#8642,
  #15647);
#15874 = PRESENTATION_STYLE_ASSIGNMENT((#15875));
#15875 = SURFACE_STYLE_USAGE(.BOTH.,#15876);
#15876 = SURFACE_SIDE_STYLE('',(#15877));
#15877 = SURFACE_STYLE_FILL_AREA(#15878);
#15878 = FILL_AREA_STYLE('',(#15879));
#15879 = FILL_AREA_STYLE_COLOUR('',#15623);
#15880 = OVER_RIDING_STYLED_ITEM('overriding color',(#15881),#8659,
  #15647);
#15881 = PRESENTATION_STYLE_ASSIGNMENT((#15882));
#15882 = SURFACE_STYLE_USAGE(.BOTH.,#15883);
#15883 = SURFACE_SIDE_STYLE('',(#15884));
#15884 = SURFACE_STYLE_FILL_AREA(#15885);
#15885 = FILL_AREA_STYLE('',(#15886));
#15886 = FILL_AREA_STYLE_COLOUR('',#15623);
#15887 = OVER_RIDING_STYLED_ITEM('overriding color',(#15888),#8676,
  #15647);
#15888 = PRESENTATION_STYLE_ASSIGNMENT((#15889));
#15889 = SURFACE_STYLE_USAGE(.BOTH.,#15890);
#15890 = SURFACE_SIDE_STYLE('',(#15891));
#15891 = SURFACE_STYLE_FILL_AREA(#15892);
#15892 = FILL_AREA_STYLE('',(#15893));
#15893 = FILL_AREA_STYLE_COLOUR('',#15623);
#15894 = OVER_RIDING_STYLED_ITEM('overriding color',(#15895),#8688,
  #15647);
#15895 = PRESENTATION_STYLE_ASSIGNMENT((#15896));
#15896 = SURFACE_STYLE_USAGE(.BOTH.,#15897);
#15897 = SURFACE_SIDE_STYLE('',(#15898));
#15898 = SURFACE_STYLE_FILL_AREA(#15899);
#15899 = FILL_AREA_STYLE('',(#15900));
#15900 = FILL_AREA_STYLE_COLOUR('',#15623);
#15901 = OVER_RIDING_STYLED_ITEM('overriding color',(#15902),#8705,
  #15647);
#15902 = PRESENTATION_STYLE_ASSIGNMENT((#15903));
#15903 = SURFACE_STYLE_USAGE(.BOTH.,#15904);
#15904 = SURFACE_SIDE_STYLE('',(#15905));
#15905 = SURFACE_STYLE_FILL_AREA(#15906);
#15906 = FILL_AREA_STYLE('',(#15907));
#15907 = FILL_AREA_STYLE_COLOUR('',#15623);
#15908 = OVER_RIDING_STYLED_ITEM('overriding color',(#15909),#8722,
  #15647);
#15909 = PRESENTATION_STYLE_ASSIGNMENT((#15910));
#15910 = SURFACE_STYLE_USAGE(.BOTH.,#15911);
#15911 = SURFACE_SIDE_STYLE('',(#15912));
#15912 = SURFACE_STYLE_FILL_AREA(#15913);
#15913 = FILL_AREA_STYLE('',(#15914));
#15914 = FILL_AREA_STYLE_COLOUR('',#15623);
#15915 = OVER_RIDING_STYLED_ITEM('overriding color',(#15916),#8739,
  #15647);
#15916 = PRESENTATION_STYLE_ASSIGNMENT((#15917));
#15917 = SURFACE_STYLE_USAGE(.BOTH.,#15918);
#15918 = SURFACE_SIDE_STYLE('',(#15919));
#15919 = SURFACE_STYLE_FILL_AREA(#15920);
#15920 = FILL_AREA_STYLE('',(#15921));
#15921 = FILL_AREA_STYLE_COLOUR('',#15623);
#15922 = OVER_RIDING_STYLED_ITEM('overriding color',(#15923),#8756,
  #15647);
#15923 = PRESENTATION_STYLE_ASSIGNMENT((#15924));
#15924 = SURFACE_STYLE_USAGE(.BOTH.,#15925);
#15925 = SURFACE_SIDE_STYLE('',(#15926));
#15926 = SURFACE_STYLE_FILL_AREA(#15927);
#15927 = FILL_AREA_STYLE('',(#15928));
#15928 = FILL_AREA_STYLE_COLOUR('',#15623);
#15929 = OVER_RIDING_STYLED_ITEM('overriding color',(#15930),#8773,
  #15647);
#15930 = PRESENTATION_STYLE_ASSIGNMENT((#15931));
#15931 = SURFACE_STYLE_USAGE(.BOTH.,#15932);
#15932 = SURFACE_SIDE_STYLE('',(#15933));
#15933 = SURFACE_STYLE_FILL_AREA(#15934);
#15934 = FILL_AREA_STYLE('',(#15935));
#15935 = FILL_AREA_STYLE_COLOUR('',#15623);
#15936 = OVER_RIDING_STYLED_ITEM('overriding color',(#15937),#8790,
  #15647);
#15937 = PRESENTATION_STYLE_ASSIGNMENT((#15938));
#15938 = SURFACE_STYLE_USAGE(.BOTH.,#15939);
#15939 = SURFACE_SIDE_STYLE('',(#15940));
#15940 = SURFACE_STYLE_FILL_AREA(#15941);
#15941 = FILL_AREA_STYLE('',(#15942));
#15942 = FILL_AREA_STYLE_COLOUR('',#15623);
#15943 = OVER_RIDING_STYLED_ITEM('overriding color',(#15944),#8802,
  #15647);
#15944 = PRESENTATION_STYLE_ASSIGNMENT((#15945));
#15945 = SURFACE_STYLE_USAGE(.BOTH.,#15946);
#15946 = SURFACE_SIDE_STYLE('',(#15947));
#15947 = SURFACE_STYLE_FILL_AREA(#15948);
#15948 = FILL_AREA_STYLE('',(#15949));
#15949 = FILL_AREA_STYLE_COLOUR('',#15631);
#15950 = OVER_RIDING_STYLED_ITEM('overriding color',(#15951),#8827,
  #15647);
#15951 = PRESENTATION_STYLE_ASSIGNMENT((#15952));
#15952 = SURFACE_STYLE_USAGE(.BOTH.,#15953);
#15953 = SURFACE_SIDE_STYLE('',(#15954));
#15954 = SURFACE_STYLE_FILL_AREA(#15955);
#15955 = FILL_AREA_STYLE('',(#15956));
#15956 = FILL_AREA_STYLE_COLOUR('',#15631);
#15957 = OVER_RIDING_STYLED_ITEM('overriding color',(#15958),#8851,
  #15647);
#15958 = PRESENTATION_STYLE_ASSIGNMENT((#15959));
#15959 = SURFACE_STYLE_USAGE(.BOTH.,#15960);
#15960 = SURFACE_SIDE_STYLE('',(#15961));
#15961 = SURFACE_STYLE_FILL_AREA(#15962);
#15962 = FILL_AREA_STYLE('',(#15963));
#15963 = FILL_AREA_STYLE_COLOUR('',#15631);
#15964 = OVER_RIDING_STYLED_ITEM('overriding color',(#15965),#8964,
  #15647);
#15965 = PRESENTATION_STYLE_ASSIGNMENT((#15966));
#15966 = SURFACE_STYLE_USAGE(.BOTH.,#15967);
#15967 = SURFACE_SIDE_STYLE('',(#15968));
#15968 = SURFACE_STYLE_FILL_AREA(#15969);
#15969 = FILL_AREA_STYLE('',(#15970));
#15970 = FILL_AREA_STYLE_COLOUR('',#15631);
#15971 = OVER_RIDING_STYLED_ITEM('overriding color',(#15972),#9039,
  #15647);
#15972 = PRESENTATION_STYLE_ASSIGNMENT((#15973));
#15973 = SURFACE_STYLE_USAGE(.BOTH.,#15974);
#15974 = SURFACE_SIDE_STYLE('',(#15975));
#15975 = SURFACE_STYLE_FILL_AREA(#15976);
#15976 = FILL_AREA_STYLE('',(#15977));
#15977 = FILL_AREA_STYLE_COLOUR('',#15631);
#15978 = OVER_RIDING_STYLED_ITEM('overriding color',(#15979),#9064,
  #15647);
#15979 = PRESENTATION_STYLE_ASSIGNMENT((#15980));
#15980 = SURFACE_STYLE_USAGE(.BOTH.,#15981);
#15981 = SURFACE_SIDE_STYLE('',(#15982));
#15982 = SURFACE_STYLE_FILL_AREA(#15983);
#15983 = FILL_AREA_STYLE('',(#15984));
#15984 = FILL_AREA_STYLE_COLOUR('',#15631);
#15985 = OVER_RIDING_STYLED_ITEM('overriding color',(#15986),#9081,
  #15647);
#15986 = PRESENTATION_STYLE_ASSIGNMENT((#15987));
#15987 = SURFACE_STYLE_USAGE(.BOTH.,#15988);
#15988 = SURFACE_SIDE_STYLE('',(#15989));
#15989 = SURFACE_STYLE_FILL_AREA(#15990);
#15990 = FILL_AREA_STYLE('',(#15991));
#15991 = FILL_AREA_STYLE_COLOUR('',#15631);
#15992 = OVER_RIDING_STYLED_ITEM('overriding color',(#15993),#9093,
  #15647);
#15993 = PRESENTATION_STYLE_ASSIGNMENT((#15994));
#15994 = SURFACE_STYLE_USAGE(.BOTH.,#15995);
#15995 = SURFACE_SIDE_STYLE('',(#15996));
#15996 = SURFACE_STYLE_FILL_AREA(#15997);
#15997 = FILL_AREA_STYLE('',(#15998));
#15998 = FILL_AREA_STYLE_COLOUR('',#15631);
#15999 = OVER_RIDING_STYLED_ITEM('overriding color',(#16000),#9117,
  #15647);
#16000 = PRESENTATION_STYLE_ASSIGNMENT((#16001));
#16001 = SURFACE_STYLE_USAGE(.BOTH.,#16002);
#16002 = SURFACE_SIDE_STYLE('',(#16003));
#16003 = SURFACE_STYLE_FILL_AREA(#16004);
#16004 = FILL_AREA_STYLE('',(#16005));
#16005 = FILL_AREA_STYLE_COLOUR('',#15631);
#16006 = OVER_RIDING_STYLED_ITEM('overriding color',(#16007),#9159,
  #15647);
#16007 = PRESENTATION_STYLE_ASSIGNMENT((#16008));
#16008 = SURFACE_STYLE_USAGE(.BOTH.,#16009);
#16009 = SURFACE_SIDE_STYLE('',(#16010));
#16010 = SURFACE_STYLE_FILL_AREA(#16011);
#16011 = FILL_AREA_STYLE('',(#16012));
#16012 = FILL_AREA_STYLE_COLOUR('',#15631);
#16013 = OVER_RIDING_STYLED_ITEM('overriding color',(#16014),#9171,
  #15647);
#16014 = PRESENTATION_STYLE_ASSIGNMENT((#16015));
#16015 = SURFACE_STYLE_USAGE(.BOTH.,#16016);
#16016 = SURFACE_SIDE_STYLE('',(#16017));
#16017 = SURFACE_STYLE_FILL_AREA(#16018);
#16018 = FILL_AREA_STYLE('',(#16019));
#16019 = FILL_AREA_STYLE_COLOUR('',#15631);
#16020 = OVER_RIDING_STYLED_ITEM('overriding color',(#16021),#9188,
  #15647);
#16021 = PRESENTATION_STYLE_ASSIGNMENT((#16022));
#16022 = SURFACE_STYLE_USAGE(.BOTH.,#16023);
#16023 = SURFACE_SIDE_STYLE('',(#16024));
#16024 = SURFACE_STYLE_FILL_AREA(#16025);
#16025 = FILL_AREA_STYLE('',(#16026));
#16026 = FILL_AREA_STYLE_COLOUR('',#15631);
#16027 = OVER_RIDING_STYLED_ITEM('overriding color',(#16028),#9205,
  #15647);
#16028 = PRESENTATION_STYLE_ASSIGNMENT((#16029));
#16029 = SURFACE_STYLE_USAGE(.BOTH.,#16030);
#16030 = SURFACE_SIDE_STYLE('',(#16031));
#16031 = SURFACE_STYLE_FILL_AREA(#16032);
#16032 = FILL_AREA_STYLE('',(#16033));
#16033 = FILL_AREA_STYLE_COLOUR('',#15623);
#16034 = OVER_RIDING_STYLED_ITEM('overriding color',(#16035),#9223,
  #15647);
#16035 = PRESENTATION_STYLE_ASSIGNMENT((#16036));
#16036 = SURFACE_STYLE_USAGE(.BOTH.,#16037);
#16037 = SURFACE_SIDE_STYLE('',(#16038));
#16038 = SURFACE_STYLE_FILL_AREA(#16039);
#16039 = FILL_AREA_STYLE('',(#16040));
#16040 = FILL_AREA_STYLE_COLOUR('',#15631);
#16041 = OVER_RIDING_STYLED_ITEM('overriding color',(#16042),#9241,
  #15647);
#16042 = PRESENTATION_STYLE_ASSIGNMENT((#16043));
#16043 = SURFACE_STYLE_USAGE(.BOTH.,#16044);
#16044 = SURFACE_SIDE_STYLE('',(#16045));
#16045 = SURFACE_STYLE_FILL_AREA(#16046);
#16046 = FILL_AREA_STYLE('',(#16047));
#16047 = FILL_AREA_STYLE_COLOUR('',#15631);
#16048 = OVER_RIDING_STYLED_ITEM('overriding color',(#16049),#9257,
  #15647);
#16049 = PRESENTATION_STYLE_ASSIGNMENT((#16050));
#16050 = SURFACE_STYLE_USAGE(.BOTH.,#16051);
#16051 = SURFACE_SIDE_STYLE('',(#16052));
#16052 = SURFACE_STYLE_FILL_AREA(#16053);
#16053 = FILL_AREA_STYLE('',(#16054));
#16054 = FILL_AREA_STYLE_COLOUR('',#15631);
#16055 = OVER_RIDING_STYLED_ITEM('overriding color',(#16056),#9275,
  #15647);
#16056 = PRESENTATION_STYLE_ASSIGNMENT((#16057));
#16057 = SURFACE_STYLE_USAGE(.BOTH.,#16058);
#16058 = SURFACE_SIDE_STYLE('',(#16059));
#16059 = SURFACE_STYLE_FILL_AREA(#16060);
#16060 = FILL_AREA_STYLE('',(#16061));
#16061 = FILL_AREA_STYLE_COLOUR('',#15631);
#16062 = OVER_RIDING_STYLED_ITEM('overriding color',(#16063),#9299,
  #15647);
#16063 = PRESENTATION_STYLE_ASSIGNMENT((#16064));
#16064 = SURFACE_STYLE_USAGE(.BOTH.,#16065);
#16065 = SURFACE_SIDE_STYLE('',(#16066));
#16066 = SURFACE_STYLE_FILL_AREA(#16067);
#16067 = FILL_AREA_STYLE('',(#16068));
#16068 = FILL_AREA_STYLE_COLOUR('',#15623);
#16069 = OVER_RIDING_STYLED_ITEM('overriding color',(#16070),#9319,
  #15647);
#16070 = PRESENTATION_STYLE_ASSIGNMENT((#16071));
#16071 = SURFACE_STYLE_USAGE(.BOTH.,#16072);
#16072 = SURFACE_SIDE_STYLE('',(#16073));
#16073 = SURFACE_STYLE_FILL_AREA(#16074);
#16074 = FILL_AREA_STYLE('',(#16075));
#16075 = FILL_AREA_STYLE_COLOUR('',#15631);
#16076 = OVER_RIDING_STYLED_ITEM('overriding color',(#16077),#9356,
  #15647);
#16077 = PRESENTATION_STYLE_ASSIGNMENT((#16078));
#16078 = SURFACE_STYLE_USAGE(.BOTH.,#16079);
#16079 = SURFACE_SIDE_STYLE('',(#16080));
#16080 = SURFACE_STYLE_FILL_AREA(#16081);
#16081 = FILL_AREA_STYLE('',(#16082));
#16082 = FILL_AREA_STYLE_COLOUR('',#15631);
#16083 = OVER_RIDING_STYLED_ITEM('overriding color',(#16084),#9373,
  #15647);
#16084 = PRESENTATION_STYLE_ASSIGNMENT((#16085));
#16085 = SURFACE_STYLE_USAGE(.BOTH.,#16086);
#16086 = SURFACE_SIDE_STYLE('',(#16087));
#16087 = SURFACE_STYLE_FILL_AREA(#16088);
#16088 = FILL_AREA_STYLE('',(#16089));
#16089 = FILL_AREA_STYLE_COLOUR('',#15631);
#16090 = OVER_RIDING_STYLED_ITEM('overriding color',(#16091),#9391,
  #15647);
#16091 = PRESENTATION_STYLE_ASSIGNMENT((#16092));
#16092 = SURFACE_STYLE_USAGE(.BOTH.,#16093);
#16093 = SURFACE_SIDE_STYLE('',(#16094));
#16094 = SURFACE_STYLE_FILL_AREA(#16095);
#16095 = FILL_AREA_STYLE('',(#16096));
#16096 = FILL_AREA_STYLE_COLOUR('',#15623);
#16097 = OVER_RIDING_STYLED_ITEM('overriding color',(#16098),#9433,
  #15647);
#16098 = PRESENTATION_STYLE_ASSIGNMENT((#16099));
#16099 = SURFACE_STYLE_USAGE(.BOTH.,#16100);
#16100 = SURFACE_SIDE_STYLE('',(#16101));
#16101 = SURFACE_STYLE_FILL_AREA(#16102);
#16102 = FILL_AREA_STYLE('',(#16103));
#16103 = FILL_AREA_STYLE_COLOUR('',#15631);
#16104 = OVER_RIDING_STYLED_ITEM('overriding color',(#16105),#9450,
  #15647);
#16105 = PRESENTATION_STYLE_ASSIGNMENT((#16106));
#16106 = SURFACE_STYLE_USAGE(.BOTH.,#16107);
#16107 = SURFACE_SIDE_STYLE('',(#16108));
#16108 = SURFACE_STYLE_FILL_AREA(#16109);
#16109 = FILL_AREA_STYLE('',(#16110));
#16110 = FILL_AREA_STYLE_COLOUR('',#15631);
#16111 = OVER_RIDING_STYLED_ITEM('overriding color',(#16112),#9467,
  #15647);
#16112 = PRESENTATION_STYLE_ASSIGNMENT((#16113));
#16113 = SURFACE_STYLE_USAGE(.BOTH.,#16114);
#16114 = SURFACE_SIDE_STYLE('',(#16115));
#16115 = SURFACE_STYLE_FILL_AREA(#16116);
#16116 = FILL_AREA_STYLE('',(#16117));
#16117 = FILL_AREA_STYLE_COLOUR('',#15631);
#16118 = OVER_RIDING_STYLED_ITEM('overriding color',(#16119),#9487,
  #15647);
#16119 = PRESENTATION_STYLE_ASSIGNMENT((#16120));
#16120 = SURFACE_STYLE_USAGE(.BOTH.,#16121);
#16121 = SURFACE_SIDE_STYLE('',(#16122));
#16122 = SURFACE_STYLE_FILL_AREA(#16123);
#16123 = FILL_AREA_STYLE('',(#16124));
#16124 = FILL_AREA_STYLE_COLOUR('',#15623);
#16125 = OVER_RIDING_STYLED_ITEM('overriding color',(#16126),#9507,
  #15647);
#16126 = PRESENTATION_STYLE_ASSIGNMENT((#16127));
#16127 = SURFACE_STYLE_USAGE(.BOTH.,#16128);
#16128 = SURFACE_SIDE_STYLE('',(#16129));
#16129 = SURFACE_STYLE_FILL_AREA(#16130);
#16130 = FILL_AREA_STYLE('',(#16131));
#16131 = FILL_AREA_STYLE_COLOUR('',#15623);
#16132 = OVER_RIDING_STYLED_ITEM('overriding color',(#16133),#9525,
  #15647);
#16133 = PRESENTATION_STYLE_ASSIGNMENT((#16134));
#16134 = SURFACE_STYLE_USAGE(.BOTH.,#16135);
#16135 = SURFACE_SIDE_STYLE('',(#16136));
#16136 = SURFACE_STYLE_FILL_AREA(#16137);
#16137 = FILL_AREA_STYLE('',(#16138));
#16138 = FILL_AREA_STYLE_COLOUR('',#15623);
#16139 = OVER_RIDING_STYLED_ITEM('overriding color',(#16140),#9543,
  #15647);
#16140 = PRESENTATION_STYLE_ASSIGNMENT((#16141));
#16141 = SURFACE_STYLE_USAGE(.BOTH.,#16142);
#16142 = SURFACE_SIDE_STYLE('',(#16143));
#16143 = SURFACE_STYLE_FILL_AREA(#16144);
#16144 = FILL_AREA_STYLE('',(#16145));
#16145 = FILL_AREA_STYLE_COLOUR('',#15631);
#16146 = OVER_RIDING_STYLED_ITEM('overriding color',(#16147),#9560,
  #15647);
#16147 = PRESENTATION_STYLE_ASSIGNMENT((#16148));
#16148 = SURFACE_STYLE_USAGE(.BOTH.,#16149);
#16149 = SURFACE_SIDE_STYLE('',(#16150));
#16150 = SURFACE_STYLE_FILL_AREA(#16151);
#16151 = FILL_AREA_STYLE('',(#16152));
#16152 = FILL_AREA_STYLE_COLOUR('',#15631);
#16153 = OVER_RIDING_STYLED_ITEM('overriding color',(#16154),#9590,
  #15647);
#16154 = PRESENTATION_STYLE_ASSIGNMENT((#16155));
#16155 = SURFACE_STYLE_USAGE(.BOTH.,#16156);
#16156 = SURFACE_SIDE_STYLE('',(#16157));
#16157 = SURFACE_STYLE_FILL_AREA(#16158);
#16158 = FILL_AREA_STYLE('',(#16159));
#16159 = FILL_AREA_STYLE_COLOUR('',#15623);
#16160 = OVER_RIDING_STYLED_ITEM('overriding color',(#16161),#9608,
  #15647);
#16161 = PRESENTATION_STYLE_ASSIGNMENT((#16162));
#16162 = SURFACE_STYLE_USAGE(.BOTH.,#16163);
#16163 = SURFACE_SIDE_STYLE('',(#16164));
#16164 = SURFACE_STYLE_FILL_AREA(#16165);
#16165 = FILL_AREA_STYLE('',(#16166));
#16166 = FILL_AREA_STYLE_COLOUR('',#15623);
#16167 = OVER_RIDING_STYLED_ITEM('overriding color',(#16168),#9618,
  #15647);
#16168 = PRESENTATION_STYLE_ASSIGNMENT((#16169));
#16169 = SURFACE_STYLE_USAGE(.BOTH.,#16170);
#16170 = SURFACE_SIDE_STYLE('',(#16171));
#16171 = SURFACE_STYLE_FILL_AREA(#16172);
#16172 = FILL_AREA_STYLE('',(#16173));
#16173 = FILL_AREA_STYLE_COLOUR('',#15623);
#16174 = OVER_RIDING_STYLED_ITEM('overriding color',(#16175),#9628,
  #15647);
#16175 = PRESENTATION_STYLE_ASSIGNMENT((#16176));
#16176 = SURFACE_STYLE_USAGE(.BOTH.,#16177);
#16177 = SURFACE_SIDE_STYLE('',(#16178));
#16178 = SURFACE_STYLE_FILL_AREA(#16179);
#16179 = FILL_AREA_STYLE('',(#16180));
#16180 = FILL_AREA_STYLE_COLOUR('',#15646);
#16181 = OVER_RIDING_STYLED_ITEM('overriding color',(#16182),#9798,
  #15647);
#16182 = PRESENTATION_STYLE_ASSIGNMENT((#16183));
#16183 = SURFACE_STYLE_USAGE(.BOTH.,#16184);
#16184 = SURFACE_SIDE_STYLE('',(#16185));
#16185 = SURFACE_STYLE_FILL_AREA(#16186);
#16186 = FILL_AREA_STYLE('',(#16187));
#16187 = FILL_AREA_STYLE_COLOUR('',#15646);
#16188 = OVER_RIDING_STYLED_ITEM('overriding color',(#16189),#9818,
  #15647);
#16189 = PRESENTATION_STYLE_ASSIGNMENT((#16190));
#16190 = SURFACE_STYLE_USAGE(.BOTH.,#16191);
#16191 = SURFACE_SIDE_STYLE('',(#16192));
#16192 = SURFACE_STYLE_FILL_AREA(#16193);
#16193 = FILL_AREA_STYLE('',(#16194));
#16194 = FILL_AREA_STYLE_COLOUR('',#15662);
#16195 = OVER_RIDING_STYLED_ITEM('overriding color',(#16196),#9830,
  #15647);
#16196 = PRESENTATION_STYLE_ASSIGNMENT((#16197));
#16197 = SURFACE_STYLE_USAGE(.BOTH.,#16198);
#16198 = SURFACE_SIDE_STYLE('',(#16199));
#16199 = SURFACE_STYLE_FILL_AREA(#16200);
#16200 = FILL_AREA_STYLE('',(#16201));
#16201 = FILL_AREA_STYLE_COLOUR('',#15662);
#16202 = OVER_RIDING_STYLED_ITEM('overriding color',(#16203),#9860,
  #15647);
#16203 = PRESENTATION_STYLE_ASSIGNMENT((#16204));
#16204 = SURFACE_STYLE_USAGE(.BOTH.,#16205);
#16205 = SURFACE_SIDE_STYLE('',(#16206));
#16206 = SURFACE_STYLE_FILL_AREA(#16207);
#16207 = FILL_AREA_STYLE('',(#16208));
#16208 = FILL_AREA_STYLE_COLOUR('',#15662);
#16209 = OVER_RIDING_STYLED_ITEM('overriding color',(#16210),#9906,
  #15647);
#16210 = PRESENTATION_STYLE_ASSIGNMENT((#16211));
#16211 = SURFACE_STYLE_USAGE(.BOTH.,#16212);
#16212 = SURFACE_SIDE_STYLE('',(#16213));
#16213 = SURFACE_STYLE_FILL_AREA(#16214);
#16214 = FILL_AREA_STYLE('',(#16215));
#16215 = FILL_AREA_STYLE_COLOUR('',#15662);
#16216 = OVER_RIDING_STYLED_ITEM('overriding color',(#16217),#9936,
  #15647);
#16217 = PRESENTATION_STYLE_ASSIGNMENT((#16218));
#16218 = SURFACE_STYLE_USAGE(.BOTH.,#16219);
#16219 = SURFACE_SIDE_STYLE('',(#16220));
#16220 = SURFACE_STYLE_FILL_AREA(#16221);
#16221 = FILL_AREA_STYLE('',(#16222));
#16222 = FILL_AREA_STYLE_COLOUR('',#15662);
#16223 = OVER_RIDING_STYLED_ITEM('overriding color',(#16224),#9954,
  #15647);
#16224 = PRESENTATION_STYLE_ASSIGNMENT((#16225));
#16225 = SURFACE_STYLE_USAGE(.BOTH.,#16226);
#16226 = SURFACE_SIDE_STYLE('',(#16227));
#16227 = SURFACE_STYLE_FILL_AREA(#16228);
#16228 = FILL_AREA_STYLE('',(#16229));
#16229 = FILL_AREA_STYLE_COLOUR('',#15646);
#16230 = STYLED_ITEM('color',(#16231),#9964);
#16231 = PRESENTATION_STYLE_ASSIGNMENT((#16232));
#16232 = SURFACE_STYLE_USAGE(.BOTH.,#16233);
#16233 = SURFACE_SIDE_STYLE('',(#16234));
#16234 = SURFACE_STYLE_FILL_AREA(#16235);
#16235 = FILL_AREA_STYLE('',(#16236));
#16236 = FILL_AREA_STYLE_COLOUR('',#15623);
ENDSEC;
END-ISO-10303-21;
